seller_id,assigned,assign_correct,scs_dist_pooled,scs_conf_pooled,scs_dist_decomp,scs_conf_decomp,W_dist,W_conf,B_s,H_between,item_accuracy,regime,n_stores,n_items_target,n_items_actual,method,eta,tilt,gt_segment,seller_accuracy
0,1,1,0.3929389880542166,0.5028264073873036,0.3929389880542166,0.5028264073873036,0.3929389880542166,0.5028264073873036,1.0,-0.0,0.9,focused,1,30,30,A_real,0.0,easy,1,0.9
1,5,1,0.5123849897212139,0.6046403063709024,0.5123849897212139,0.6046403063709024,0.5123849897212139,0.6046403063709024,1.0,-0.0,0.9333333333333333,focused,1,30,30,A_real,0.0,neutral,5,0.9333333333333332
2,0,1,0.22612509748428258,0.3765064853354116,0.22612509748428258,0.3765064853354116,0.22612509748428258,0.3765064853354116,1.0,-0.0,0.7,focused,1,30,30,A_real,0.0,hard,0,0.7
3,2,1,0.4650825115723596,0.5438422170303916,0.4650825115723596,0.5438422170303916,0.4650825115723596,0.5438422170303916,1.0,-0.0,0.9,focused,1,30,30,A_real,0.0,easy,2,0.9
4,0,1,0.3134623794037412,0.4241209369156486,0.31346237940374116,0.4241209369156486,0.31346237940374116,0.4241209369156486,1.0,-0.0,0.8666666666666667,focused,1,30,30,A_real,0.0,neutral,0,0.8666666666666667
5,4,1,0.3492840714808078,0.4542987264877808,0.3492840714808078,0.4542987264877808,0.3492840714808078,0.4542987264877808,1.0,-0.0,0.7666666666666667,focused,1,30,30,A_real,0.0,hard,4,0.7666666666666667
6,2,1,0.2958449497872879,0.4622949393391642,0.2958449497872879,0.46229493933916416,0.2958449497872879,0.46229493933916416,1.0,-0.0,0.9666666666666667,focused,1,30,30,A_real,0.0,easy,2,0.9666666666666668
7,9,1,0.20942217338193095,0.36257803320309423,0.20942217338193095,0.36257803320309423,0.20942217338193095,0.36257803320309423,1.0,-0.0,0.8333333333333334,focused,1,30,30,A_real,0.0,neutral,9,0.8333333333333334
8,3,1,0.282525500956931,0.3723228391970109,0.282525500956931,0.3723228391970109,0.282525500956931,0.3723228391970109,1.0,-0.0,0.6666666666666666,focused,1,30,30,A_real,0.0,hard,3,0.6666666666666666
9,5,1,0.6272020881255279,0.6895854027699502,0.6272020881255279,0.6895854027699502,0.6272020881255279,0.6895854027699502,1.0,-0.0,0.9666666666666667,focused,1,30,30,A_real,0.0,easy,5,0.9666666666666668
10,4,1,0.30278784158062844,0.4320906646912434,0.30278784158062844,0.4320906646912434,0.30278784158062844,0.4320906646912434,1.0,-0.0,0.8666666666666667,focused,1,30,30,A_real,0.0,neutral,4,0.8666666666666667
11,0,1,0.3795422458744417,0.4712333348245051,0.3795422458744417,0.4712333348245051,0.3795422458744417,0.4712333348245051,1.0,-0.0,0.8,focused,1,30,30,A_real,0.0,hard,0,0.8
12,10,1,0.4779214995452897,0.5794324290958404,0.4779214995452897,0.5794324290958404,0.4779214995452897,0.5794324290958404,1.0,-0.0,0.9666666666666667,focused,1,30,30,A_real,0.0,easy,10,0.9666666666666668
13,5,1,0.35017922696358816,0.5206055344956801,0.35017922696358816,0.5206055344956801,0.35017922696358816,0.5206055344956801,1.0,-0.0,0.9666666666666667,focused,1,30,30,A_real,0.0,neutral,5,0.9666666666666668
14,7,1,0.1599406934270086,0.3312239795037514,0.1599406934270086,0.3312239795037514,0.1599406934270086,0.3312239795037514,1.0,-0.0,0.5666666666666667,focused,1,30,30,A_real,0.0,hard,7,0.5666666666666667
15,8,1,0.4779214995452896,0.5646820986954904,0.4779214995452896,0.5646820986954904,0.4779214995452896,0.5646820986954904,1.0,-0.0,0.8666666666666667,focused,1,30,30,A_real,0.0,easy,8,0.8666666666666667
16,9,1,0.29449572626421966,0.5122290501898944,0.29449572626421966,0.5122290501898944,0.29449572626421966,0.5122290501898944,1.0,-0.0,0.9,focused,1,30,30,A_real,0.0,neutral,9,0.9
17,4,1,0.29656366600804973,0.4182469348309084,0.29656366600804973,0.4182469348309084,0.29656366600804973,0.4182469348309084,1.0,-0.0,0.7666666666666667,focused,1,30,30,A_real,0.0,hard,4,0.7666666666666667
18,8,1,0.35117575894490255,0.44711510516035613,0.35117575894490255,0.44711510516035613,0.35117575894490255,0.44711510516035613,1.0,-0.0,0.8666666666666667,focused,1,30,30,A_real,0.0,easy,8,0.8666666666666667
19,2,1,0.4433960170291976,0.5433767847822413,0.4433960170291976,0.5433767847822413,0.4433960170291976,0.5433767847822413,1.0,-0.0,0.9,focused,1,30,30,A_real,0.0,neutral,2,0.9
20,4,1,0.2946742538221404,0.4300412495941934,0.2946742538221404,0.4300412495941934,0.2946742538221404,0.4300412495941934,1.0,-0.0,0.8666666666666667,focused,1,30,30,A_real,0.0,hard,4,0.8666666666666667
21,1,1,0.45743219254092743,0.5584975834600189,0.45743219254092743,0.5584975834600189,0.45743219254092743,0.5584975834600189,1.0,-0.0,0.9666666666666667,focused,1,30,30,A_real,0.0,easy,1,0.9666666666666668
22,6,1,0.33113199395725734,0.44140714393492025,0.33113199395725734,0.44140714393492025,0.33113199395725734,0.44140714393492025,1.0,-0.0,0.8666666666666667,focused,1,30,30,A_real,0.0,neutral,6,0.8666666666666667
23,3,1,0.19046393037205742,0.32571082939650564,0.19046393037205742,0.3257108293965056,0.19046393037205742,0.3257108293965056,1.0,-0.0,0.7333333333333333,focused,1,30,30,A_real,0.0,hard,3,0.7333333333333333
24,1,1,0.5905121782115593,0.6559182355371117,0.5905121782115593,0.6559182355371117,0.5905121782115593,0.6559182355371117,1.0,-0.0,0.8666666666666667,focused,1,30,30,A_real,0.0,easy,1,0.8666666666666667
25,5,1,0.4698466303457333,0.5632448208352726,0.4698466303457333,0.5632448208352726,0.4698466303457333,0.5632448208352726,1.0,-0.0,0.9666666666666667,focused,1,30,30,A_real,0.0,neutral,5,0.9666666666666668
26,9,1,0.3795422458744417,0.4830182317986771,0.3795422458744417,0.48301823179867703,0.3795422458744417,0.48301823179867703,1.0,-0.0,0.8,focused,1,30,30,A_real,0.0,hard,9,0.8
27,8,1,0.6480720909178477,0.700584707570961,0.6480720909178477,0.700584707570961,0.6480720909178477,0.700584707570961,1.0,-0.0,0.9666666666666667,focused,1,30,30,A_real,0.0,easy,8,0.9666666666666668
28,0,1,0.24165525641197763,0.3816321109719937,0.24165525641197763,0.3816321109719937,0.24165525641197763,0.3816321109719937,1.0,-0.0,0.7666666666666667,focused,1,30,30,A_real,0.0,neutral,0,0.7666666666666667
29,3,1,0.2601552636088218,0.38699235621161143,0.2601552636088218,0.38699235621161143,0.2601552636088218,0.38699235621161143,1.0,-0.0,0.7666666666666667,focused,1,30,30,A_real,0.0,hard,3,0.7666666666666667
30,2,1,0.382071269148129,0.542273085587575,0.382071269148129,0.5422730855875751,0.382071269148129,0.5422730855875751,1.0,-0.0,0.9666666666666667,focused,1,30,30,A_real,0.0,easy,2,0.9666666666666668
31,3,1,0.26317472108577455,0.37613731071764456,0.26317472108577455,0.37613731071764456,0.26317472108577455,0.37613731071764456,1.0,-0.0,0.8666666666666667,focused,1,30,30,A_real,0.0,neutral,3,0.8666666666666667
32,4,1,0.3706770447886082,0.451206423336403,0.3706770447886082,0.451206423336403,0.3706770447886082,0.451206423336403,1.0,-0.0,0.8666666666666667,focused,1,30,30,A_real,0.0,hard,4,0.8666666666666667
33,8,1,0.2670612071725787,0.4569261341051809,0.2670612071725787,0.45692613410518085,0.2670612071725787,0.45692613410518085,1.0,-0.0,0.7666666666666667,focused,1,30,30,A_real,0.0,easy,8,0.7666666666666667
34,6,1,0.2796032556300709,0.4486603301368842,0.2796032556300709,0.4486603301368842,0.2796032556300709,0.4486603301368842,1.0,-0.0,0.8333333333333334,focused,1,30,30,A_real,0.0,neutral,6,0.8333333333333334
35,3,1,0.300408111023424,0.3746552213050956,0.300408111023424,0.3746552213050956,0.300408111023424,0.3746552213050956,1.0,-0.0,0.8666666666666667,focused,1,30,30,A_real,0.0,hard,3,0.8666666666666667
36,1,1,0.7497074640704259,0.7656355043938824,0.7497074640704259,0.7656355043938824,0.7497074640704259,0.7656355043938824,1.0,-0.0,0.9666666666666667,focused,1,30,30,A_real,0.0,easy,1,0.9666666666666668
37,6,1,0.25794646674868366,0.4001191037078475,0.25794646674868366,0.4001191037078475,0.25794646674868366,0.4001191037078475,1.0,-0.0,0.7666666666666667,focused,1,30,30,A_real,0.0,neutral,6,0.7666666666666667
38,3,1,0.17387097531994028,0.31226212704836415,0.17387097531994028,0.31226212704836415,0.17387097531994028,0.31226212704836415,1.0,-0.0,0.7,focused,1,30,30,A_real,0.0,hard,3,0.7
39,10,1,0.3706770447886082,0.48546983263707594,0.3706770447886082,0.48546983263707594,0.3706770447886082,0.48546983263707594,1.0,-0.0,1.0,focused,1,30,30,A_real,0.0,easy,10,1.0
40,5,1,0.5652199581613923,0.6152694333928915,0.5652199581613923,0.6152694333928915,0.5652199581613923,0.6152694333928915,1.0,-0.0,0.91,focused,1,100,100,A_real,0.0,easy,5,0.91
41,6,1,0.3094785849721547,0.4525692749903586,0.3094785849721547,0.4525692749903586,0.3094785849721547,0.4525692749903586,1.0,-0.0,0.86,focused,1,100,100,A_real,0.0,neutral,6,0.86
42,9,1,0.27198052784903104,0.3860340667345885,0.27198052784903104,0.3860340667345885,0.27198052784903104,0.3860340667345885,1.0,-0.0,0.85,focused,1,100,100,A_real,0.0,hard,9,0.85
43,2,1,0.35911926996371396,0.4640408977691414,0.359119269963714,0.4640408977691414,0.359119269963714,0.4640408977691414,1.0,-0.0,0.91,focused,1,100,100,A_real,0.0,easy,2,0.91
44,1,1,0.6877892080522539,0.7202407665904457,0.6877892080522539,0.7202407665904457,0.6877892080522539,0.7202407665904457,1.0,-0.0,0.98,focused,1,100,100,A_real,0.0,neutral,1,0.98
45,3,1,0.15879818429561474,0.3007749809945385,0.15879818429561474,0.3007749809945385,0.15879818429561474,0.3007749809945385,1.0,-0.0,0.75,focused,1,100,100,A_real,0.0,hard,3,0.75
46,2,1,0.42661773302619804,0.49374947889599113,0.42661773302619804,0.49374947889599113,0.42661773302619804,0.49374947889599113,1.0,-0.0,0.9,focused,1,100,100,A_real,0.0,easy,2,0.9
47,8,1,0.24413305902584764,0.423623636890979,0.24413305902584764,0.423623636890979,0.24413305902584764,0.423623636890979,1.0,-0.0,0.89,focused,1,100,100,A_real,0.0,neutral,8,0.89
48,9,1,0.46995896650175967,0.5286463701016231,0.46995896650175967,0.5286463701016231,0.46995896650175967,0.5286463701016231,1.0,-0.0,0.9,focused,1,100,100,A_real,0.0,hard,9,0.9
49,2,1,0.30530200196329016,0.44242142193278255,0.30530200196329016,0.44242142193278255,0.30530200196329016,0.44242142193278255,1.0,-0.0,0.89,focused,1,100,100,A_real,0.0,easy,2,0.89
50,8,1,0.6095025573246536,0.6459175922948102,0.6095025573246536,0.6459175922948102,0.6095025573246536,0.6459175922948102,1.0,-0.0,0.92,focused,1,100,100,A_real,0.0,neutral,8,0.92
51,9,1,0.24173221758885122,0.38185778389322217,0.2417322175888512,0.38185778389322217,0.2417322175888512,0.38185778389322217,1.0,-0.0,0.85,focused,1,100,100,A_real,0.0,hard,9,0.85
52,10,1,0.4837947763746745,0.5644065338870119,0.48379477637467455,0.5644065338870119,0.48379477637467455,0.5644065338870119,1.0,-0.0,0.93,focused,1,100,100,A_real,0.0,easy,10,0.93
53,10,1,0.38706532043997927,0.5041022159273937,0.38706532043997927,0.5041022159273937,0.38706532043997927,0.5041022159273937,1.0,-0.0,0.93,focused,1,100,100,A_real,0.0,neutral,10,0.93
54,0,1,0.2458578078064415,0.3696502005426167,0.2458578078064415,0.3696502005426167,0.2458578078064415,0.3696502005426167,1.0,-0.0,0.83,focused,1,100,100,A_real,0.0,hard,0,0.83
55,8,1,0.41290454762868706,0.4852021333698037,0.41290454762868706,0.48520213336980367,0.41290454762868706,0.48520213336980367,1.0,-0.0,0.93,focused,1,100,100,A_real,0.0,easy,8,0.93
56,6,1,0.6579401947357731,0.6962704246830533,0.657940194735773,0.6962704246830533,0.657940194735773,0.6962704246830533,1.0,-0.0,0.92,focused,1,100,100,A_real,0.0,neutral,6,0.92
57,7,1,0.3114303599799344,0.42509734727461784,0.3114303599799344,0.42509734727461784,0.3114303599799344,0.42509734727461784,1.0,-0.0,0.87,focused,1,100,100,A_real,0.0,hard,7,0.87
58,1,1,0.3828818986328727,0.5047707675269286,0.3828818986328727,0.5047707675269286,0.3828818986328727,0.5047707675269286,1.0,-0.0,0.97,focused,1,100,100,A_real,0.0,easy,1,0.97
59,0,1,0.2892176951951205,0.3909746464962504,0.2892176951951205,0.3909746464962504,0.2892176951951205,0.3909746464962504,1.0,-0.0,0.83,focused,1,100,100,A_real,0.0,neutral,0,0.83
60,4,1,0.2764035683390721,0.3705327307790192,0.2764035683390721,0.3705327307790192,0.2764035683390721,0.3705327307790192,1.0,-0.0,0.76,focused,1,100,100,A_real,0.0,hard,4,0.76
61,8,1,0.21687054442860057,0.36023613114032327,0.21687054442860057,0.36023613114032327,0.21687054442860057,0.36023613114032327,1.0,-0.0,0.88,focused,1,100,100,A_real,0.0,easy,8,0.88
62,1,1,0.2754669604525568,0.42111095851476815,0.2754669604525568,0.4211109585147682,0.2754669604525568,0.4211109585147682,1.0,-0.0,0.92,focused,1,100,100,A_real,0.0,neutral,1,0.92
63,3,1,0.2884722480970575,0.36006801634286645,0.2884722480970575,0.36006801634286645,0.2884722480970575,0.36006801634286645,1.0,-0.0,0.74,focused,1,100,100,A_real,0.0,hard,3,0.74
64,1,1,0.40771885729817803,0.5074796438082877,0.40771885729817803,0.5074796438082877,0.40771885729817803,0.5074796438082877,1.0,-0.0,0.95,focused,1,100,100,A_real,0.0,easy,1,0.95
65,9,1,0.2673665809976764,0.40070110471432124,0.2673665809976764,0.40070110471432124,0.2673665809976764,0.40070110471432124,1.0,-0.0,0.83,focused,1,100,100,A_real,0.0,neutral,9,0.83
66,0,1,0.43903480000533296,0.4944817459945068,0.4390348000053329,0.4944817459945068,0.4390348000053329,0.4944817459945068,1.0,-0.0,0.88,focused,1,100,100,A_real,0.0,hard,0,0.88
67,6,1,0.4922845883435145,0.553377239947932,0.4922845883435145,0.553377239947932,0.4922845883435145,0.553377239947932,1.0,-0.0,0.92,focused,1,100,100,A_real,0.0,easy,6,0.92
68,4,1,0.2752384349581381,0.3980464077915769,0.2752384349581381,0.39804640779157696,0.2752384349581381,0.39804640779157696,1.0,-0.0,0.85,focused,1,100,100,A_real,0.0,neutral,4,0.85
69,7,1,0.2735923504663007,0.40013756263881595,0.2735923504663007,0.40013756263881595,0.2735923504663007,0.40013756263881595,1.0,-0.0,0.85,focused,1,100,100,A_real,0.0,hard,7,0.85
70,1,1,0.5424974776087064,0.5990202540083952,0.5424974776087064,0.5990202540083952,0.5424974776087064,0.5990202540083952,1.0,-0.0,0.96,focused,1,100,100,A_real,0.0,easy,1,0.96
71,9,1,0.5257359756976913,0.5655119998820956,0.5257359756976913,0.5655119998820956,0.5257359756976913,0.5655119998820956,1.0,-0.0,0.91,focused,1,100,100,A_real,0.0,neutral,9,0.91
72,9,1,0.20682517820216006,0.36815298647724487,0.20682517820216006,0.36815298647724487,0.20682517820216006,0.36815298647724487,1.0,-0.0,0.82,focused,1,100,100,A_real,0.0,hard,9,0.82
73,6,1,0.451830435259319,0.5264444146561491,0.451830435259319,0.5264444146561491,0.451830435259319,0.5264444146561491,1.0,-0.0,0.87,focused,1,100,100,A_real,0.0,easy,6,0.87
74,10,1,0.2832489058190503,0.4396904690378775,0.2832489058190503,0.4396904690378775,0.2832489058190503,0.4396904690378775,1.0,-0.0,0.95,focused,1,100,100,A_real,0.0,neutral,10,0.95
75,0,1,0.32375080275104057,0.46277647225411034,0.3237508027510405,0.4627764722541103,0.3237508027510405,0.4627764722541103,1.0,-0.0,0.88,focused,1,100,100,A_real,0.0,hard,0,0.88
76,10,1,0.3029401806305276,0.4420869637878419,0.3029401806305276,0.4420869637878419,0.3029401806305276,0.4420869637878419,1.0,-0.0,0.9,focused,1,100,100,A_real,0.0,easy,10,0.9
77,5,1,0.5299365988886677,0.6190837069847598,0.5299365988886677,0.6190837069847598,0.5299365988886677,0.6190837069847598,1.0,-0.0,0.96,focused,1,100,100,A_real,0.0,neutral,5,0.96
78,0,1,0.32854170257156984,0.4389888832946325,0.3285417025715699,0.4389888832946325,0.3285417025715699,0.4389888832946325,1.0,-0.0,0.8,focused,1,100,100,A_real,0.0,hard,0,0.8
79,2,1,0.2893736003130887,0.4755274607768185,0.2893736003130887,0.4755274607768185,0.2893736003130887,0.4755274607768185,1.0,-0.0,0.91,focused,1,100,100,A_real,0.0,easy,2,0.91
80,2,1,0.2865568154550759,0.4718138335503928,0.2865568154550759,0.4718138335503928,0.2865568154550759,0.4718138335503928,1.0,-0.0,0.9233333333333333,focused,1,300,300,A_real,0.0,easy,2,0.9233333333333332
81,1,1,0.46421703849694584,0.540199089351043,0.4642170384969458,0.540199089351043,0.4642170384969458,0.540199089351043,1.0,-0.0,0.9633333333333334,focused,1,300,300,A_real,0.0,neutral,1,0.9633333333333334
82,0,1,0.30389569987737935,0.3920803057648596,0.30389569987737935,0.3920803057648596,0.30389569987737935,0.3920803057648596,1.0,-0.0,0.84,focused,1,300,300,A_real,0.0,hard,0,0.84
83,2,1,0.24355693139026396,0.39289896012501324,0.24355693139026394,0.39289896012501324,0.24355693139026394,0.39289896012501324,1.0,-0.0,0.8633333333333333,focused,1,300,300,A_real,0.0,easy,2,0.8633333333333333
84,3,1,0.23161658193412188,0.32330295504964535,0.23161658193412188,0.32330295504964535,0.23161658193412188,0.32330295504964535,1.0,-0.0,0.7033333333333334,focused,1,300,300,A_real,0.0,neutral,3,0.7033333333333334
85,0,1,0.2606624392107023,0.37723424767540026,0.2606624392107023,0.37723424767540026,0.2606624392107023,0.37723424767540026,1.0,-0.0,0.8233333333333334,focused,1,300,300,A_real,0.0,hard,0,0.8233333333333334
86,8,1,0.305529155794603,0.43902316841181,0.305529155794603,0.43902316841180994,0.305529155794603,0.43902316841180994,1.0,-0.0,0.9166666666666666,focused,1,300,300,A_real,0.0,easy,8,0.9166666666666666
87,3,1,0.27749544068314763,0.35481417213509564,0.27749544068314763,0.35481417213509564,0.27749544068314763,0.35481417213509564,1.0,-0.0,0.7866666666666666,focused,1,300,300,A_real,0.0,neutral,3,0.7866666666666666
88,7,1,0.3409810466332609,0.4310035668414833,0.3409810466332609,0.4310035668414832,0.3409810466332609,0.4310035668414832,1.0,-0.0,0.8366666666666667,focused,1,300,300,A_real,0.0,hard,7,0.8366666666666667
89,6,1,0.3095915142120728,0.44738329788584075,0.3095915142120728,0.44738329788584075,0.3095915142120728,0.44738329788584075,1.0,-0.0,0.88,focused,1,300,300,A_real,0.0,easy,6,0.88
90,10,1,0.6925867729384447,0.7137632856022952,0.6925867729384447,0.7137632856022952,0.6925867729384447,0.7137632856022952,1.0,-0.0,0.9566666666666667,focused,1,300,300,A_real,0.0,neutral,10,0.9566666666666668
91,0,1,0.3575965198352742,0.43516908732991477,0.3575965198352742,0.4351690873299148,0.3575965198352742,0.4351690873299148,1.0,-0.0,0.8266666666666667,focused,1,300,300,A_real,0.0,hard,0,0.8266666666666667
92,8,1,0.28985160646875086,0.4119648863074894,0.28985160646875086,0.4119648863074894,0.28985160646875086,0.4119648863074894,1.0,-0.0,0.8933333333333333,focused,1,300,300,A_real,0.0,easy,8,0.8933333333333333
93,0,1,0.3538794998491966,0.4283802786696147,0.3538794998491966,0.42838027866961476,0.3538794998491966,0.42838027866961476,1.0,-0.0,0.8266666666666667,focused,1,300,300,A_real,0.0,neutral,0,0.8266666666666667
94,3,1,0.2635167616675551,0.3547420567518863,0.2635167616675551,0.3547420567518863,0.2635167616675551,0.3547420567518863,1.0,-0.0,0.7333333333333333,focused,1,300,300,A_real,0.0,hard,3,0.7333333333333333
95,1,1,0.6275808341940652,0.6660516792176961,0.6275808341940652,0.6660516792176961,0.6275808341940652,0.6660516792176961,1.0,-0.0,0.95,focused,1,300,300,A_real,0.0,easy,1,0.95
96,8,1,0.5849607408698678,0.6144903848894874,0.5849607408698678,0.6144903848894874,0.5849607408698678,0.6144903848894874,1.0,-0.0,0.9333333333333333,focused,1,300,300,A_real,0.0,neutral,8,0.9333333333333332
97,9,1,0.28970775010646493,0.4075319749633705,0.28970775010646493,0.4075319749633705,0.28970775010646493,0.4075319749633705,1.0,-0.0,0.8966666666666666,focused,1,300,300,A_real,0.0,hard,9,0.8966666666666666
98,8,1,0.3831094110254505,0.47722110932327366,0.3831094110254505,0.4772211093232736,0.3831094110254505,0.4772211093232736,1.0,-0.0,0.8833333333333333,focused,1,300,300,A_real,0.0,easy,8,0.8833333333333333
99,6,1,0.3935984642907521,0.5255873126513698,0.3935984642907521,0.5255873126513698,0.3935984642907521,0.5255873126513698,1.0,-0.0,0.9333333333333333,focused,1,300,300,A_real,0.0,neutral,6,0.9333333333333332
100,0,1,0.36327730886106985,0.437965530428268,0.36327730886106985,0.4379655304282681,0.36327730886106985,0.4379655304282681,1.0,-0.0,0.82,focused,1,300,300,A_real,0.0,hard,0,0.82
101,1,1,0.43452136242624884,0.5234079981998382,0.43452136242624884,0.5234079981998382,0.43452136242624884,0.5234079981998382,1.0,-0.0,0.9466666666666667,focused,1,300,300,A_real,0.0,easy,1,0.9466666666666668
102,1,1,0.5715822039045438,0.6185982131793389,0.5715822039045438,0.6185982131793389,0.5715822039045438,0.6185982131793389,1.0,-0.0,0.9366666666666666,focused,1,300,300,A_real,0.0,neutral,1,0.9366666666666666
103,7,1,0.19620135916268033,0.3440583858064186,0.19620135916268033,0.3440583858064186,0.19620135916268033,0.3440583858064186,1.0,-0.0,0.8333333333333334,focused,1,300,300,A_real,0.0,hard,7,0.8333333333333334
104,6,1,0.45220282785306887,0.5254644787110836,0.4522028278530688,0.5254644787110836,0.4522028278530688,0.5254644787110836,1.0,-0.0,0.88,focused,1,300,300,A_real,0.0,easy,6,0.88
105,0,1,0.3582048108175311,0.4288397559263921,0.3582048108175311,0.42883975592639206,0.3582048108175311,0.42883975592639206,1.0,-0.0,0.8366666666666667,focused,1,300,300,A_real,0.0,neutral,0,0.8366666666666667
106,0,1,0.49708429995153736,0.5279228796048581,0.4970842999515373,0.5279228796048581,0.4970842999515373,0.5279228796048581,1.0,-0.0,0.8433333333333334,focused,1,300,300,A_real,0.0,hard,0,0.8433333333333334
107,2,1,0.5235956233675366,0.5692232081899209,0.5235956233675366,0.5692232081899209,0.5235956233675366,0.5692232081899209,1.0,-0.0,0.8666666666666667,focused,1,300,300,A_real,0.0,easy,2,0.8666666666666667
108,10,1,0.5012283676166502,0.5587093715029863,0.5012283676166502,0.5587093715029863,0.5012283676166502,0.5587093715029863,1.0,-0.0,0.9266666666666666,focused,1,300,300,A_real,0.0,neutral,10,0.9266666666666666
109,9,1,0.29634968485252794,0.42446878355617007,0.29634968485252794,0.42446878355617007,0.29634968485252794,0.42446878355617007,1.0,-0.0,0.8533333333333334,focused,1,300,300,A_real,0.0,hard,9,0.8533333333333334
110,5,1,0.3577173790395469,0.4607014520309174,0.3577173790395469,0.46070145203091734,0.3577173790395469,0.46070145203091734,1.0,-0.0,0.9266666666666666,focused,1,300,300,A_real,0.0,easy,5,0.9266666666666666
111,6,1,0.2729884240165589,0.42407488662431514,0.2729884240165589,0.42407488662431514,0.2729884240165589,0.42407488662431514,1.0,-0.0,0.8966666666666666,focused,1,300,300,A_real,0.0,neutral,6,0.8966666666666666
112,9,1,0.35428653631900897,0.461822540320405,0.35428653631900897,0.46182254032040493,0.35428653631900897,0.46182254032040493,1.0,-0.0,0.8966666666666666,focused,1,300,300,A_real,0.0,hard,9,0.8966666666666666
113,10,1,0.45421075338049016,0.5320796802478905,0.45421075338049016,0.5320796802478905,0.45421075338049016,0.5320796802478905,1.0,-0.0,0.9466666666666667,focused,1,300,300,A_real,0.0,easy,10,0.9466666666666668
114,6,1,0.445277191422654,0.5203627631019286,0.445277191422654,0.5203627631019286,0.445277191422654,0.5203627631019286,1.0,-0.0,0.92,focused,1,300,300,A_real,0.0,neutral,6,0.92
115,0,1,0.2407438823950982,0.37276583319494727,0.2407438823950982,0.37276583319494727,0.2407438823950982,0.37276583319494727,1.0,-0.0,0.83,focused,1,300,300,A_real,0.0,hard,0,0.83
116,8,1,0.23840913329993554,0.3751863712652295,0.23840913329993554,0.3751863712652295,0.23840913329993554,0.3751863712652295,1.0,-0.0,0.8766666666666667,focused,1,300,300,A_real,0.0,easy,8,0.8766666666666667
117,9,1,0.3636617288064342,0.4500563714214341,0.3636617288064342,0.45005637142143406,0.3636617288064342,0.45005637142143406,1.0,-0.0,0.8433333333333334,focused,1,300,300,A_real,0.0,neutral,9,0.8433333333333334
118,0,1,0.1956056831035085,0.3427817146907891,0.1956056831035085,0.3427817146907891,0.1956056831035085,0.3427817146907891,1.0,-0.0,0.8633333333333333,focused,1,300,300,A_real,0.0,hard,0,0.8633333333333333
119,10,1,0.24602176930644512,0.40645268670263424,0.24602176930644512,0.40645268670263424,0.24602176930644512,0.40645268670263424,1.0,-0.0,0.92,focused,1,300,300,A_real,0.0,easy,10,0.92
120,2,1,0.45743219254092743,0.5582265720396457,0.545507640695975,0.6426040726143578,0.545507640695975,0.6426040726143578,1.0,-0.0,0.9333333333333333,focused,2,30,30,A_real,0.0,easy,2,0.9333333333333332
121,3,1,0.2418932755796451,0.37037910553043746,0.2820905484786581,0.4174702701678887,0.2820905484786581,0.4174702701678887,1.0,-0.0,0.7666666666666667,focused,2,30,30,A_real,0.0,neutral,3,0.7666666666666667
122,9,1,0.2942803975541933,0.4034461667968388,0.3280209006698562,0.4457789295242716,0.3280209006698562,0.4457789295242716,1.0,-0.0,0.8666666666666667,focused,2,30,30,A_real,0.0,hard,9,0.8666666666666667
123,2,1,0.3414119168063692,0.44937584428370175,0.3839940308739808,0.4967197912238889,0.3839940308739808,0.4967197912238889,1.0,-0.0,0.8666666666666667,focused,2,30,30,A_real,0.0,easy,2,0.8666666666666667
124,1,1,0.2803442611279192,0.4229532409496973,0.3425386637815098,0.5042029400371734,0.3425386637815098,0.5042029400371734,1.0,-0.0,0.8666666666666667,focused,2,30,30,A_real,0.0,neutral,1,0.8666666666666667
125,3,1,0.22657518983264996,0.3369348114140808,0.24870798718200868,0.3691190159897332,0.24870798718200868,0.3691190159897332,1.0,-0.0,0.7666666666666667,focused,2,30,30,A_real,0.0,hard,3,0.7666666666666667
126,5,1,0.3213689526518562,0.4617775592424483,0.39007652757808103,0.5400922481517664,0.39007652757808103,0.5400922481517664,1.0,-0.0,0.9333333333333333,focused,2,30,30,A_real,0.0,easy,5,0.9333333333333332
127,6,1,0.4698466303457333,0.5442457673333495,0.5539832073987782,0.6233246893860371,0.5539832073987782,0.6233246893860371,1.0,-0.0,0.9,focused,2,30,30,A_real,0.0,neutral,6,0.9
128,3,1,0.18716926378260612,0.33003683682665824,0.21039797613733907,0.37051834765198455,0.21039797613733907,0.37051834765198455,1.0,-0.0,0.8,focused,2,30,30,A_real,0.0,hard,3,0.8
129,6,1,0.3062284258999428,0.4561495666866329,0.33253290066619606,0.49605952076682913,0.33253290066619606,0.49605952076682913,1.0,-0.0,0.8666666666666667,focused,2,30,30,A_real,0.0,easy,6,0.8666666666666667
130,7,1,0.24517296627845073,0.38442530858544754,0.2700057939624617,0.42237678380193144,0.2700057939624617,0.42237678380193144,1.0,-0.0,0.9,focused,2,30,30,A_real,0.0,neutral,7,0.9
131,3,1,0.17164020036777478,0.3127865292172914,0.19339608706120426,0.3517912741787425,0.19339608706120426,0.3517912741787425,1.0,-0.0,0.6333333333333333,focused,2,30,30,A_real,0.0,hard,3,0.6333333333333333
132,2,1,0.2907820971887344,0.42881581266605673,0.3089032027457338,0.45437943143146964,0.3089032027457338,0.45437943143146964,1.0,-0.0,0.9333333333333333,focused,2,30,30,A_real,0.0,easy,2,0.9333333333333332
133,7,1,0.4529152957423036,0.5184172130393279,0.4892210524254562,0.5577127517912019,0.4892210524254562,0.5577127517912019,1.0,-0.0,0.9,focused,2,30,30,A_real,0.0,neutral,7,0.9
134,7,1,0.3062284258999428,0.4604680030109582,0.3276416096352798,0.49128323537110113,0.3276416096352798,0.49128323537110113,1.0,-0.0,0.9333333333333333,focused,2,30,30,A_real,0.0,hard,7,0.9333333333333332
135,10,1,0.39295680011328,0.5076888748420999,0.43622622215628726,0.5653501206421527,0.43622622215628726,0.5653501206421527,1.0,-0.0,0.9666666666666667,focused,2,30,30,A_real,0.0,easy,10,0.9666666666666668
136,9,1,0.25794646674868366,0.3915627277829826,0.27910045293778524,0.4246100808724916,0.27910045293778524,0.4246100808724916,1.0,-0.0,0.8,focused,2,30,30,A_real,0.0,neutral,9,0.8
137,3,1,0.20200282309533035,0.3499726878090799,0.22080126847382456,0.38251475343701447,0.22080126847382456,0.38251475343701447,1.0,-0.0,0.7,focused,2,30,30,A_real,0.0,hard,3,0.7
138,8,1,0.35437095339952307,0.4780736876807899,0.4027338793452349,0.5407685609326597,0.4027338793452349,0.5407685609326597,1.0,-0.0,0.9333333333333333,focused,2,30,30,A_real,0.0,easy,8,0.9333333333333332
139,0,1,0.23698518017932566,0.3732672465523657,0.2729198787301134,0.41868467101363543,0.2729198787301134,0.41868467101363543,1.0,-0.0,0.8666666666666667,focused,2,30,30,A_real,0.0,neutral,0,0.8666666666666667
140,4,1,0.3177478217106593,0.45906941982311206,0.33253290066619606,0.4812849812265495,0.33253290066619606,0.4812849812265495,1.0,-0.0,0.8,focused,2,30,30,A_real,0.0,hard,4,0.8
141,5,1,0.43129409374399885,0.5363767013974802,0.4431773187927945,0.5489024030843813,0.4431773187927945,0.5489024030843813,1.0,-0.0,0.9,focused,2,30,30,A_real,0.0,easy,5,0.9
142,8,1,0.4124770994049492,0.5096501802510834,0.6148556028478418,0.6819275211507727,0.6148556028478418,0.6819275211507727,1.0,-0.0,0.9,focused,2,30,30,A_real,0.0,neutral,8,0.9
143,7,1,0.3579496663501358,0.47474601853867854,0.44044262891372554,0.5545753596770757,0.44044262891372554,0.5545753596770757,1.0,-0.0,0.9333333333333333,focused,2,30,30,A_real,0.0,hard,7,0.9333333333333332
144,5,1,0.35437095339952307,0.4902098246594213,0.3968065948079436,0.5483333687531418,0.3968065948079436,0.5483333687531418,1.0,-0.0,0.9666666666666667,focused,2,30,30,A_real,0.0,easy,5,0.9666666666666668
145,5,1,0.4529152957423036,0.5432557479818793,0.49956053354904045,0.5966188054001222,0.49956053354904045,0.5966188054001222,1.0,-0.0,0.9666666666666667,focused,2,30,30,A_real,0.0,neutral,5,0.9666666666666668
146,4,1,0.3385320863838608,0.45978581948730946,0.40265720447844205,0.5314547411551699,0.40265720447844205,0.5314547411551699,1.0,-0.0,0.9,focused,2,30,30,A_real,0.0,hard,4,0.9
147,10,1,0.32842228798690054,0.45006568510754663,0.40224716351870776,0.5251802055335233,0.40224716351870776,0.5251802055335233,1.0,-0.0,0.8333333333333334,focused,2,30,30,A_real,0.0,easy,10,0.8333333333333334
148,7,1,0.3496866766842263,0.45194484701159976,0.3721740391434925,0.4785496924718506,0.3721740391434925,0.4785496924718506,1.0,-0.0,0.8333333333333334,focused,2,30,30,A_real,0.0,neutral,7,0.8333333333333334
149,0,1,0.22009512351976585,0.37403903006222766,0.2314631756186327,0.3935761360752975,0.2314631756186327,0.3935761360752975,1.0,-0.0,0.7666666666666667,focused,2,30,30,A_real,0.0,hard,0,0.7666666666666667
150,5,1,0.4698466303457333,0.559503440144376,0.5231137488400667,0.6177675151480014,0.5231137488400667,0.6177675151480014,1.0,-0.0,0.9666666666666667,focused,2,30,30,A_real,0.0,easy,5,0.9666666666666668
151,2,1,0.3385320863838608,0.4398436169638378,0.3576447915320864,0.464223384488096,0.3576447915320864,0.464223384488096,1.0,-0.0,0.7666666666666667,focused,2,30,30,A_real,0.0,neutral,2,0.7666666666666667
152,7,1,0.2250060368101502,0.3382443247804103,0.24266646550380255,0.36450354259605455,0.24266646550380255,0.36450354259605455,1.0,-0.0,0.6666666666666666,focused,2,30,30,A_real,0.0,hard,7,0.6666666666666666
153,1,1,0.5179394656717131,0.5844701569830824,0.5868155616504045,0.6455047058671287,0.5868155616504045,0.6455047058671287,1.0,-0.0,0.9333333333333333,focused,2,30,30,A_real,0.0,easy,1,0.9333333333333332
154,9,1,0.27681918654024035,0.4036283566616021,0.2985320710210058,0.4285046843451609,0.2985320710210058,0.4285046843451609,1.0,-0.0,0.8,focused,2,30,30,A_real,0.0,neutral,9,0.8
155,3,1,0.30679644238334164,0.38416227226988914,0.3365855121956834,0.42035734786506646,0.3365855121956834,0.42035734786506646,1.0,-0.0,0.8666666666666667,focused,2,30,30,A_real,0.0,hard,3,0.8666666666666667
156,6,1,0.5659664713037029,0.6404153082837706,0.6974325820037854,0.756926137540166,0.6974325820037854,0.756926137540166,1.0,-0.0,0.9333333333333333,focused,2,30,30,A_real,0.0,easy,6,0.9333333333333332
157,0,1,0.2861983684437694,0.39079700274660156,0.3046114417837514,0.4159357996657695,0.3046114417837514,0.4159357996657695,1.0,-0.0,0.8333333333333334,focused,2,30,30,A_real,0.0,neutral,0,0.8333333333333334
158,4,1,0.2707333451443462,0.42139427502107996,0.2768197822990918,0.4290414823563909,0.2768197822990918,0.4290414823563909,1.0,-0.0,0.9,focused,2,30,30,A_real,0.0,hard,4,0.9
159,1,1,0.35437095339952307,0.45647699845823414,0.3968065948079436,0.5105563413376727,0.3968065948079436,0.5105563413376727,1.0,-0.0,0.8666666666666667,focused,2,30,30,A_real,0.0,easy,1,0.8666666666666667
160,5,1,0.35893580744565845,0.4720573958071318,0.37471871691905834,0.4922517277188483,0.37471871691905834,0.4922517277188483,1.0,-0.0,0.91,focused,2,100,100,A_real,0.0,easy,5,0.91
161,1,1,0.3015586330774476,0.42905565495491105,0.3222568121147178,0.4586071495014989,0.3222568121147178,0.4586071495014989,1.0,-0.0,0.93,focused,2,100,100,A_real,0.0,neutral,1,0.93
162,7,1,0.3719382502136551,0.4384139144969836,0.3955529307390574,0.4622322783735565,0.3955529307390574,0.4622322783735565,1.0,-0.0,0.85,focused,2,100,100,A_real,0.0,hard,7,0.85
163,8,1,0.2766062929154287,0.38901735488582234,0.29297167137654795,0.41055111029369756,0.29297167137654795,0.41055111029369756,1.0,-0.0,0.88,focused,2,100,100,A_real,0.0,easy,8,0.88
164,10,1,0.6260893254269987,0.6678783546822086,0.6455719755261963,0.688419800954617,0.6455719755261963,0.688419800954617,1.0,-0.0,0.95,focused,2,100,100,A_real,0.0,neutral,10,0.95
165,7,1,0.22877582305348373,0.3576368471601465,0.2491871922858357,0.3845545750965965,0.2491871922858357,0.3845545750965965,1.0,-0.0,0.81,focused,2,100,100,A_real,0.0,hard,7,0.81
166,1,1,0.35404036716434084,0.4502009913108975,0.4426233252778137,0.5255999964203062,0.4426233252778137,0.5255999964203062,1.0,-0.0,0.92,focused,2,100,100,A_real,0.0,easy,1,0.92
167,4,1,0.3228704327969894,0.4119541369146332,0.3330455123962156,0.4248696157805891,0.3330455123962156,0.4248696157805891,1.0,-0.0,0.82,focused,2,100,100,A_real,0.0,neutral,4,0.82
168,0,1,0.3068259413649767,0.39840936877018523,0.3264096321457962,0.4210673959845907,0.3264096321457962,0.4210673959845907,1.0,-0.0,0.91,focused,2,100,100,A_real,0.0,hard,0,0.91
169,6,1,0.2936062378730486,0.4501813683630277,0.3373310231509787,0.5156817395742596,0.3373310231509787,0.5156817395742596,1.0,-0.0,0.94,focused,2,100,100,A_real,0.0,easy,6,0.94
170,4,1,0.27196879308366867,0.3870096652767054,0.28692797529852676,0.40500381231372984,0.28692797529852676,0.40500381231372984,1.0,-0.0,0.82,focused,2,100,100,A_real,0.0,neutral,4,0.82
171,9,1,0.26083214654842973,0.37431789860564985,0.27158362006307973,0.38858658502167814,0.27158362006307973,0.38858658502167814,1.0,-0.0,0.87,focused,2,100,100,A_real,0.0,hard,9,0.87
172,5,1,0.27492802680142087,0.4086557967128102,0.2962943109235922,0.43924857683392254,0.2962943109235922,0.43924857683392254,1.0,-0.0,0.95,focused,2,100,100,A_real,0.0,easy,5,0.95
173,9,1,0.34391138823807943,0.44184360207942086,0.3777820499518739,0.47555638723883126,0.3777820499518739,0.47555638723883126,1.0,-0.0,0.9,focused,2,100,100,A_real,0.0,neutral,9,0.9
174,0,1,0.34373250544259687,0.43434442755467345,0.37014606590819865,0.4622112839427126,0.37014606590819865,0.4622112839427126,1.0,-0.0,0.86,focused,2,100,100,A_real,0.0,hard,0,0.86
175,1,1,0.33654741738255073,0.4439311957260213,0.3843807798378356,0.4908466958798067,0.3843807798378356,0.4908466958798067,1.0,-0.0,0.94,focused,2,100,100,A_real,0.0,easy,1,0.94
176,6,1,0.34722018292518314,0.45072951434816905,0.38525709171511324,0.4872461784331969,0.38525709171511324,0.4872461784331969,1.0,-0.0,0.88,focused,2,100,100,A_real,0.0,neutral,6,0.88
177,3,1,0.2566086102545082,0.3488994408610138,0.275903633913246,0.3748516378482105,0.275903633913246,0.3748516378482105,1.0,-0.0,0.81,focused,2,100,100,A_real,0.0,hard,3,0.81
178,6,1,0.23120969409183773,0.3878473504858519,0.2599881385774346,0.4354669540481144,0.2599881385774346,0.4354669540481144,1.0,-0.0,0.85,focused,2,100,100,A_real,0.0,easy,6,0.85
179,1,1,0.4342500160567504,0.5220583475528792,0.48010248928552035,0.565284256046533,0.48010248928552035,0.565284256046533,1.0,-0.0,0.93,focused,2,100,100,A_real,0.0,neutral,1,0.93
180,9,1,0.4539893792500672,0.5066232632207469,0.47308330494480116,0.5272954005056478,0.47308330494480116,0.5272954005056478,1.0,-0.0,0.89,focused,2,100,100,A_real,0.0,hard,9,0.89
181,6,1,0.4663425364107296,0.5360585924500758,0.49101182257130593,0.5630760929346104,0.49101182257130593,0.5630760929346104,1.0,-0.0,0.87,focused,2,100,100,A_real,0.0,easy,6,0.87
182,8,1,0.49396100545083704,0.562143350980588,0.5141007744341286,0.5845297738578664,0.5141007744341286,0.5845297738578664,1.0,-0.0,0.96,focused,2,100,100,A_real,0.0,neutral,8,0.96
183,0,1,0.36448317950450976,0.4352363141256243,0.37861588056699136,0.4509525131058178,0.37861588056699136,0.4509525131058178,1.0,-0.0,0.87,focused,2,100,100,A_real,0.0,hard,0,0.87
184,8,1,0.5550880381516404,0.5892257702020084,0.5812010956025219,0.6144194450863051,0.5812010956025219,0.6144194450863051,1.0,-0.0,0.94,focused,2,100,100,A_real,0.0,easy,8,0.94
185,10,1,0.270563917053,0.4174475192422298,0.2828134449967712,0.43834181349047185,0.2828134449967712,0.43834181349047185,1.0,-0.0,0.91,focused,2,100,100,A_real,0.0,neutral,10,0.91
186,7,1,0.3033033993724887,0.4117496364203462,0.31844488180459857,0.4301240717517659,0.31844488180459857,0.4301240717517659,1.0,-0.0,0.82,focused,2,100,100,A_real,0.0,hard,7,0.82
187,1,1,0.4029982792230861,0.4795945639051759,0.5019173995863937,0.5660098615267686,0.5019173995863937,0.5660098615267686,1.0,-0.0,0.93,focused,2,100,100,A_real,0.0,easy,1,0.93
188,1,1,0.3394648366015385,0.4535041134784294,0.34265664766343645,0.4573663453091562,0.34265664766343645,0.4573663453091562,1.0,-0.0,0.88,focused,2,100,100,A_real,0.0,neutral,1,0.88
189,0,1,0.40143145933998226,0.46729760294816824,0.43886550275437025,0.5024998377820898,0.43886550275437025,0.5024998377820898,1.0,-0.0,0.89,focused,2,100,100,A_real,0.0,hard,0,0.89
190,8,1,0.3154127218776865,0.4235912283538705,0.363092835949996,0.4668369446102643,0.363092835949996,0.4668369446102643,1.0,-0.0,0.9,focused,2,100,100,A_real,0.0,easy,8,0.9
191,9,1,0.3331407663125334,0.44904923121136,0.35541755450588186,0.47400115349653155,0.35541755450588186,0.47400115349653155,1.0,-0.0,0.94,focused,2,100,100,A_real,0.0,neutral,9,0.94
192,4,1,0.2589724272089666,0.38443903913039,0.2836753961257572,0.4137166762690079,0.2836753961257572,0.4137166762690079,1.0,-0.0,0.8,focused,2,100,100,A_real,0.0,hard,4,0.8
193,2,1,0.2848905549175198,0.4190837658889847,0.30023637038806966,0.43916076430866086,0.30023637038806966,0.43916076430866086,1.0,-0.0,0.9,focused,2,100,100,A_real,0.0,easy,2,0.9
194,10,1,0.33884525173021757,0.4631953886057098,0.3769077524561507,0.516129571976302,0.3769077524561507,0.516129571976302,1.0,-0.0,0.96,focused,2,100,100,A_real,0.0,neutral,10,0.96
195,9,1,0.23649823869428702,0.39042540589124125,0.25861784063845,0.4292191793323091,0.25861784063845,0.4292191793323091,1.0,-0.0,0.88,focused,2,100,100,A_real,0.0,hard,9,0.88
196,10,1,0.4696883642160283,0.5688744922757671,0.5369549705071638,0.6359514606544487,0.5369549705071638,0.6359514606544487,1.0,-0.0,0.96,focused,2,100,100,A_real,0.0,easy,10,0.96
197,9,1,0.32547093815616207,0.43182979236115715,0.3413843703565015,0.4506671834046887,0.3413843703565015,0.4506671834046887,1.0,-0.0,0.89,focused,2,100,100,A_real,0.0,neutral,9,0.89
198,3,1,0.28635407288453096,0.3556446232201823,0.3032774696552272,0.37665090601691936,0.3032774696552272,0.37665090601691936,1.0,-0.0,0.76,focused,2,100,100,A_real,0.0,hard,3,0.76
199,1,1,0.2797363117378371,0.40228602237126054,0.30358375478596317,0.4332666769120749,0.30358375478596317,0.4332666769120749,1.0,-0.0,0.92,focused,2,100,100,A_real,0.0,easy,1,0.92
200,6,1,0.2787778195065992,0.4235110546300206,0.29060747258399006,0.43923326585893097,0.29060747258399006,0.43923326585893097,1.0,-0.0,0.8933333333333333,focused,2,300,300,A_real,0.0,easy,6,0.8933333333333333
201,8,1,0.32205973195010096,0.4243571581730048,0.3389816524059746,0.44644457284004535,0.3389816524059746,0.44644457284004535,1.0,-0.0,0.9333333333333333,focused,2,300,300,A_real,0.0,neutral,8,0.9333333333333332
202,4,1,0.2995980276520708,0.398347771766574,0.3045670216661023,0.4044898069478675,0.3045670216661023,0.4044898069478675,1.0,-0.0,0.8166666666666667,focused,2,300,300,A_real,0.0,hard,4,0.8166666666666667
203,5,1,0.34682653964186855,0.4848689002922483,0.351945269518541,0.4921357212140974,0.351945269518541,0.4921357212140974,1.0,-0.0,0.94,focused,2,300,300,A_real,0.0,easy,5,0.94
204,5,1,0.43998364603356044,0.5522521558963865,0.5112637870744916,0.6197404367770141,0.5112637870744916,0.6197404367770141,1.0,-0.0,0.94,focused,2,300,300,A_real,0.0,neutral,5,0.94
205,4,1,0.34052304776932674,0.41890378999570427,0.3428547254104324,0.42177686319586755,0.3428547254104324,0.42177686319586755,1.0,-0.0,0.7866666666666666,focused,2,300,300,A_real,0.0,hard,4,0.7866666666666666
206,10,1,0.5741833708199253,0.6246170399115698,0.6125468107744467,0.6591893598012194,0.6125468107744467,0.6591893598012194,1.0,-0.0,0.95,focused,2,300,300,A_real,0.0,easy,10,0.95
207,1,1,0.5044740818144304,0.5595771968268601,0.5249606215196716,0.5822463502614997,0.5249606215196716,0.5822463502614997,1.0,-0.0,0.9566666666666667,focused,2,300,300,A_real,0.0,neutral,1,0.9566666666666668
208,0,1,0.31943483373701875,0.41610251809146404,0.3388866416829601,0.4355677714393089,0.3388866416829601,0.4355677714393089,1.0,-0.0,0.86,focused,2,300,300,A_real,0.0,hard,0,0.86
209,2,1,0.4622058531271507,0.5325905410549052,0.4841894496518269,0.5538931848801959,0.4841894496518269,0.5538931848801959,1.0,-0.0,0.8933333333333333,focused,2,300,300,A_real,0.0,easy,2,0.8933333333333333
210,5,1,0.28072356065485055,0.4039746067727759,0.2916613045248629,0.41973267163868483,0.2916613045248629,0.41973267163868483,1.0,-0.0,0.9333333333333333,focused,2,300,300,A_real,0.0,neutral,5,0.9333333333333332
211,7,1,0.2885509271333791,0.4064374439469692,0.302916706653681,0.4268037472349299,0.302916706653681,0.4268037472349299,1.0,-0.0,0.8666666666666667,focused,2,300,300,A_real,0.0,hard,7,0.8666666666666667
212,1,1,0.48311970681295885,0.5594627888786765,0.5040993165357167,0.5804623632004564,0.5040993165357167,0.5804623632004564,1.0,-0.0,0.95,focused,2,300,300,A_real,0.0,easy,1,0.95
213,8,1,0.36509602916960066,0.46383159404513363,0.38436531027643206,0.4857774742816823,0.38436531027643206,0.4857774742816823,1.0,-0.0,0.92,focused,2,300,300,A_real,0.0,neutral,8,0.92
214,7,1,0.23193713299350957,0.35720225166326114,0.24524757523065735,0.3720619308436726,0.24524757523065735,0.3720619308436726,1.0,-0.0,0.8266666666666667,focused,2,300,300,A_real,0.0,hard,7,0.8266666666666667
215,6,1,0.3240326496019193,0.43441664041703676,0.3445457538799917,0.4599909022566666,0.3445457538799917,0.4599909022566666,1.0,-0.0,0.9033333333333333,focused,2,300,300,A_real,0.0,easy,6,0.9033333333333332
216,6,1,0.3605172730273282,0.47129813897185796,0.3866960504991766,0.4986677233158222,0.3866960504991766,0.4986677233158222,1.0,-0.0,0.9033333333333333,focused,2,300,300,A_real,0.0,neutral,6,0.9033333333333332
217,3,1,0.188400394902693,0.31912038063072407,0.19586889872709254,0.3315807613175154,0.19586889872709254,0.3315807613175154,1.0,-0.0,0.7866666666666666,focused,2,300,300,A_real,0.0,hard,3,0.7866666666666666
218,1,1,0.28292367642058514,0.41210686573638744,0.3130109496803728,0.45330044904492656,0.3130109496803728,0.45330044904492656,1.0,-0.0,0.9033333333333333,focused,2,300,300,A_real,0.0,easy,1,0.9033333333333332
219,9,1,0.3079410225694031,0.4065771771481267,0.3427947774172,0.4400288419545257,0.3427947774172,0.4400288419545257,1.0,-0.0,0.8666666666666667,focused,2,300,300,A_real,0.0,neutral,9,0.8666666666666667
220,7,1,0.33901914510938636,0.42976167071665966,0.3541147033753014,0.444448221833998,0.3541147033753014,0.444448221833998,1.0,-0.0,0.85,focused,2,300,300,A_real,0.0,hard,7,0.85
221,1,1,0.3976774804663401,0.4880616688106198,0.4406459250442197,0.5323628665133346,0.4406459250442197,0.5323628665133346,1.0,-0.0,0.9266666666666666,focused,2,300,300,A_real,0.0,easy,1,0.9266666666666666
222,6,1,0.31558833193527874,0.44346914470931753,0.3340358112116915,0.4696384502144235,0.3340358112116915,0.4696384502144235,1.0,-0.0,0.8833333333333333,focused,2,300,300,A_real,0.0,neutral,6,0.8833333333333333
223,7,1,0.2486189681206842,0.3805062870678854,0.2579181133556994,0.39398086688947936,0.2579181133556994,0.39398086688947936,1.0,-0.0,0.8366666666666667,focused,2,300,300,A_real,0.0,hard,7,0.8366666666666667
224,5,1,0.490353653721318,0.5608389271372424,0.5126700985190586,0.5852862580667625,0.5126700985190586,0.5852862580667625,1.0,-0.0,0.9633333333333334,focused,2,300,300,A_real,0.0,easy,5,0.9633333333333334
225,7,1,0.29394264231835643,0.39278266633760917,0.31392919144623554,0.4122951754137179,0.31392919144623554,0.4122951754137179,1.0,-0.0,0.8066666666666666,focused,2,300,300,A_real,0.0,neutral,7,0.8066666666666666
226,3,1,0.23610594979420058,0.3521544659721852,0.25181447429157966,0.3701430487173304,0.25181447429157966,0.3701430487173304,1.0,-0.0,0.7366666666666667,focused,2,300,300,A_real,0.0,hard,3,0.7366666666666667
227,5,1,0.3484191269943807,0.4717016925421569,0.36245897746381783,0.49151478810815924,0.36245897746381783,0.49151478810815924,1.0,-0.0,0.9433333333333334,focused,2,300,300,A_real,0.0,easy,5,0.9433333333333334
228,1,1,0.5165118861614965,0.5887920202970256,0.561387435219463,0.6345311152189872,0.561387435219463,0.6345311152189872,1.0,-0.0,0.9733333333333334,focused,2,300,300,A_real,0.0,neutral,1,0.9733333333333334
229,3,1,0.2080766302847494,0.3113199651995467,0.2123993815536175,0.31733714438840566,0.2123993815536175,0.31733714438840566,1.0,-0.0,0.7233333333333334,focused,2,300,300,A_real,0.0,hard,3,0.7233333333333334
230,8,1,0.4900246529319122,0.559942648995005,0.5283502236213237,0.5929273611644339,0.5283502236213237,0.5929273611644339,1.0,-0.0,0.9266666666666666,focused,2,300,300,A_real,0.0,easy,8,0.9266666666666666
231,8,1,0.3447953768970002,0.4429881008940964,0.3546990643892992,0.4540266817700664,0.3546990643892992,0.4540266817700664,1.0,-0.0,0.9033333333333333,focused,2,300,300,A_real,0.0,neutral,8,0.9033333333333332
232,3,1,0.293134815096179,0.36858498886796937,0.2989601321746474,0.37542266635812205,0.2989601321746474,0.37542266635812205,1.0,-0.0,0.75,focused,2,300,300,A_real,0.0,hard,3,0.75
233,8,1,0.2647202988545628,0.4212105240370532,0.2907423648523699,0.46254558220536085,0.2907423648523699,0.46254558220536085,1.0,-0.0,0.9033333333333333,focused,2,300,300,A_real,0.0,easy,8,0.9033333333333332
234,9,1,0.41034474906700596,0.4797877141796593,0.42606372638801915,0.4972148050746911,0.42606372638801915,0.4972148050746911,1.0,-0.0,0.89,focused,2,300,300,A_real,0.0,neutral,9,0.89
235,7,1,0.24352806755428172,0.39902455349756805,0.25086002166618476,0.41124083987117777,0.25086002166618476,0.41124083987117777,1.0,-0.0,0.8333333333333334,focused,2,300,300,A_real,0.0,hard,7,0.8333333333333334
236,1,1,0.5298594950517764,0.586869501594934,0.5645104302586397,0.6191264541659123,0.5645104302586397,0.6191264541659123,1.0,-0.0,0.96,focused,2,300,300,A_real,0.0,easy,1,0.96
237,3,1,0.2879118327268942,0.3611583857082888,0.2942468221225867,0.36691555800281944,0.2942468221225867,0.36691555800281944,1.0,-0.0,0.7466666666666667,focused,2,300,300,A_real,0.0,neutral,3,0.7466666666666667
238,7,1,0.21303389474589227,0.34703529842992403,0.22321648070305297,0.36339960424530166,0.22321648070305297,0.36339960424530166,1.0,-0.0,0.8133333333333334,focused,2,300,300,A_real,0.0,hard,7,0.8133333333333334
239,1,1,0.34016519067418927,0.4593990294501771,0.3633586735786339,0.48684830841410237,0.3633586735786339,0.48684830841410237,1.0,-0.0,0.95,focused,2,300,300,A_real,0.0,easy,1,0.95
240,2,1,0.2480893335939691,0.388284153045659,0.29159086520364774,0.4446436979314175,0.29159086520364774,0.4446436979314175,1.0,-0.0,0.7666666666666667,focused,3,30,30,A_real,0.0,easy,2,0.7666666666666667
241,3,1,0.13206088492622173,0.3009685141170717,0.14667537452125662,0.3319954937508142,0.14667537452125662,0.3319954937508142,1.0,-0.0,0.43333333333333335,focused,3,30,30,A_real,0.0,neutral,3,0.4333333333333333
242,3,1,0.27133881542671995,0.3527093406344244,0.33815998442533984,0.4186551542156014,0.33815998442533984,0.4186551542156014,1.0,-0.0,0.7333333333333333,focused,3,30,30,A_real,0.0,hard,3,0.7333333333333333
243,5,1,0.5659664713037029,0.644053537543499,0.6892330462178787,0.7593820312162023,0.6892330462178787,0.7593820312162023,1.0,-0.0,0.9666666666666667,focused,3,30,30,A_real,0.0,easy,5,0.9666666666666668
244,4,1,0.21348937669041754,0.35503293671165026,0.2689252067140349,0.4126127188048488,0.2689252067140349,0.4126127188048488,1.0,-0.0,0.7,focused,3,30,30,A_real,0.0,neutral,4,0.7
245,4,1,0.26317472108577455,0.4006907606849105,0.30822921382525587,0.45799302896188926,0.30822921382525587,0.45799302896188926,1.0,-0.0,0.8666666666666667,focused,3,30,30,A_real,0.0,hard,4,0.8666666666666667
246,1,1,0.2884720254674257,0.4338533274074112,0.3150285397401171,0.4706518318396674,0.3150285397401171,0.4706518318396674,1.0,-0.0,0.8333333333333334,focused,3,30,30,A_real,0.0,easy,1,0.8333333333333334
247,0,1,0.2934428447232899,0.4101562853241246,0.34420447268297416,0.47273492881837936,0.34420447268297416,0.47273492881837936,1.0,-0.0,0.8666666666666667,focused,3,30,30,A_real,0.0,neutral,0,0.8666666666666667
248,4,1,0.26317472108577455,0.3872058071361407,0.19225673070656704,0.2799244218033323,0.31463086375133736,0.45810028233288674,0.6110548991103224,0.6365141682948128,0.8333333333333334,focused,3,30,30,A_real,0.0,hard,4,0.8333333333333334
249,10,1,0.4698466303457333,0.5758018721839757,0.5489807887283061,0.6669798781435943,0.5489807887283061,0.6669798781435943,1.0,-0.0,1.0,focused,3,30,30,A_real,0.0,easy,10,1.0
250,10,1,0.7228754820064085,0.756588721804956,0.7861351669153814,0.8185772933788231,0.7861351669153814,0.8185772933788231,1.0,-0.0,1.0,focused,3,30,30,A_real,0.0,neutral,10,1.0
251,7,1,0.2789457089733075,0.3873518309158115,0.2232298891702469,0.2915629790906845,0.3653188764139898,0.4771469462321494,0.6110548991103224,0.6365141682948128,0.7333333333333333,focused,3,30,30,A_real,0.0,hard,7,0.7333333333333333
252,8,1,0.3706770447886082,0.464037375375358,0.4712144302603884,0.5680446464407064,0.4712144302603884,0.5680446464407064,1.0,-0.0,0.8333333333333334,focused,3,30,30,A_real,0.0,easy,8,0.8333333333333334
253,0,1,0.2884720254674257,0.4209089163958328,0.33459908441235964,0.47749163114322335,0.33459908441235964,0.47749163114322335,1.0,-0.0,0.9,focused,3,30,30,A_real,0.0,neutral,0,0.9
254,3,1,0.3579496663501358,0.4481120413511507,0.3945957184817298,0.4947097578486801,0.3945957184817298,0.4947097578486801,1.0,-0.0,0.8,focused,3,30,30,A_real,0.0,hard,3,0.8
255,5,1,0.5659664713037029,0.6444050447343053,0.6799813965036975,0.7457807032081595,0.6799813965036975,0.7457807032081595,1.0,-0.0,1.0,focused,3,30,30,A_real,0.0,easy,5,1.0
256,3,1,0.23526907144491466,0.3629740538451951,0.2946943888450432,0.4327648677255096,0.2946943888450432,0.4327648677255096,1.0,-0.0,0.7666666666666667,focused,3,30,30,A_real,0.0,neutral,3,0.7666666666666667
257,0,1,0.31477341399410647,0.406934818671571,0.372730388570521,0.4757306229244876,0.372730388570521,0.4757306229244876,1.0,-0.0,0.8666666666666667,focused,3,30,30,A_real,0.0,hard,0,0.8666666666666667
258,6,1,0.49822898064695803,0.5636433617685135,0.5730489799613883,0.6352969606043785,0.5730489799613883,0.6352969606043785,1.0,-0.0,0.9666666666666667,focused,3,30,30,A_real,0.0,easy,6,0.9666666666666668
259,6,1,0.4529152957423036,0.5512018164062268,0.5336298088129591,0.642078006170325,0.5336298088129591,0.642078006170325,1.0,-0.0,0.9,focused,3,30,30,A_real,0.0,neutral,6,0.9
260,3,1,0.2710155108335878,0.369110844536909,0.3055202049839771,0.41330947248937283,0.3055202049839771,0.41330947248937283,1.0,-0.0,0.7333333333333333,focused,3,30,30,A_real,0.0,hard,3,0.7333333333333333
261,1,1,0.45743219254092743,0.5384750627982823,0.5185973841327309,0.601862961618975,0.5185973841327309,0.601862961618975,1.0,-0.0,0.9666666666666667,focused,3,30,30,A_real,0.0,easy,1,0.9666666666666668
262,10,1,0.4529152957423036,0.5395475772192952,0.5485460062856486,0.6338439588643426,0.5485460062856486,0.6338439588643426,1.0,-0.0,0.9333333333333333,focused,3,30,30,A_real,0.0,neutral,10,0.9333333333333332
263,3,1,0.2550451259767367,0.3579895984573523,0.296268555269796,0.41081263683204494,0.296268555269796,0.41081263683204494,1.0,-0.0,0.7,focused,3,30,30,A_real,0.0,hard,3,0.7
264,2,1,0.27133881542671995,0.40351500394564865,0.3296419097409734,0.48155358316819596,0.3296419097409734,0.48155358316819596,1.0,-0.0,0.9333333333333333,focused,3,30,30,A_real,0.0,easy,2,0.9333333333333332
265,7,1,0.18595515058129475,0.3318644978641249,0.21490743700164064,0.3791252977908842,0.21490743700164064,0.3791252977908842,1.0,-0.0,0.7333333333333333,focused,3,30,30,A_real,0.0,neutral,7,0.7333333333333333
266,7,1,0.32625630290000784,0.4556047530721746,0.25146924629295586,0.3344247102255788,0.4115329844488401,0.5472907765120468,0.6110548991103224,0.6365141682948128,0.8,focused,3,30,30,A_real,0.0,hard,7,0.8
267,10,1,0.33113199395725723,0.4574537336626443,0.3879406400453073,0.530045293836011,0.3879406400453073,0.530045293836011,1.0,-0.0,0.9333333333333333,focused,3,30,30,A_real,0.0,easy,10,0.9333333333333332
268,9,1,0.3795422458744417,0.4953114666096303,0.4791855571799212,0.599428691525274,0.4791855571799212,0.599428691525274,1.0,-0.0,0.9,focused,3,30,30,A_real,0.0,neutral,9,0.9
269,7,1,0.34330846905051887,0.4575040905723374,0.3883219089640508,0.5150366705050254,0.3883219089640508,0.5150366705050254,1.0,-0.0,0.8666666666666667,focused,3,30,30,A_real,0.0,hard,7,0.8666666666666667
270,1,1,0.7228754820064085,0.7554016946883685,0.7861351669153814,0.8169493222057062,0.7861351669153814,0.8169493222057062,1.0,-0.0,1.0,focused,3,30,30,A_real,0.0,easy,1,1.0
271,9,1,0.4124770994049492,0.4940450788749565,0.48484276074281013,0.5657889137750894,0.48484276074281013,0.5657889137750894,1.0,-0.0,0.9,focused,3,30,30,A_real,0.0,neutral,9,0.9
272,7,1,0.2043155545744939,0.34855216259413824,0.24066070666747777,0.4066702655984242,0.24066070666747777,0.4066702655984242,1.0,-0.0,0.7,focused,3,30,30,A_real,0.0,hard,7,0.7
273,8,1,0.4529152957423036,0.5324831537096398,0.5185973841327309,0.600866007614821,0.5185973841327309,0.600866007614821,1.0,-0.0,0.9333333333333333,focused,3,30,30,A_real,0.0,easy,8,0.9333333333333332
274,6,1,0.2861983684437694,0.44101497254028516,0.3723295329583124,0.5591680201014919,0.3723295329583124,0.5591680201014919,1.0,-0.0,0.9666666666666667,focused,3,30,30,A_real,0.0,neutral,6,0.9666666666666668
275,4,1,0.30278784158062844,0.40595164011029583,0.3589200856384492,0.4690366335195641,0.3589200856384492,0.4690366335195641,1.0,-0.0,0.8666666666666667,focused,3,30,30,A_real,0.0,hard,4,0.8666666666666667
276,8,1,0.4779214995452897,0.5741126422697348,0.6155758971509342,0.7056837110998199,0.6155758971509342,0.7056837110998199,1.0,-0.0,0.9666666666666667,focused,3,30,30,A_real,0.0,easy,8,0.9666666666666668
277,9,1,0.34330846905051887,0.4616761349718978,0.3792447385663828,0.5097240033177672,0.3792447385663828,0.5097240033177672,1.0,-0.0,0.9,focused,3,30,30,A_real,0.0,neutral,9,0.9
278,0,1,0.362216531053171,0.42817613863709836,0.412443613721047,0.48567853142911227,0.412443613721047,0.48567853142911227,1.0,-0.0,0.8333333333333334,focused,3,30,30,A_real,0.0,hard,0,0.8333333333333334
279,8,1,0.2579464667486837,0.39519343450293315,0.3083965332625997,0.45430890563725773,0.3083965332625997,0.45430890563725773,1.0,-0.0,0.8,focused,3,30,30,A_real,0.0,easy,8,0.8
280,1,1,0.45906130156913677,0.5511576816050431,0.5403267920692373,0.634179607187068,0.5403267920692373,0.634179607187068,1.0,-0.0,0.9595959595959596,focused,3,100,99,A_real,0.0,easy,1,0.9595959595959596
281,10,1,0.36735817056037834,0.4802043419647321,0.4437313868809644,0.5575090343229009,0.4437313868809644,0.5575090343229009,1.0,-0.0,0.9595959595959596,focused,3,100,99,A_real,0.0,neutral,10,0.9595959595959596
282,3,1,0.22423340769203598,0.33534252388596647,0.24483786998794524,0.36411227121690565,0.24483786998794524,0.36411227121690565,1.0,-0.0,0.7575757575757576,focused,3,100,99,A_real,0.0,hard,3,0.7575757575757576
283,10,1,0.44681120055044615,0.5390151393653443,0.5524364096313442,0.6349821636308621,0.5524364096313442,0.6349821636308621,1.0,-0.0,0.9393939393939394,focused,3,100,99,A_real,0.0,easy,10,0.9393939393939394
284,5,1,0.32468192625657744,0.44704194069182407,0.35542532344081024,0.48255837755677966,0.35542532344081024,0.48255837755677966,1.0,-0.0,0.9090909090909091,focused,3,100,99,A_real,0.0,neutral,5,0.9090909090909092
285,4,1,0.28743060093910977,0.41332241036921874,0.3495777524408985,0.48716826743208325,0.3495777524408985,0.48716826743208325,1.0,-0.0,0.8686868686868687,focused,3,100,99,A_real,0.0,hard,4,0.8686868686868687
286,2,1,0.2900076777342005,0.4098357176516471,0.33868698400369174,0.4774739132983244,0.33868698400369174,0.4774739132983244,1.0,-0.0,0.9292929292929293,focused,3,100,99,A_real,0.0,easy,2,0.9292929292929292
287,5,1,0.4719145734249914,0.5374750832264942,0.5423519497959512,0.6087748898478811,0.5423519497959512,0.6087748898478811,1.0,-0.0,0.9292929292929293,focused,3,100,99,A_real,0.0,neutral,5,0.9292929292929292
288,3,1,0.2582130844048301,0.34027759687396714,0.27794620250570445,0.36292505269512465,0.27794620250570445,0.36292505269512465,1.0,-0.0,0.7474747474747475,focused,3,100,99,A_real,0.0,hard,3,0.7474747474747475
289,6,1,0.3110486953827476,0.42767460768474774,0.3584997415757722,0.48166859580986715,0.3584997415757722,0.48166859580986715,1.0,-0.0,0.8888888888888888,focused,3,100,99,A_real,0.0,easy,6,0.8888888888888888
290,0,1,0.35413854480982754,0.44046074673752533,0.3936321980064179,0.48426103752959637,0.3936321980064179,0.48426103752959637,1.0,-0.0,0.8686868686868687,focused,3,100,99,A_real,0.0,neutral,0,0.8686868686868687
291,0,1,0.2635233287464108,0.375743004437078,0.2952591280168051,0.41673378010201173,0.2952591280168051,0.41673378010201173,1.0,-0.0,0.7878787878787878,focused,3,100,99,A_real,0.0,hard,0,0.7878787878787878
292,5,1,0.341213414344665,0.4550734967178116,0.382953893418984,0.5049829018623154,0.382953893418984,0.5049829018623154,1.0,-0.0,0.9797979797979798,focused,3,100,99,A_real,0.0,easy,5,0.9797979797979798
293,1,1,0.44051235395277255,0.5265797716436668,0.48171263878073806,0.5748428493828112,0.48171263878073806,0.5748428493828112,1.0,-0.0,0.9494949494949495,focused,3,100,99,A_real,0.0,neutral,1,0.9494949494949496
294,4,1,0.5421184253181867,0.5851283401805676,0.5848196836821246,0.6288980003609985,0.5848196836821246,0.6288980003609985,1.0,-0.0,0.9090909090909091,focused,3,100,99,A_real,0.0,hard,4,0.9090909090909092
295,8,1,0.28556891610658763,0.3956381533835936,0.32237607205684615,0.4437307178588721,0.32237607205684615,0.4437307178588721,1.0,-0.0,0.8787878787878788,focused,3,100,99,A_real,0.0,easy,8,0.8787878787878788
296,1,1,0.46136790184441406,0.5490706410891971,0.5095875800874042,0.5964745012112234,0.5095875800874042,0.5964745012112234,1.0,-0.0,0.9595959595959596,focused,3,100,99,A_real,0.0,neutral,1,0.9595959595959596
297,9,1,0.30888758439566494,0.4243751667211023,0.34041783940177345,0.46640051796524545,0.34041783940177345,0.46640051796524545,1.0,-0.0,0.9292929292929293,focused,3,100,99,A_real,0.0,hard,9,0.9292929292929292
298,1,1,0.3272927985425236,0.4431802806236774,0.3740619196567154,0.5004112072476404,0.3740619196567154,0.5004112072476404,1.0,-0.0,0.9393939393939394,focused,3,100,99,A_real,0.0,easy,1,0.9393939393939394
299,2,1,0.30034347202848966,0.4115660140256271,0.3169290548410894,0.4311540826211734,0.3169290548410894,0.4311540826211734,1.0,-0.0,0.7878787878787878,focused,3,100,99,A_real,0.0,neutral,2,0.7878787878787878
300,4,1,0.2476186885461755,0.36457781751625457,0.27129913544306616,0.39946206563028525,0.27129913544306616,0.39946206563028525,1.0,-0.0,0.8686868686868687,focused,3,100,99,A_real,0.0,hard,4,0.8686868686868687
301,6,1,0.31185247326774446,0.4273780701451424,0.3530487016582618,0.47067817089038294,0.3530487016582618,0.47067817089038294,1.0,-0.0,0.898989898989899,focused,3,100,99,A_real,0.0,easy,6,0.898989898989899
302,10,1,0.46520228360609567,0.5425410978849472,0.5155259257987456,0.5932034166048131,0.5155259257987456,0.5932034166048131,1.0,-0.0,0.9292929292929293,focused,3,100,99,A_real,0.0,neutral,10,0.9292929292929292
303,0,1,0.2413053832513407,0.36932371621017396,0.2652365508227771,0.39950362205878304,0.2652365508227771,0.39950362205878304,1.0,-0.0,0.7777777777777778,focused,3,100,99,A_real,0.0,hard,0,0.7777777777777778
304,10,1,0.3798131140853464,0.4746615712837037,0.43153135804753195,0.5304871716261033,0.43153135804753195,0.5304871716261033,1.0,-0.0,0.9191919191919192,focused,3,100,99,A_real,0.0,easy,10,0.9191919191919192
305,1,1,0.406823330964172,0.4976440682698445,0.4379061057327819,0.5312598195582486,0.4379061057327819,0.5312598195582486,1.0,-0.0,0.9393939393939394,focused,3,100,99,A_real,0.0,neutral,1,0.9393939393939394
306,4,1,0.3282019697497428,0.4033734583331378,0.3514291311020853,0.42859851234980967,0.3514291311020853,0.42859851234980967,1.0,-0.0,0.7777777777777778,focused,3,100,99,A_real,0.0,hard,4,0.7777777777777778
307,8,1,0.41127084430480354,0.5032474195060144,0.43671372899982064,0.5331610080486217,0.43671372899982064,0.5331610080486217,1.0,-0.0,0.9090909090909091,focused,3,100,99,A_real,0.0,easy,8,0.9090909090909092
308,4,1,0.3174238144905363,0.4155450551931688,0.3430807868354822,0.4483425281422939,0.3430807868354822,0.4483425281422939,1.0,-0.0,0.8383838383838383,focused,3,100,99,A_real,0.0,neutral,4,0.8383838383838383
309,3,1,0.2401152592508288,0.34456281008825224,0.2580869824402591,0.3706381619452737,0.2580869824402591,0.3706381619452737,1.0,-0.0,0.7272727272727273,focused,3,100,99,A_real,0.0,hard,3,0.7272727272727273
310,8,1,0.2936410421111734,0.401586789541246,0.30995960761911895,0.4234028637553436,0.30995960761911895,0.4234028637553436,1.0,-0.0,0.8383838383838383,focused,3,100,99,A_real,0.0,easy,8,0.8383838383838383
311,9,1,0.3995074028501415,0.4859053934095571,0.42568304672445156,0.5180427232691537,0.42568304672445156,0.5180427232691537,1.0,-0.0,0.9090909090909091,focused,3,100,99,A_real,0.0,neutral,9,0.9090909090909092
312,4,1,0.28665689035152037,0.4011973755975116,0.328086692622781,0.45185803652670026,0.328086692622781,0.45185803652670026,1.0,-0.0,0.8383838383838383,focused,3,100,99,A_real,0.0,hard,4,0.8383838383838383
313,2,1,0.3186545550893353,0.4118829273737272,0.37560599723972565,0.4654594728736272,0.37560599723972565,0.4654594728736272,1.0,-0.0,0.8484848484848485,focused,3,100,99,A_real,0.0,easy,2,0.8484848484848485
314,1,1,0.611317419897845,0.6632777889091684,0.7443617917531694,0.7816780476478311,0.7443617917531694,0.7816780476478311,1.0,-0.0,0.98989898989899,focused,3,100,99,A_real,0.0,neutral,1,0.98989898989899
315,3,1,0.20757404379932332,0.31630783538768203,0.21701458069761329,0.3306730130736184,0.21701458069761329,0.3306730130736184,1.0,-0.0,0.6565656565656566,focused,3,100,99,A_real,0.0,hard,3,0.6565656565656566
316,1,1,0.3625820622426041,0.4723674457647463,0.40798074352543173,0.519271180811996,0.40798074352543173,0.519271180811996,1.0,-0.0,0.9696969696969697,focused,3,100,99,A_real,0.0,easy,1,0.9696969696969696
317,1,1,0.27971146729246704,0.39727874480272135,0.32957225432141135,0.4665573802326128,0.32957225432141135,0.4665573802326128,1.0,-0.0,0.9191919191919192,focused,3,100,99,A_real,0.0,neutral,1,0.9191919191919192
318,3,1,0.230963215368621,0.32947262755932916,0.2452271075871998,0.3469147266060975,0.2452271075871998,0.3469147266060975,1.0,-0.0,0.7878787878787878,focused,3,100,99,A_real,0.0,hard,3,0.7878787878787878
319,2,1,0.4063613495594434,0.4917368800078027,0.5099000072694507,0.5924278879700572,0.5099000072694507,0.5924278879700572,1.0,-0.0,0.898989898989899,focused,3,100,99,A_real,0.0,easy,2,0.898989898989899
320,6,1,0.372978217571244,0.46135544283550683,0.40620839169670014,0.49677874964916385,0.40620839169670014,0.49677874964916385,1.0,-0.0,0.8666666666666667,focused,3,300,300,A_real,0.0,easy,6,0.8666666666666667
321,5,1,0.5147802671251821,0.5811216460443338,0.5822362854119277,0.6445114797149288,0.5822362854119277,0.6445114797149288,1.0,-0.0,0.9666666666666667,focused,3,300,300,A_real,0.0,neutral,5,0.9666666666666668
322,7,1,0.28701914018987196,0.39631196123937723,0.30465830740284183,0.4202127031450901,0.30465830740284183,0.4202127031450901,1.0,-0.0,0.8466666666666667,focused,3,300,300,A_real,0.0,hard,7,0.8466666666666667
323,8,1,0.3597269843521154,0.46346130927866286,0.40304894569860833,0.5188386899611239,0.40304894569860833,0.5188386899611239,1.0,-0.0,0.94,focused,3,300,300,A_real,0.0,easy,8,0.94
324,9,1,0.2906743963504564,0.40816641970135276,0.3361346432802849,0.4609491048440943,0.3361346432802849,0.4609491048440943,1.0,-0.0,0.8866666666666667,focused,3,300,300,A_real,0.0,neutral,9,0.8866666666666667
325,9,1,0.38360622981516995,0.45953209756486246,0.4257128614529932,0.4979661191738493,0.4257128614529932,0.4979661191738493,1.0,-0.0,0.87,focused,3,300,300,A_real,0.0,hard,9,0.87
326,5,1,0.4186147771628957,0.5203678898430953,0.5107944919744807,0.615008321475814,0.5107944919744807,0.615008321475814,1.0,-0.0,0.9533333333333334,focused,3,300,300,A_real,0.0,easy,5,0.9533333333333334
327,8,1,0.4197034010986287,0.509964171076677,0.50207633047756,0.5923025754443824,0.50207633047756,0.5923025754443824,1.0,-0.0,0.96,focused,3,300,300,A_real,0.0,neutral,8,0.96
328,4,1,0.2728679530827658,0.3834618613977328,0.29565684078076904,0.41004214438216097,0.29565684078076904,0.41004214438216097,1.0,-0.0,0.84,focused,3,300,300,A_real,0.0,hard,4,0.84
329,1,1,0.3086347784120063,0.4230124024760124,0.35197006546906545,0.47781957748126225,0.35197006546906545,0.47781957748126225,1.0,-0.0,0.9233333333333333,focused,3,300,300,A_real,0.0,easy,1,0.9233333333333332
330,3,1,0.21475176444631397,0.3085183526035192,0.22089551754001435,0.3172879914342089,0.22089551754001435,0.3172879914342089,1.0,-0.0,0.72,focused,3,300,300,A_real,0.0,neutral,3,0.72
331,3,1,0.22442206310734636,0.34153578325100015,0.24323128923020382,0.36588296952279314,0.24323128923020382,0.36588296952279314,1.0,-0.0,0.7766666666666666,focused,3,300,300,A_real,0.0,hard,3,0.7766666666666666
332,2,1,0.2607194565776501,0.4003479759155757,0.2777501844153551,0.4247704061273818,0.2777501844153551,0.4247704061273818,1.0,-0.0,0.9033333333333333,focused,3,300,300,A_real,0.0,easy,2,0.9033333333333332
333,4,1,0.22667810722677262,0.3582789903015593,0.2429097298978832,0.3831737378266535,0.2429097298978832,0.3831737378266535,1.0,-0.0,0.8,focused,3,300,300,A_real,0.0,neutral,4,0.8
334,3,1,0.231085754089253,0.3332612590588221,0.23976239916596248,0.34533257324315764,0.23976239916596248,0.34533257324315764,1.0,-0.0,0.71,focused,3,300,300,A_real,0.0,hard,3,0.71
335,5,1,0.43562963831998,0.5274376885057496,0.4606381288798009,0.5578253324282875,0.4606381288798009,0.5578253324282875,1.0,-0.0,0.9533333333333334,focused,3,300,300,A_real,0.0,easy,5,0.9533333333333334
336,5,1,0.3072576261914922,0.43647452035185996,0.3439813663698678,0.4882723416821428,0.3439813663698678,0.4882723416821428,1.0,-0.0,0.9366666666666666,focused,3,300,300,A_real,0.0,neutral,5,0.9366666666666666
337,9,1,0.4750225235751653,0.5277134340642249,0.5025584409141178,0.5543749550537139,0.5025584409141178,0.5543749550537139,1.0,-0.0,0.9133333333333333,focused,3,300,300,A_real,0.0,hard,9,0.9133333333333332
338,5,1,0.43346099925153053,0.531121641043108,0.5093488208721506,0.6111982983084981,0.5093488208721506,0.6111982983084981,1.0,-0.0,0.9466666666666667,focused,3,300,300,A_real,0.0,easy,5,0.9466666666666668
339,0,1,0.222882854300859,0.34840739197815185,0.24626477639755223,0.38242607232321424,0.24626477639755223,0.38242607232321424,1.0,-0.0,0.8533333333333334,focused,3,300,300,A_real,0.0,neutral,0,0.8533333333333334
340,4,1,0.41233362655415945,0.47692765702476364,0.4314698006076975,0.4968190326328113,0.4314698006076975,0.4968190326328113,1.0,-0.0,0.8433333333333334,focused,3,300,300,A_real,0.0,hard,4,0.8433333333333334
341,2,1,0.36442553759985,0.4623311998279324,0.3925556896491677,0.4954439139355112,0.3925556896491677,0.4954439139355112,1.0,-0.0,0.87,focused,3,300,300,A_real,0.0,easy,2,0.87
342,3,1,0.18929757759470484,0.3202868410578635,0.204181030098544,0.3426351846789925,0.204181030098544,0.3426351846789925,1.0,-0.0,0.7766666666666666,focused,3,300,300,A_real,0.0,neutral,3,0.7766666666666666
343,0,1,0.32830986564299025,0.4086930579935277,0.37498859910222876,0.44913188525095943,0.37498859910222876,0.44913188525095943,1.0,-0.0,0.8533333333333334,focused,3,300,300,A_real,0.0,hard,0,0.8533333333333334
344,8,1,0.41243927200227537,0.49422486677081806,0.4412124571010575,0.5275419939001145,0.4412124571010575,0.5275419939001145,1.0,-0.0,0.9233333333333333,focused,3,300,300,A_real,0.0,easy,8,0.9233333333333332
345,10,1,0.2826126181664505,0.41404474449107526,0.3115271337548624,0.45604235516718594,0.3115271337548624,0.45604235516718594,1.0,-0.0,0.92,focused,3,300,300,A_real,0.0,neutral,10,0.92
346,3,1,0.19444259763875668,0.3134912013465324,0.20958181373629978,0.3382801403342928,0.20958181373629978,0.3382801403342928,1.0,-0.0,0.7266666666666667,focused,3,300,300,A_real,0.0,hard,3,0.7266666666666667
347,10,1,0.41586903898418043,0.5074309370301433,0.4853723514394263,0.5748801592463284,0.4853723514394263,0.5748801592463284,1.0,-0.0,0.9466666666666667,focused,3,300,300,A_real,0.0,easy,10,0.9466666666666668
348,0,1,0.3575096046738927,0.4232510331151889,0.3731641822222646,0.44127555738487256,0.3731641822222646,0.44127555738487256,1.0,-0.0,0.8166666666666667,focused,3,300,300,A_real,0.0,neutral,0,0.8166666666666667
349,3,1,0.23305052766652357,0.33049058945483634,0.24256588868567916,0.34206576515786946,0.24256588868567916,0.34206576515786946,1.0,-0.0,0.7533333333333333,focused,3,300,300,A_real,0.0,hard,3,0.7533333333333333
350,10,1,0.45321988069950936,0.531631328674008,0.4898162188881967,0.5667554519901884,0.4898162188881967,0.5667554519901884,1.0,-0.0,0.95,focused,3,300,300,A_real,0.0,easy,10,0.95
351,1,1,0.6804093872992655,0.7068483888006063,0.7140442956341896,0.7389434426077531,0.7140442956341896,0.7389434426077531,1.0,-0.0,0.9733333333333334,focused,3,300,300,A_real,0.0,neutral,1,0.9733333333333334
352,9,1,0.26675103424470176,0.39265049492314824,0.30136975771987234,0.44419372723915745,0.30136975771987234,0.44419372723915745,1.0,-0.0,0.8866666666666667,focused,3,300,300,A_real,0.0,hard,9,0.8866666666666667
353,8,1,0.3912321182456507,0.47998304532885827,0.4284409525557589,0.5175269408346469,0.4284409525557589,0.5175269408346469,1.0,-0.0,0.9333333333333333,focused,3,300,300,A_real,0.0,easy,8,0.9333333333333332
354,4,1,0.37175958333041575,0.44337453229322926,0.38379056417303964,0.4572866236070788,0.38379056417303964,0.4572866236070788,1.0,-0.0,0.8466666666666667,focused,3,300,300,A_real,0.0,neutral,4,0.8466666666666667
355,4,1,0.2519458778861273,0.3657497831653586,0.260748105292101,0.3772038537386233,0.260748105292101,0.3772038537386233,1.0,-0.0,0.78,focused,3,300,300,A_real,0.0,hard,4,0.78
356,2,1,0.3994720506394019,0.4909311035646444,0.4557090503668625,0.5455022443255857,0.4557090503668625,0.5455022443255857,1.0,-0.0,0.8833333333333333,focused,3,300,300,A_real,0.0,easy,2,0.8833333333333333
357,2,1,0.40117779467448994,0.48329213150727285,0.43192433028500865,0.5165583277283116,0.43192433028500865,0.5165583277283116,1.0,-0.0,0.8833333333333333,focused,3,300,300,A_real,0.0,neutral,2,0.8833333333333333
358,9,1,0.3111439642190888,0.4246229144634491,0.3414842579651932,0.4591336875198397,0.3414842579651932,0.4591336875198397,1.0,-0.0,0.9066666666666666,focused,3,300,300,A_real,0.0,hard,9,0.9066666666666666
359,8,1,0.3216082486928793,0.42841108872071576,0.35583788994934673,0.46998485798675177,0.35583788994934673,0.46998485798675177,1.0,-0.0,0.9266666666666666,focused,3,300,300,A_real,0.0,easy,8,0.9266666666666666
360,6,1,0.28474094955437973,0.42299962729530305,0.3519971460206654,0.5109717529816705,0.3519971460206654,0.5109717529816705,1.0,-0.0,0.8666666666666667,focused,5,30,30,A_real,0.0,easy,6,0.8666666666666667
361,8,1,0.43039577232885834,0.5152467644825643,0.5309865147758102,0.6305490832069793,0.5309865147758102,0.6305490832069793,1.0,-0.0,1.0,focused,5,30,30,A_real,0.0,neutral,8,1.0
362,7,1,0.40247106199983007,0.47554536269754627,0.5558641198383304,0.622616979083313,0.5558641198383304,0.622616979083313,1.0,-0.0,0.8333333333333334,focused,5,30,30,A_real,0.0,hard,7,0.8333333333333334
363,1,1,0.3929389880542166,0.49944305543345763,0.4975624428014375,0.6269523151831176,0.4975624428014375,0.6269523151831176,1.0,-0.0,0.9666666666666667,focused,5,30,30,A_real,0.0,easy,1,0.9666666666666668
364,2,1,0.359122703207285,0.4674274383212517,0.46580496613389305,0.5897712933814271,0.46580496613389305,0.5897712933814271,1.0,-0.0,0.8666666666666667,focused,5,30,30,A_real,0.0,neutral,2,0.8666666666666667
365,7,1,0.34330846905051887,0.4653360684168986,0.43164628933209054,0.5755644934024619,0.43164628933209054,0.5755644934024619,1.0,-0.0,0.9,focused,5,30,30,A_real,0.0,hard,7,0.9
366,5,1,0.5905121782115593,0.6728664104140869,0.7528682672341904,0.8205721823473666,0.7528682672341904,0.8205721823473666,1.0,-0.0,0.9666666666666667,focused,5,30,30,A_real,0.0,easy,5,0.9666666666666668
367,10,1,0.5123849897212139,0.6102811303827578,0.6677663257566062,0.7615402184233778,0.6677663257566062,0.7615402184233778,1.0,-0.0,0.9666666666666667,focused,5,30,30,A_real,0.0,neutral,10,0.9666666666666668
368,9,1,0.3622165310531711,0.46146754973710885,0.45405866496516933,0.5714545634390569,0.45405866496516933,0.5714545634390569,1.0,-0.0,0.9333333333333333,focused,5,30,30,A_real,0.0,hard,9,0.9333333333333332
369,8,1,0.3385320863838608,0.4463953098405311,0.4223011882976249,0.547705017836989,0.4223011882976249,0.547705017836989,1.0,-0.0,0.9,focused,5,30,30,A_real,0.0,easy,8,0.9
370,10,1,0.44136847268590484,0.5347357946104964,0.589288191812703,0.6817497442567642,0.589288191812703,0.6817497442567642,1.0,-0.0,0.9666666666666667,focused,5,30,30,A_real,0.0,neutral,10,0.9666666666666668
371,3,1,0.2103577559499484,0.3216512855654202,0.20437004269059808,0.2770026176526622,0.3066373073515763,0.4156153988524764,0.6664878597315517,0.5004024235381879,0.7333333333333333,focused,5,30,30,A_real,0.0,hard,3,0.7333333333333333
372,8,1,0.22246482621759725,0.3722746890935767,0.29689530324064367,0.49213659308034025,0.29689530324064367,0.49213659308034025,1.0,-0.0,0.8,focused,5,30,30,A_real,0.0,easy,8,0.8
373,8,1,0.4163843757383747,0.5045568637524375,0.5509069076114774,0.63599339966778,0.5509069076114774,0.63599339966778,1.0,-0.0,0.9,focused,5,30,30,A_real,0.0,neutral,8,0.9
374,3,1,0.24172737621357926,0.34541092371024956,0.33527658744186933,0.464756311744951,0.33527658744186933,0.464756311744951,1.0,-0.0,0.8,focused,5,30,30,A_real,0.0,hard,3,0.8
375,1,1,0.362216531053171,0.4770319239381715,0.45405866496516933,0.5928101222813554,0.45405866496516933,0.5928101222813554,1.0,-0.0,0.9333333333333333,focused,5,30,30,A_real,0.0,easy,1,0.9333333333333332
376,6,1,0.362216531053171,0.4794006807625386,0.5123603420020623,0.641101637053723,0.5123603420020623,0.641101637053723,1.0,-0.0,0.8666666666666667,focused,5,30,30,A_real,0.0,neutral,6,0.8666666666666667
377,3,1,0.2103577559499484,0.31141126274607056,0.19202800259977493,0.2671864877683744,0.28811928048789975,0.4008872537843254,0.6664878597315517,0.5004024235381879,0.6333333333333333,focused,5,30,30,A_real,0.0,hard,3,0.6333333333333333
378,8,1,0.30520557601864473,0.44071631903458997,0.40558062971882886,0.5642735535164295,0.40558062971882886,0.5642735535164295,1.0,-0.0,0.8333333333333334,focused,5,30,30,A_real,0.0,easy,8,0.8333333333333334
379,7,1,0.3674376464278426,0.45895563931618744,0.5605823131770596,0.6384890002978614,0.5605823131770596,0.6384890002978614,1.0,-0.0,0.9,focused,5,30,30,A_real,0.0,neutral,7,0.9
380,4,1,0.34330846905051887,0.4452857830288853,0.48060286533451785,0.573345883752166,0.48060286533451785,0.573345883752166,1.0,-0.0,0.8,focused,5,30,30,A_real,0.0,hard,4,0.8
381,6,1,0.32842228798690054,0.44702664635594913,0.41717869466258245,0.5527664773982153,0.41717869466258245,0.5527664773982153,1.0,-0.0,0.9,focused,5,30,30,A_real,0.0,easy,6,0.9
382,6,1,0.30278784158062844,0.4193212311995317,0.40062341749197594,0.5389382127037216,0.40062341749197594,0.5389382127037216,1.0,-0.0,0.8333333333333334,focused,5,30,30,A_real,0.0,neutral,6,0.8333333333333334
383,0,1,0.37614675584793766,0.46440683272925054,0.48557712274459014,0.57562424066809,0.48557712274459014,0.57562424066809,1.0,-0.0,0.8,focused,5,30,30,A_real,0.0,hard,0,0.8
384,1,1,0.3706770447886083,0.47052803017542966,0.45405866496516933,0.5697165525892215,0.45405866496516933,0.5697165525892215,1.0,-0.0,0.9333333333333333,focused,5,30,30,A_real,0.0,easy,1,0.9333333333333332
385,3,1,0.1687717574833662,0.3049898649434622,0.17585914621501764,0.2776933063981658,0.263859489182369,0.41665170992014056,0.6664878597315517,0.5004024235381879,0.6666666666666666,focused,5,30,30,A_real,0.0,neutral,3,0.6666666666666666
386,0,1,0.21850093982051888,0.33815066107288877,0.3040968342164156,0.4465623241913883,0.3040968342164156,0.4465623241913883,1.0,-0.0,0.7333333333333333,focused,5,30,30,A_real,0.0,hard,0,0.7333333333333333
387,1,1,0.49822898064695803,0.5802269058162669,0.6160884562533945,0.7016255209990665,0.6160884562533945,0.7016255209990665,1.0,-0.0,0.9333333333333333,focused,5,30,30,A_real,0.0,easy,1,0.9333333333333332
388,2,1,0.2560266931203813,0.394506127274652,0.3383947840191207,0.4936007997204187,0.3383947840191207,0.4936007997204187,1.0,-0.0,0.8,focused,5,30,30,A_real,0.0,neutral,2,0.8
389,7,1,0.4529152957423036,0.5167794692540619,0.6360088490890619,0.680132147280888,0.6360088490890619,0.680132147280888,1.0,-0.0,0.9333333333333333,focused,5,30,30,A_real,0.0,hard,7,0.9333333333333332
390,1,1,0.29656366600804973,0.3991185659177153,0.3736749168263144,0.4930342210739215,0.3736749168263144,0.4930342210739215,1.0,-0.0,0.8,focused,5,30,30,A_real,0.0,easy,1,0.8
391,1,1,0.44136847268590484,0.5179275084819066,0.5410662206377057,0.6330317371447399,0.5410662206377057,0.6330317371447399,1.0,-0.0,1.0,focused,5,30,30,A_real,0.0,neutral,1,1.0
392,0,1,0.2675390062591621,0.39199797212525905,0.34039908107691186,0.4821871182369,0.34039908107691186,0.4821871182369,1.0,-0.0,0.7666666666666667,focused,5,30,30,A_real,0.0,hard,0,0.7666666666666667
393,2,1,0.32842228798690054,0.4254304889118128,0.4223011882976249,0.5401843539815748,0.4223011882976249,0.5401843539815748,1.0,-0.0,0.7666666666666667,focused,5,30,30,A_real,0.0,easy,2,0.7666666666666667
394,5,1,0.49822898064695803,0.5747252017350184,0.6160884562533945,0.6965025319734302,0.6160884562533945,0.6965025319734302,1.0,-0.0,0.9,focused,5,30,30,A_real,0.0,neutral,5,0.9
395,3,1,0.14283713734670367,0.31199513681261715,0.10866050944277551,0.20899365842391066,0.2119173903443198,0.40759417491072675,0.5127493749626953,0.9502705392332347,0.6333333333333333,focused,5,30,30,A_real,0.0,hard,3,0.6333333333333333
396,2,1,0.35126934637758417,0.4629741120494839,0.34489602757158827,0.4114725378024702,0.5174828356371047,0.6173743929382349,0.6664878597315517,0.5004024235381879,0.8666666666666667,focused,5,30,30,A_real,0.0,easy,2,0.8666666666666667
397,3,1,0.19815951893899708,0.3253671621095741,0.2789134524543368,0.4404977696184967,0.2789134524543368,0.4404977696184967,1.0,-0.0,0.7,focused,5,30,30,A_real,0.0,neutral,3,0.7
398,3,1,0.20449631682941574,0.3207513171593179,0.30073945948495595,0.4402151463754305,0.30073945948495595,0.4402151463754305,1.0,-0.0,0.7333333333333333,focused,5,30,30,A_real,0.0,hard,3,0.7333333333333333
399,8,1,0.5659664713037029,0.6175730403814179,0.6595922340896626,0.7119437737327743,0.6595922340896626,0.7119437737327743,1.0,-0.0,0.9,focused,5,30,30,A_real,0.0,easy,8,0.9
400,5,1,0.28246521790996,0.4135833122564246,0.3418345936872832,0.491941395701885,0.3418345936872832,0.491941395701885,1.0,-0.0,0.92,focused,5,100,100,A_real,0.0,easy,5,0.92
401,6,1,0.36343674718382907,0.45948767908520133,0.4148832654640601,0.5203194833181981,0.4148832654640601,0.5203194833181981,1.0,-0.0,0.91,focused,5,100,100,A_real,0.0,neutral,6,0.91
402,9,1,0.3462006698557001,0.4404366886593018,0.38888240747717423,0.4900492456077131,0.38888240747717423,0.4900492456077131,1.0,-0.0,0.88,focused,5,100,100,A_real,0.0,hard,9,0.88
403,5,1,0.445746229106704,0.544230662315931,0.5051406282309394,0.6123946790954,0.5051406282309394,0.6123946790954,1.0,-0.0,0.99,focused,5,100,100,A_real,0.0,easy,5,0.99
404,0,1,0.3032235104770754,0.398105254455826,0.3725943197286414,0.46781991281952257,0.3725943197286414,0.46781991281952257,1.0,-0.0,0.81,focused,5,100,100,A_real,0.0,neutral,0,0.81
405,9,1,0.3669553871893097,0.4582641969623671,0.4697956747609555,0.5736010737084825,0.4697956747609555,0.5736010737084825,1.0,-0.0,0.93,focused,5,100,100,A_real,0.0,hard,9,0.93
406,8,1,0.3602243133890686,0.44949814878994165,0.45431911020030996,0.5428747202403916,0.45431911020030996,0.5428747202403916,1.0,-0.0,0.88,focused,5,100,100,A_real,0.0,easy,8,0.88
407,4,1,0.3705756068000371,0.44946851281540096,0.42555826647859163,0.5124205505129592,0.42555826647859163,0.5124205505129592,1.0,-0.0,0.85,focused,5,100,100,A_real,0.0,neutral,4,0.85
408,9,1,0.3249022613963303,0.4082053365081734,0.41294805130113,0.49795955956508153,0.41294805130113,0.49795955956508153,1.0,-0.0,0.86,focused,5,100,100,A_real,0.0,hard,9,0.86
409,1,1,0.4440696171401225,0.5299330892369246,0.5322419605399338,0.6177769546121813,0.5322419605399338,0.6177769546121813,1.0,-0.0,0.97,focused,5,100,100,A_real,0.0,easy,1,0.97
410,10,1,0.3561885847808589,0.47641866351957984,0.45835213063645086,0.596214736698299,0.45835213063645086,0.596214736698299,1.0,-0.0,0.96,focused,5,100,100,A_real,0.0,neutral,10,0.96
411,9,1,0.34858445059735343,0.44181543670336615,0.4410930449159931,0.5392636285315758,0.4410930449159931,0.5392636285315758,1.0,-0.0,0.92,focused,5,100,100,A_real,0.0,hard,9,0.92
412,1,1,0.4302311126724213,0.5114647549490203,0.49774952802565087,0.588732799948577,0.49774952802565087,0.588732799948577,1.0,-0.0,0.96,focused,5,100,100,A_real,0.0,easy,1,0.96
413,5,1,0.513871544252193,0.5834659982089603,0.5876875491723452,0.6619738631872599,0.5876875491723452,0.6619738631872599,1.0,-0.0,0.99,focused,5,100,100,A_real,0.0,neutral,5,0.99
414,7,1,0.274817540244422,0.37766884317035204,0.36063160842288106,0.46055347648942935,0.36063160842288106,0.46055347648942935,1.0,-0.0,0.84,focused,5,100,100,A_real,0.0,hard,7,0.84
415,6,1,0.30685698181601495,0.4296994928940111,0.35992191624419845,0.500812211282663,0.35992191624419845,0.500812211282663,1.0,-0.0,0.89,focused,5,100,100,A_real,0.0,easy,6,0.89
416,8,1,0.34233893812181954,0.4587554492533851,0.42751235477905253,0.5652338181532002,0.42751235477905253,0.5652338181532002,1.0,-0.0,0.97,focused,5,100,100,A_real,0.0,neutral,8,0.97
417,9,1,0.3568883783285624,0.4404264221997768,0.42620039689696526,0.5150019649785691,0.42620039689696526,0.5150019649785691,1.0,-0.0,0.88,focused,5,100,100,A_real,0.0,hard,9,0.88
418,6,1,0.3104556609345173,0.4273780469641916,0.36579430805190155,0.4974315900757709,0.36579430805190155,0.4974315900757709,1.0,-0.0,0.89,focused,5,100,100,A_real,0.0,easy,6,0.89
419,4,1,0.26089480424689315,0.37622710065291987,0.31072691784144574,0.43441614791931144,0.31072691784144574,0.43441614791931144,1.0,-0.0,0.8,focused,5,100,100,A_real,0.0,neutral,4,0.8
420,4,1,0.17224435382061423,0.32187648634728333,0.20435654404841386,0.3809862104920917,0.20435654404841386,0.3809862104920917,1.0,-0.0,0.81,focused,5,100,100,A_real,0.0,hard,4,0.81
421,8,1,0.3588560909293502,0.4488794651242461,0.4662672135284604,0.5563009006304138,0.4662672135284604,0.5563009006304138,1.0,-0.0,0.91,focused,5,100,100,A_real,0.0,easy,8,0.91
422,1,1,0.29877409643367125,0.40871773336788303,0.34333227590503135,0.46151786988044335,0.34333227590503135,0.46151786988044335,1.0,-0.0,0.85,focused,5,100,100,A_real,0.0,neutral,1,0.85
423,0,1,0.29149928626149635,0.3990976467721814,0.3514611620529976,0.46534670619907864,0.3514611620529976,0.46534670619907864,1.0,-0.0,0.84,focused,5,100,100,A_real,0.0,hard,0,0.84
424,5,1,0.4627382623508006,0.5390939433500336,0.5504318635674008,0.6288086111269187,0.5504318635674008,0.6288086111269187,1.0,-0.0,0.96,focused,5,100,100,A_real,0.0,easy,5,0.96
425,10,1,0.37041614527528016,0.4659755146570576,0.43227981122557557,0.5374425651857818,0.43227981122557557,0.5374425651857818,1.0,-0.0,0.93,focused,5,100,100,A_real,0.0,neutral,10,0.93
426,3,1,0.250743968704435,0.34191753674302944,0.299319844639978,0.3952232176920491,0.299319844639978,0.3952232176920491,1.0,-0.0,0.78,focused,5,100,100,A_real,0.0,hard,3,0.78
427,8,1,0.2621671580984664,0.39616336146621756,0.30280123465326825,0.45054487296439577,0.30280123465326825,0.45054487296439577,1.0,-0.0,0.88,focused,5,100,100,A_real,0.0,easy,8,0.88
428,0,1,0.29373955142182395,0.40483410466567477,0.3406364211917102,0.46285566918650717,0.3406364211917102,0.46285566918650717,1.0,-0.0,0.84,focused,5,100,100,A_real,0.0,neutral,0,0.84
429,0,1,0.2692959245916486,0.3751832227306557,0.3064264190198069,0.42545781700167273,0.3064264190198069,0.42545781700167273,1.0,-0.0,0.81,focused,5,100,100,A_real,0.0,hard,0,0.81
430,5,1,0.31371212839709234,0.4404116723789366,0.3755002926473049,0.5183619290845599,0.3755002926473049,0.5183619290845599,1.0,-0.0,0.91,focused,5,100,100,A_real,0.0,easy,5,0.91
431,10,1,0.31533519484608213,0.43324910400278743,0.3703916432109714,0.5019049326235206,0.3703916432109714,0.5019049326235206,1.0,-0.0,0.93,focused,5,100,100,A_real,0.0,neutral,10,0.93
432,7,1,0.3123289727345741,0.40054630991242973,0.3652090365437985,0.46292038300457294,0.3652090365437985,0.46292038300457294,1.0,-0.0,0.83,focused,5,100,100,A_real,0.0,hard,7,0.83
433,1,1,0.3539895194759916,0.46726612429638437,0.44073974282111295,0.564249420844956,0.44073974282111295,0.564249420844956,1.0,-0.0,0.94,focused,5,100,100,A_real,0.0,easy,1,0.94
434,1,1,0.4262705502892641,0.5249067610180553,0.5386706160986239,0.6419274195595418,0.5386706160986239,0.6419274195595418,1.0,-0.0,0.98,focused,5,100,100,A_real,0.0,neutral,1,0.98
435,3,1,0.22119956199377055,0.3281227160720169,0.18116089348926742,0.26478654328178747,0.27181424364164036,0.39728637126029326,0.6664878597315517,0.5004024235381879,0.74,focused,5,100,100,A_real,0.0,hard,3,0.74
436,2,1,0.2923983108006211,0.4077447891248675,0.352939475974794,0.4801970490357795,0.352939475974794,0.4801970490357795,1.0,-0.0,0.88,focused,5,100,100,A_real,0.0,easy,2,0.88
437,4,1,0.277371405594941,0.3735217319811418,0.33182986717036556,0.43800376089428034,0.33182986717036556,0.43800376089428034,1.0,-0.0,0.83,focused,5,100,100,A_real,0.0,neutral,4,0.83
438,4,1,0.244133510024921,0.36575579861069357,0.2747910124311575,0.4085103181215956,0.2747910124311575,0.4085103181215956,1.0,-0.0,0.81,focused,5,100,100,A_real,0.0,hard,4,0.81
439,5,1,0.31788510284218224,0.43692598143122563,0.42115900169439835,0.5499949353813749,0.42115900169439835,0.5499949353813749,1.0,-0.0,0.94,focused,5,100,100,A_real,0.0,easy,5,0.94
440,10,1,0.3366170503568319,0.4409097942013706,0.38511487711638775,0.4999124526337789,0.38511487711638775,0.4999124526337789,1.0,-0.0,0.9033333333333333,focused,5,300,300,A_real,0.0,easy,10,0.9033333333333332
441,2,1,0.37186674738923753,0.4573641059706865,0.3976730203940881,0.48734681347814557,0.3976730203940881,0.48734681347814557,1.0,-0.0,0.8633333333333333,focused,5,300,300,A_real,0.0,neutral,2,0.8633333333333333
442,0,1,0.25346201657126316,0.36635326195022033,0.28596042433970076,0.40811037312506565,0.28596042433970076,0.40811037312506565,1.0,-0.0,0.8433333333333334,focused,5,300,300,A_real,0.0,hard,0,0.8433333333333334
443,5,1,0.41578307935439635,0.5039760855185061,0.4933070344725962,0.5884475331024505,0.4933070344725962,0.5884475331024505,1.0,-0.0,0.95,focused,5,300,300,A_real,0.0,easy,5,0.95
444,7,1,0.26033690337141663,0.3698310565651369,0.2801881698702074,0.3962167748685621,0.2801881698702074,0.3962167748685621,1.0,-0.0,0.75,focused,5,300,300,A_real,0.0,neutral,7,0.75
445,4,1,0.35601263096103875,0.4369295955391818,0.3791135885799675,0.46378371063941454,0.3791135885799675,0.46378371063941454,1.0,-0.0,0.8433333333333334,focused,5,300,300,A_real,0.0,hard,4,0.8433333333333334
446,1,1,0.3510965384809821,0.44250244668267913,0.4130907840354131,0.5084844144971841,0.4130907840354131,0.5084844144971841,1.0,-0.0,0.9233333333333333,focused,5,300,300,A_real,0.0,easy,1,0.9233333333333332
447,9,1,0.29933746387398835,0.40570719515268966,0.33284981947209785,0.4461967402733182,0.33284981947209785,0.4461967402733182,1.0,-0.0,0.87,focused,5,300,300,A_real,0.0,neutral,9,0.87
448,9,1,0.28523491439513027,0.39508086301017564,0.3100731655375125,0.4240295445322659,0.3100731655375125,0.4240295445322659,1.0,-0.0,0.8666666666666667,focused,5,300,300,A_real,0.0,hard,9,0.8666666666666667
449,1,1,0.4129888547164264,0.503771754687462,0.5364728653883463,0.6216920962212641,0.5364728653883463,0.6216920962212641,1.0,-0.0,0.9766666666666667,focused,5,300,300,A_real,0.0,easy,1,0.9766666666666668
450,7,1,0.2641870458065989,0.37807620267535924,0.2935026621773165,0.4162020803612259,0.2935026621773165,0.4162020803612259,1.0,-0.0,0.81,focused,5,300,300,A_real,0.0,neutral,7,0.81
451,0,1,0.23130052459476874,0.34843982354940634,0.2655300628375815,0.39032483557339787,0.2655300628375815,0.39032483557339787,1.0,-0.0,0.8333333333333334,focused,5,300,300,A_real,0.0,hard,0,0.8333333333333334
452,1,1,0.4095356833429812,0.4886827636517104,0.48022399240563973,0.5589344163585367,0.48022399240563973,0.5589344163585367,1.0,-0.0,0.93,focused,5,300,300,A_real,0.0,easy,1,0.93
453,8,1,0.3325621918208027,0.43363790138257335,0.39063526382907876,0.4982914111067553,0.39063526382907876,0.4982914111067553,1.0,-0.0,0.9166666666666666,focused,5,300,300,A_real,0.0,neutral,8,0.9166666666666666
454,0,1,0.2826756934500425,0.38336143806240086,0.31672470261346897,0.4176239771156788,0.31672470261346897,0.4176239771156788,1.0,-0.0,0.83,focused,5,300,300,A_real,0.0,hard,0,0.83
455,10,1,0.3157712644828568,0.4317401038371352,0.3586244443193078,0.48766820408532224,0.3586244443193078,0.48766820408532224,1.0,-0.0,0.9266666666666666,focused,5,300,300,A_real,0.0,easy,10,0.9266666666666666
456,2,1,0.3366224399284015,0.4347820692682753,0.37724189973246053,0.4777968817994357,0.37724189973246053,0.4777968817994357,1.0,-0.0,0.88,focused,5,300,300,A_real,0.0,neutral,2,0.88
457,4,1,0.33704118637088104,0.4238177243154565,0.37589466877875227,0.46509629018333204,0.37589466877875227,0.46509629018333204,1.0,-0.0,0.84,focused,5,300,300,A_real,0.0,hard,4,0.84
458,2,1,0.37704756328116285,0.46853788808115,0.4132900177996986,0.5093344455056622,0.4132900177996986,0.5093344455056622,1.0,-0.0,0.88,focused,5,300,300,A_real,0.0,easy,2,0.88
459,3,1,0.2551755917806493,0.33864949336880135,0.27905788601104264,0.3699955144199845,0.27905788601104264,0.3699955144199845,1.0,-0.0,0.7366666666666667,focused,5,300,300,A_real,0.0,neutral,3,0.7366666666666667
460,7,1,0.31189620258681827,0.4022174710267601,0.33773460125187604,0.4318609785289605,0.33773460125187604,0.4318609785289605,1.0,-0.0,0.8266666666666667,focused,5,300,300,A_real,0.0,hard,7,0.8266666666666667
461,6,1,0.34049283721478574,0.43732207847455207,0.3840015902631588,0.48186980255842277,0.3840015902631588,0.48186980255842277,1.0,-0.0,0.8466666666666667,focused,5,300,300,A_real,0.0,easy,6,0.8466666666666667
462,9,1,0.3523777391144453,0.4433395334946271,0.39697572715375967,0.4934954828664026,0.39697572715375967,0.4934954828664026,1.0,-0.0,0.9033333333333333,focused,5,300,300,A_real,0.0,neutral,9,0.9033333333333332
463,3,1,0.20835677005754652,0.3214255838892073,0.2239747866591747,0.3377314776676927,0.2239747866591747,0.3377314776676927,1.0,-0.0,0.69,focused,5,300,300,A_real,0.0,hard,3,0.69
464,10,1,0.38225251394410154,0.4788353390527095,0.451916980596892,0.5447786187451636,0.451916980596892,0.5447786187451636,1.0,-0.0,0.9233333333333333,focused,5,300,300,A_real,0.0,easy,10,0.9233333333333332
465,10,1,0.32019531067715234,0.4348884302073609,0.3881514805557233,0.5038179319273893,0.3881514805557233,0.5038179319273893,1.0,-0.0,0.93,focused,5,300,300,A_real,0.0,neutral,10,0.93
466,9,1,0.3882728838322456,0.4587851771852307,0.4141637440830042,0.48844652146577183,0.4141637440830042,0.48844652146577183,1.0,-0.0,0.8466666666666667,focused,5,300,300,A_real,0.0,hard,9,0.8466666666666667
467,6,1,0.37385728885362207,0.4675083635759074,0.43211920764987305,0.5294415015903841,0.43211920764987305,0.5294415015903841,1.0,-0.0,0.9233333333333333,focused,5,300,300,A_real,0.0,easy,6,0.9233333333333332
468,9,1,0.2953310250330445,0.4003433881422214,0.337116023265158,0.45173120579410486,0.337116023265158,0.45173120579410486,1.0,-0.0,0.8833333333333333,focused,5,300,300,A_real,0.0,neutral,9,0.8833333333333333
469,0,1,0.2880074772166484,0.3908755681740092,0.3205480561632092,0.4319234765449634,0.3205480561632092,0.4319234765449634,1.0,-0.0,0.84,focused,5,300,300,A_real,0.0,hard,0,0.84
470,5,1,0.33837806628933587,0.4445204466056902,0.3909686564380506,0.49964281963760016,0.3909686564380506,0.49964281963760016,1.0,-0.0,0.9333333333333333,focused,5,300,300,A_real,0.0,easy,5,0.9333333333333332
471,0,1,0.2923844939214629,0.39332789602831797,0.3324519677456134,0.4417053310901568,0.3324519677456134,0.4417053310901568,1.0,-0.0,0.8566666666666667,focused,5,300,300,A_real,0.0,neutral,0,0.8566666666666667
472,7,1,0.2999159733613928,0.3980722243966779,0.34004762909496183,0.443806237445372,0.34004762909496183,0.443806237445372,1.0,-0.0,0.8233333333333334,focused,5,300,300,A_real,0.0,hard,7,0.8233333333333334
473,8,1,0.3301264364214786,0.43519465832020615,0.3681315882560532,0.47615186876156645,0.3681315882560532,0.47615186876156645,1.0,-0.0,0.9033333333333333,focused,5,300,300,A_real,0.0,easy,8,0.9033333333333332
474,0,1,0.3065764246872911,0.3956438185040894,0.37662307293578173,0.4639799949069936,0.37662307293578173,0.4639799949069936,1.0,-0.0,0.86,focused,5,300,300,A_real,0.0,neutral,0,0.86
475,4,1,0.2662173521796186,0.3863241165181744,0.3066636886721923,0.43796777040331325,0.3066636886721923,0.43796777040331325,1.0,-0.0,0.85,focused,5,300,300,A_real,0.0,hard,4,0.85
476,5,1,0.33131776395491924,0.44214249373506975,0.4022619281737078,0.5184729018830644,0.4022619281737078,0.5184729018830644,1.0,-0.0,0.95,focused,5,300,300,A_real,0.0,easy,5,0.95
477,10,1,0.30375523552837913,0.42059931183397736,0.3360327117859231,0.463568180633304,0.3360327117859231,0.463568180633304,1.0,-0.0,0.9033333333333333,focused,5,300,300,A_real,0.0,neutral,10,0.9033333333333332
478,3,1,0.17531886575993139,0.30426921272904706,0.1920684680794005,0.3280330475079882,0.1920684680794005,0.3280330475079882,1.0,-0.0,0.73,focused,5,300,300,A_real,0.0,hard,3,0.73
479,1,1,0.39632691762474015,0.4855907389007594,0.45306731721045984,0.5493805428209723,0.45306731721045984,0.5493805428209723,1.0,-0.0,0.95,focused,5,300,300,A_real,0.0,easy,1,0.95
480,6,1,0.13440959121916823,0.34858803946586175,0.13440959121916823,0.34858803946586175,0.13440959121916823,0.34858803946586175,1.0,-0.0,0.9,cross,1,30,30,A_real,0.0,easy,6,0.9
481,5,1,0.11771042329448389,0.3679871987145564,0.11771042329448389,0.3679871987145564,0.11771042329448389,0.3679871987145564,1.0,-0.0,0.9,cross,1,30,30,A_real,0.0,neutral,5,0.9
482,0,1,0.10573757497255461,0.31379939357693515,0.10573757497255461,0.31379939357693515,0.10573757497255461,0.31379939357693515,1.0,-0.0,0.9,cross,1,30,30,A_real,0.0,hard,0,0.9
483,2,1,0.2612428623324203,0.43927026035033667,0.2612428623324203,0.43927026035033667,0.2612428623324203,0.43927026035033667,1.0,-0.0,0.9333333333333333,cross,1,30,30,A_real,0.0,easy,2,0.9333333333333332
484,7,1,0.12560255729227032,0.36029060890062586,0.12560255729227032,0.36029060890062586,0.12560255729227032,0.36029060890062586,1.0,-0.0,1.0,cross,1,30,30,A_real,0.0,neutral,7,1.0
485,4,1,0.1040914165219509,0.32905046423643286,0.1040914165219509,0.32905046423643286,0.1040914165219509,0.32905046423643286,1.0,-0.0,0.8666666666666667,cross,1,30,30,A_real,0.0,hard,4,0.8666666666666667
486,10,1,0.15126755849330473,0.35263203104782004,0.15126755849330473,0.35263203104782004,0.15126755849330473,0.35263203104782004,1.0,-0.0,0.8333333333333334,cross,1,30,30,A_real,0.0,easy,10,0.8333333333333334
487,2,1,0.14385161083487377,0.33680850056838174,0.14385161083487377,0.33680850056838174,0.14385161083487377,0.33680850056838174,1.0,-0.0,0.8333333333333334,cross,1,30,30,A_real,0.0,neutral,2,0.8333333333333334
488,3,1,0.1064787415500819,0.31028065798481264,0.1064787415500819,0.31028065798481264,0.1064787415500819,0.31028065798481264,1.0,-0.0,0.8,cross,1,30,30,A_real,0.0,hard,3,0.8
489,2,1,0.18086198513914298,0.35654499896066855,0.18086198513914298,0.35654499896066855,0.18086198513914298,0.35654499896066855,1.0,-0.0,0.9,cross,1,30,30,A_real,0.0,easy,2,0.9
490,2,1,0.1429549250152471,0.3333629513754761,0.1429549250152471,0.3333629513754761,0.1429549250152471,0.3333629513754761,1.0,-0.0,0.8666666666666667,cross,1,30,30,A_real,0.0,neutral,2,0.8666666666666667
491,9,0,0.14918450298277658,0.3636067625450089,0.14918450298277658,0.3636067625450089,0.14918450298277658,0.3636067625450089,1.0,-0.0,0.7666666666666667,cross,1,30,30,A_real,0.0,hard,4,0.7666666666666667
492,2,1,0.1604749046295802,0.34914022726150495,0.1604749046295802,0.34914022726150495,0.1604749046295802,0.34914022726150495,1.0,-0.0,0.8666666666666667,cross,1,30,30,A_real,0.0,easy,2,0.8666666666666667
493,3,0,0.24912807550770827,0.45147102964261704,0.24912807550770827,0.45147102964261704,0.24912807550770827,0.45147102964261704,1.0,-0.0,0.8,cross,1,30,30,A_real,0.0,neutral,4,0.8
494,4,1,0.10712785301002775,0.3173874397907261,0.10712785301002775,0.3173874397907261,0.10712785301002775,0.3173874397907261,1.0,-0.0,0.7,cross,1,30,30,A_real,0.0,hard,4,0.7
495,10,1,0.11757644230944381,0.3819638719030244,0.11757644230944381,0.3819638719030244,0.11757644230944381,0.3819638719030244,1.0,-0.0,1.0,cross,1,30,30,A_real,0.0,easy,10,1.0
496,0,1,0.22954679809549428,0.42977253555957096,0.22954679809549428,0.42977253555957096,0.22954679809549428,0.42977253555957096,1.0,-0.0,0.9666666666666667,cross,1,30,30,A_real,0.0,neutral,0,0.9666666666666668
497,7,1,0.1478379536478048,0.35120259444060314,0.1478379536478048,0.35120259444060314,0.1478379536478048,0.35120259444060314,1.0,-0.0,0.8333333333333334,cross,1,30,30,A_real,0.0,hard,7,0.8333333333333334
498,2,1,0.11667338423226233,0.3486624692492734,0.11667338423226233,0.3486624692492734,0.11667338423226233,0.3486624692492734,1.0,-0.0,0.8666666666666667,cross,1,30,30,A_real,0.0,easy,2,0.8666666666666667
499,10,0,0.09336562653651216,0.33831994399085435,0.09336562653651216,0.33831994399085435,0.09336562653651216,0.33831994399085435,1.0,-0.0,0.8333333333333334,cross,1,30,30,A_real,0.0,neutral,4,0.8333333333333334
500,4,1,0.15777494501483122,0.3292979634007719,0.15777494501483122,0.3292979634007719,0.15777494501483122,0.3292979634007719,1.0,-0.0,0.8,cross,1,30,30,A_real,0.0,hard,4,0.8
501,8,1,0.2728809289751957,0.4300563868366368,0.2728809289751957,0.4300563868366368,0.2728809289751957,0.4300563868366368,1.0,-0.0,0.9666666666666667,cross,1,30,30,A_real,0.0,easy,8,0.9666666666666668
502,0,0,0.2670612071725787,0.4447660398310835,0.2670612071725787,0.4447660398310835,0.2670612071725787,0.4447660398310835,1.0,-0.0,0.8333333333333334,cross,1,30,30,A_real,0.0,neutral,4,0.8333333333333334
503,6,0,0.2793964342166723,0.4745132566725916,0.2793964342166723,0.4745132566725916,0.2793964342166723,0.4745132566725916,1.0,-0.0,0.9,cross,1,30,30,A_real,0.0,hard,7,0.9
504,10,1,0.19225496635258646,0.4177519361987699,0.19225496635258646,0.4177519361987699,0.19225496635258646,0.4177519361987699,1.0,-0.0,0.9333333333333333,cross,1,30,30,A_real,0.0,easy,10,0.9333333333333332
505,9,1,0.1770718262918243,0.35667550700900913,0.1770718262918243,0.35667550700900913,0.1770718262918243,0.35667550700900913,1.0,-0.0,0.9,cross,1,30,30,A_real,0.0,neutral,9,0.9
506,9,1,0.2684841389774487,0.43133474499667984,0.2684841389774487,0.43133474499667984,0.2684841389774487,0.43133474499667984,1.0,-0.0,0.9,cross,1,30,30,A_real,0.0,hard,9,0.9
507,8,1,0.16738394490156366,0.3752827246591186,0.16738394490156366,0.3752827246591186,0.16738394490156366,0.3752827246591186,1.0,-0.0,0.8666666666666667,cross,1,30,30,A_real,0.0,easy,8,0.8666666666666667
508,9,1,0.21559698522437556,0.42050006015808133,0.21559698522437556,0.42050006015808133,0.21559698522437556,0.42050006015808133,1.0,-0.0,0.9333333333333333,cross,1,30,30,A_real,0.0,neutral,9,0.9333333333333332
509,9,1,0.24958079101994876,0.45603603453270597,0.24958079101994876,0.45603603453270597,0.24958079101994876,0.45603603453270597,1.0,-0.0,0.9666666666666667,cross,1,30,30,A_real,0.0,hard,9,0.9666666666666668
510,1,1,0.17970473358522082,0.387653250006535,0.17970473358522082,0.387653250006535,0.17970473358522082,0.387653250006535,1.0,-0.0,0.9,cross,1,30,30,A_real,0.0,easy,1,0.9
511,9,1,0.09213473336248798,0.3208288778351362,0.09213473336248798,0.3208288778351362,0.09213473336248798,0.3208288778351362,1.0,-0.0,0.8333333333333334,cross,1,30,30,A_real,0.0,neutral,9,0.8333333333333334
512,0,0,0.2710892310797343,0.44379478807636263,0.2710892310797343,0.44379478807636263,0.2710892310797343,0.44379478807636263,1.0,-0.0,0.8666666666666667,cross,1,30,30,A_real,0.0,hard,7,0.8666666666666667
513,10,1,0.19759394094057323,0.37811666509495867,0.19759394094057323,0.37811666509495867,0.19759394094057323,0.37811666509495867,1.0,-0.0,0.9,cross,1,30,30,A_real,0.0,easy,10,0.9
514,10,1,0.22437388625286261,0.37857463680224274,0.22437388625286261,0.37857463680224274,0.22437388625286261,0.37857463680224274,1.0,-0.0,0.9,cross,1,30,30,A_real,0.0,neutral,10,0.9
515,9,1,0.1734757400567646,0.3352075576278292,0.1734757400567646,0.3352075576278292,0.1734757400567646,0.3352075576278292,1.0,-0.0,0.8333333333333334,cross,1,30,30,A_real,0.0,hard,9,0.8333333333333334
516,5,1,0.13538973410299784,0.3520716279188408,0.13538973410299784,0.3520716279188408,0.13538973410299784,0.3520716279188408,1.0,-0.0,0.8666666666666667,cross,1,30,30,A_real,0.0,easy,5,0.8666666666666667
517,2,1,0.12225487009067877,0.32363156978640245,0.12225487009067877,0.32363156978640245,0.12225487009067877,0.32363156978640245,1.0,-0.0,0.8,cross,1,30,30,A_real,0.0,neutral,2,0.8
518,5,0,0.09804525059447744,0.33676252200418333,0.09804525059447743,0.33676252200418333,0.09804525059447743,0.33676252200418333,1.0,-0.0,0.8,cross,1,30,30,A_real,0.0,hard,3,0.8
519,6,1,0.24429796295249762,0.42289365885087027,0.24429796295249762,0.42289365885087027,0.24429796295249762,0.42289365885087027,1.0,-0.0,0.9,cross,1,30,30,A_real,0.0,easy,6,0.9
520,0,0,0.22528172596800056,0.4244564240481145,0.22528172596800056,0.4244564240481145,0.22528172596800056,0.4244564240481145,1.0,-0.0,0.87,cross,1,100,100,A_real,0.0,easy,6,0.87
521,5,0,0.25479160919324656,0.508526340503635,0.25479160919324656,0.508526340503635,0.25479160919324656,0.508526340503635,1.0,-0.0,0.94,cross,1,100,100,A_real,0.0,neutral,6,0.94
522,7,1,0.21739701131919414,0.41833397439035275,0.21739701131919414,0.41833397439035275,0.21739701131919414,0.41833397439035275,1.0,-0.0,0.85,cross,1,100,100,A_real,0.0,hard,7,0.85
523,2,1,0.20210293812141075,0.4037869613577428,0.20210293812141075,0.4037869613577428,0.20210293812141075,0.4037869613577428,1.0,-0.0,0.92,cross,1,100,100,A_real,0.0,easy,2,0.92
524,4,1,0.15236882768806828,0.3331206031628122,0.15236882768806828,0.33312060316281217,0.15236882768806828,0.33312060316281217,1.0,-0.0,0.81,cross,1,100,100,A_real,0.0,neutral,4,0.81
525,4,1,0.1175891696592239,0.32361399596199886,0.1175891696592239,0.32361399596199886,0.1175891696592239,0.32361399596199886,1.0,-0.0,0.84,cross,1,100,100,A_real,0.0,hard,4,0.84
526,9,0,0.25945667919736887,0.4503164385884498,0.25945667919736887,0.4503164385884498,0.25945667919736887,0.4503164385884498,1.0,-0.0,0.89,cross,1,100,100,A_real,0.0,easy,8,0.89
527,0,0,0.10454805072844657,0.33162927652385144,0.10454805072844657,0.33162927652385144,0.10454805072844657,0.33162927652385144,1.0,-0.0,0.83,cross,1,100,100,A_real,0.0,neutral,3,0.83
528,3,1,0.1289385354209757,0.34128065571906446,0.1289385354209757,0.34128065571906446,0.1289385354209757,0.34128065571906446,1.0,-0.0,0.81,cross,1,100,100,A_real,0.0,hard,3,0.81
529,2,1,0.1676869745377772,0.4129579571505426,0.1676869745377772,0.4129579571505426,0.1676869745377772,0.4129579571505426,1.0,-0.0,0.93,cross,1,100,100,A_real,0.0,easy,2,0.93
530,1,1,0.2143277410847663,0.3886841886200074,0.2143277410847663,0.3886841886200074,0.2143277410847663,0.3886841886200074,1.0,-0.0,0.93,cross,1,100,100,A_real,0.0,neutral,1,0.93
531,9,0,0.13878991592388035,0.3284653698329758,0.13878991592388035,0.3284653698329758,0.13878991592388035,0.3284653698329758,1.0,-0.0,0.8,cross,1,100,100,A_real,0.0,hard,3,0.8
532,2,1,0.14172964418108877,0.35235129580231694,0.14172964418108877,0.35235129580231694,0.14172964418108877,0.35235129580231694,1.0,-0.0,0.79,cross,1,100,100,A_real,0.0,easy,2,0.79
533,0,1,0.14695070068588628,0.3460538237854678,0.14695070068588628,0.3460538237854678,0.14695070068588628,0.3460538237854678,1.0,-0.0,0.89,cross,1,100,100,A_real,0.0,neutral,0,0.89
534,9,1,0.21249347943286745,0.4097405648729379,0.21249347943286742,0.4097405648729379,0.21249347943286742,0.4097405648729379,1.0,-0.0,0.89,cross,1,100,100,A_real,0.0,hard,9,0.89
535,5,1,0.19521608411865038,0.41888325999344195,0.19521608411865038,0.41888325999344195,0.19521608411865038,0.41888325999344195,1.0,-0.0,0.85,cross,1,100,100,A_real,0.0,easy,5,0.85
536,10,1,0.13854787187053327,0.35004704215524707,0.13854787187053327,0.35004704215524707,0.13854787187053327,0.35004704215524707,1.0,-0.0,0.93,cross,1,100,100,A_real,0.0,neutral,10,0.93
537,0,1,0.18888422272416125,0.35074364863361285,0.18888422272416125,0.35074364863361285,0.18888422272416125,0.35074364863361285,1.0,-0.0,0.83,cross,1,100,100,A_real,0.0,hard,0,0.83
538,3,0,0.1948504680323558,0.36343680011279533,0.1948504680323558,0.36343680011279533,0.1948504680323558,0.36343680011279533,1.0,-0.0,0.76,cross,1,100,100,A_real,0.0,easy,2,0.76
539,6,1,0.13577439811338823,0.3307227687196538,0.13577439811338823,0.3307227687196538,0.13577439811338823,0.3307227687196538,1.0,-0.0,0.87,cross,1,100,100,A_real,0.0,neutral,6,0.87
540,5,0,0.2902027580410442,0.4512507259924882,0.2902027580410442,0.4512507259924882,0.2902027580410442,0.4512507259924882,1.0,-0.0,0.9,cross,1,100,100,A_real,0.0,hard,0,0.9
541,8,1,0.25695689492107754,0.45952358159826956,0.25695689492107754,0.45952358159826956,0.25695689492107754,0.45952358159826956,1.0,-0.0,0.9,cross,1,100,100,A_real,0.0,easy,8,0.9
542,7,1,0.18921182830448796,0.35386214412782313,0.18921182830448796,0.35386214412782313,0.18921182830448796,0.35386214412782313,1.0,-0.0,0.84,cross,1,100,100,A_real,0.0,neutral,7,0.84
543,4,1,0.10203499866031696,0.32386621472209554,0.10203499866031696,0.32386621472209554,0.10203499866031696,0.32386621472209554,1.0,-0.0,0.85,cross,1,100,100,A_real,0.0,hard,4,0.85
544,6,1,0.17157251344382246,0.36835311253836234,0.17157251344382246,0.36835311253836234,0.17157251344382246,0.36835311253836234,1.0,-0.0,0.83,cross,1,100,100,A_real,0.0,easy,6,0.83
545,2,1,0.12717369275096768,0.31434893535497177,0.12717369275096768,0.31434893535497177,0.12717369275096768,0.31434893535497177,1.0,-0.0,0.81,cross,1,100,100,A_real,0.0,neutral,2,0.81
546,4,1,0.17509341744805168,0.33188082587167994,0.1750934174480517,0.33188082587168,0.1750934174480517,0.33188082587168,1.0,-0.0,0.79,cross,1,100,100,A_real,0.0,hard,4,0.79
547,10,1,0.16062906749833264,0.41713497739453564,0.16062906749833264,0.41713497739453564,0.16062906749833264,0.41713497739453564,1.0,-0.0,0.93,cross,1,100,100,A_real,0.0,easy,10,0.93
548,4,1,0.17182895277570284,0.3313049540364616,0.17182895277570284,0.3313049540364616,0.17182895277570284,0.3313049540364616,1.0,-0.0,0.87,cross,1,100,100,A_real,0.0,neutral,4,0.87
549,4,1,0.12318330203916765,0.33051186200590504,0.12318330203916766,0.3305118620059051,0.12318330203916766,0.3305118620059051,1.0,-0.0,0.87,cross,1,100,100,A_real,0.0,hard,4,0.87
550,2,1,0.17987560213852566,0.34803068184204067,0.17987560213852563,0.34803068184204067,0.17987560213852563,0.34803068184204067,1.0,-0.0,0.87,cross,1,100,100,A_real,0.0,easy,2,0.87
551,1,0,0.12878181693009305,0.36281200053176177,0.12878181693009305,0.36281200053176177,0.12878181693009305,0.36281200053176177,1.0,-0.0,0.84,cross,1,100,100,A_real,0.0,neutral,0,0.84
552,3,1,0.11069827293705123,0.30882655972915724,0.11069827293705123,0.30882655972915724,0.11069827293705123,0.30882655972915724,1.0,-0.0,0.83,cross,1,100,100,A_real,0.0,hard,3,0.83
553,1,1,0.21825406780990922,0.4259353092672529,0.21825406780990922,0.4259353092672529,0.21825406780990922,0.4259353092672529,1.0,-0.0,0.92,cross,1,100,100,A_real,0.0,easy,1,0.92
554,10,1,0.21078493211261703,0.3625730012938562,0.21078493211261706,0.36257300129385617,0.21078493211261706,0.36257300129385617,1.0,-0.0,0.85,cross,1,100,100,A_real,0.0,neutral,10,0.85
555,6,0,0.17020489023937058,0.3604081573209823,0.17020489023937058,0.3604081573209823,0.17020489023937058,0.3604081573209823,1.0,-0.0,0.76,cross,1,100,100,A_real,0.0,hard,7,0.76
556,1,1,0.14773026647819237,0.3813906432595694,0.14773026647819237,0.3813906432595694,0.14773026647819237,0.3813906432595694,1.0,-0.0,0.91,cross,1,100,100,A_real,0.0,easy,1,0.91
557,9,1,0.0976525453561913,0.3108921320619101,0.0976525453561913,0.3108921320619101,0.0976525453561913,0.3108921320619101,1.0,-0.0,0.84,cross,1,100,100,A_real,0.0,neutral,9,0.84
558,4,1,0.13608629682740836,0.3313451707595529,0.13608629682740836,0.3313451707595529,0.13608629682740836,0.3313451707595529,1.0,-0.0,0.83,cross,1,100,100,A_real,0.0,hard,4,0.83
559,1,1,0.12182900100511762,0.3332758236709058,0.12182900100511762,0.3332758236709058,0.12182900100511762,0.3332758236709058,1.0,-0.0,0.86,cross,1,100,100,A_real,0.0,easy,1,0.86
560,10,1,0.11645107034821685,0.33181074418564244,0.11645107034821685,0.33181074418564244,0.11645107034821685,0.33181074418564244,1.0,-0.0,0.8833333333333333,cross,1,300,300,A_real,0.0,easy,10,0.8833333333333333
561,10,1,0.2180407443354536,0.4020585784480554,0.21804074433545356,0.4020585784480554,0.21804074433545356,0.4020585784480554,1.0,-0.0,0.9066666666666666,cross,1,300,300,A_real,0.0,neutral,10,0.9066666666666666
562,9,1,0.14854207318101426,0.3516002441038768,0.14854207318101426,0.3516002441038768,0.14854207318101426,0.3516002441038768,1.0,-0.0,0.8433333333333334,cross,1,300,300,A_real,0.0,hard,9,0.8433333333333334
563,1,1,0.18475737708762222,0.3758370503985341,0.18475737708762222,0.3758370503985341,0.18475737708762222,0.3758370503985341,1.0,-0.0,0.9,cross,1,300,300,A_real,0.0,easy,1,0.9
564,2,0,0.24003087197271206,0.43898977370516556,0.24003087197271203,0.43898977370516556,0.24003087197271203,0.43898977370516556,1.0,-0.0,0.88,cross,1,300,300,A_real,0.0,neutral,4,0.88
565,7,1,0.17086481423529037,0.352671013398853,0.17086481423529037,0.352671013398853,0.17086481423529037,0.352671013398853,1.0,-0.0,0.8633333333333333,cross,1,300,300,A_real,0.0,hard,7,0.8633333333333333
566,8,0,0.14021965678273446,0.3617137530936559,0.14021965678273446,0.3617137530936559,0.14021965678273446,0.3617137530936559,1.0,-0.0,0.85,cross,1,300,300,A_real,0.0,easy,6,0.85
567,5,1,0.27405563173340175,0.45230463814437405,0.27405563173340175,0.4523046381443741,0.27405563173340175,0.4523046381443741,1.0,-0.0,0.9,cross,1,300,300,A_real,0.0,neutral,5,0.9
568,9,1,0.10038369663865163,0.33156140984664256,0.10038369663865163,0.33156140984664256,0.10038369663865163,0.33156140984664256,1.0,-0.0,0.8433333333333334,cross,1,300,300,A_real,0.0,hard,9,0.8433333333333334
569,10,1,0.21315369281268476,0.4334024690361043,0.21315369281268476,0.4334024690361043,0.21315369281268476,0.4334024690361043,1.0,-0.0,0.94,cross,1,300,300,A_real,0.0,easy,10,0.94
570,7,1,0.10608599466885994,0.332632544635666,0.10608599466885994,0.332632544635666,0.10608599466885994,0.332632544635666,1.0,-0.0,0.8166666666666667,cross,1,300,300,A_real,0.0,neutral,7,0.8166666666666667
571,4,1,0.10047372670705144,0.3296882130851441,0.10047372670705144,0.3296882130851441,0.10047372670705144,0.3296882130851441,1.0,-0.0,0.8866666666666667,cross,1,300,300,A_real,0.0,hard,4,0.8866666666666667
572,8,1,0.20970810627642503,0.3802251116395067,0.20970810627642503,0.3802251116395067,0.20970810627642503,0.3802251116395067,1.0,-0.0,0.9,cross,1,300,300,A_real,0.0,easy,8,0.9
573,7,0,0.2015029378154616,0.3740977159007418,0.2015029378154616,0.3740977159007418,0.2015029378154616,0.3740977159007418,1.0,-0.0,0.7833333333333333,cross,1,300,300,A_real,0.0,neutral,3,0.7833333333333333
574,4,1,0.14747881778450722,0.38286163963618874,0.14747881778450722,0.38286163963618874,0.14747881778450722,0.38286163963618874,1.0,-0.0,0.9,cross,1,300,300,A_real,0.0,hard,4,0.9
575,8,1,0.19742717676236393,0.37074082769348377,0.19742717676236393,0.37074082769348377,0.19742717676236393,0.37074082769348377,1.0,-0.0,0.9266666666666666,cross,1,300,300,A_real,0.0,easy,8,0.9266666666666666
576,2,0,0.29403564981880986,0.46162353530169503,0.29403564981880986,0.4616235353016951,0.29403564981880986,0.4616235353016951,1.0,-0.0,0.9066666666666666,cross,1,300,300,A_real,0.0,neutral,5,0.9066666666666666
577,1,0,0.27744966496656553,0.45427230630541193,0.27744966496656553,0.45427230630541193,0.27744966496656553,0.45427230630541193,1.0,-0.0,0.9033333333333333,cross,1,300,300,A_real,0.0,hard,4,0.9033333333333332
578,2,1,0.12416321076046251,0.32972463700128185,0.12416321076046252,0.32972463700128185,0.12416321076046252,0.32972463700128185,1.0,-0.0,0.9166666666666666,cross,1,300,300,A_real,0.0,easy,2,0.9166666666666666
579,2,1,0.14309502471222965,0.3315188314108311,0.14309502471222965,0.3315188314108311,0.14309502471222965,0.3315188314108311,1.0,-0.0,0.8866666666666667,cross,1,300,300,A_real,0.0,neutral,2,0.8866666666666667
580,7,0,0.2112473614668728,0.42603915782033663,0.2112473614668728,0.42603915782033663,0.2112473614668728,0.42603915782033663,1.0,-0.0,0.8666666666666667,cross,1,300,300,A_real,0.0,hard,9,0.8666666666666667
581,8,1,0.2030197494560426,0.3666802080682198,0.2030197494560426,0.3666802080682198,0.2030197494560426,0.3666802080682198,1.0,-0.0,0.92,cross,1,300,300,A_real,0.0,easy,8,0.92
582,8,1,0.2347747014420765,0.39913069987918953,0.2347747014420765,0.39913069987918953,0.2347747014420765,0.39913069987918953,1.0,-0.0,0.8966666666666666,cross,1,300,300,A_real,0.0,neutral,8,0.8966666666666666
583,4,1,0.13436158862943795,0.3351148279514593,0.13436158862943795,0.3351148279514593,0.13436158862943795,0.3351148279514593,1.0,-0.0,0.8366666666666667,cross,1,300,300,A_real,0.0,hard,4,0.8366666666666667
584,10,1,0.20499191731236016,0.37747321250512156,0.20499191731236016,0.37747321250512156,0.20499191731236016,0.37747321250512156,1.0,-0.0,0.92,cross,1,300,300,A_real,0.0,easy,10,0.92
585,4,1,0.11732980760752329,0.3352756440868543,0.11732980760752329,0.3352756440868543,0.11732980760752329,0.3352756440868543,1.0,-0.0,0.9033333333333333,cross,1,300,300,A_real,0.0,neutral,4,0.9033333333333332
586,0,1,0.21838150332935388,0.4258855361423299,0.21838150332935388,0.4258855361423299,0.21838150332935388,0.4258855361423299,1.0,-0.0,0.87,cross,1,300,300,A_real,0.0,hard,0,0.87
587,8,1,0.13596155875420782,0.34010518459226424,0.13596155875420782,0.34010518459226424,0.13596155875420782,0.34010518459226424,1.0,-0.0,0.8766666666666667,cross,1,300,300,A_real,0.0,easy,8,0.8766666666666667
588,10,1,0.19006264544481297,0.37421629632737646,0.19006264544481297,0.37421629632737646,0.19006264544481297,0.37421629632737646,1.0,-0.0,0.89,cross,1,300,300,A_real,0.0,neutral,10,0.89
589,9,1,0.1855053899622449,0.3619720175447726,0.1855053899622449,0.3619720175447726,0.1855053899622449,0.3619720175447726,1.0,-0.0,0.86,cross,1,300,300,A_real,0.0,hard,9,0.86
590,8,1,0.18220146100372925,0.40691553945405945,0.18220146100372925,0.40691553945405945,0.18220146100372925,0.40691553945405945,1.0,-0.0,0.9066666666666666,cross,1,300,300,A_real,0.0,easy,8,0.9066666666666666
591,1,1,0.1206706599143304,0.35333863240136204,0.1206706599143304,0.35333863240136204,0.1206706599143304,0.35333863240136204,1.0,-0.0,0.9066666666666666,cross,1,300,300,A_real,0.0,neutral,1,0.9066666666666666
592,9,1,0.10358588061088282,0.3235857173899478,0.10358588061088282,0.3235857173899478,0.10358588061088282,0.3235857173899478,1.0,-0.0,0.8866666666666667,cross,1,300,300,A_real,0.0,hard,9,0.8866666666666667
593,7,0,0.20240905395315656,0.41248594737085115,0.20240905395315656,0.41248594737085115,0.20240905395315656,0.41248594737085115,1.0,-0.0,0.87,cross,1,300,300,A_real,0.0,easy,2,0.87
594,9,0,0.2452069965808962,0.4131834409646013,0.2452069965808962,0.4131834409646013,0.2452069965808962,0.4131834409646013,1.0,-0.0,0.85,cross,1,300,300,A_real,0.0,neutral,7,0.85
595,9,1,0.1613496138431032,0.34648775511772545,0.1613496138431032,0.34648775511772545,0.1613496138431032,0.34648775511772545,1.0,-0.0,0.91,cross,1,300,300,A_real,0.0,hard,9,0.91
596,5,1,0.10956444751443077,0.3236838825141095,0.10956444751443077,0.3236838825141095,0.10956444751443077,0.3236838825141095,1.0,-0.0,0.8766666666666667,cross,1,300,300,A_real,0.0,easy,5,0.8766666666666667
597,9,1,0.21708194870902997,0.37277274063411986,0.21708194870902994,0.37277274063411986,0.21708194870902994,0.37277274063411986,1.0,-0.0,0.8933333333333333,cross,1,300,300,A_real,0.0,neutral,9,0.8933333333333333
598,5,0,0.12666533906745436,0.3765153093902988,0.12666533906745436,0.3765153093902988,0.12666533906745436,0.3765153093902988,1.0,-0.0,0.8833333333333333,cross,1,300,300,A_real,0.0,hard,9,0.8833333333333333
599,9,0,0.2602003882697268,0.47005569647022755,0.2602003882697268,0.47005569647022755,0.2602003882697268,0.47005569647022755,1.0,-0.0,0.9333333333333333,cross,1,300,300,A_real,0.0,easy,1,0.9333333333333332
600,10,1,0.13123647394579513,0.317380155281974,0.08954375785007967,0.21453217832041974,0.15161076114060487,0.3632345528626021,0.5906161091496412,0.6931471805599453,0.8333333333333334,cross,2,30,30,A_real,0.0,easy,10,0.8333333333333334
601,1,0,0.20324903337445924,0.40954470800276455,0.15630451242762433,0.2562553931878258,0.2646465445256291,0.43387809647924747,0.5906161091496412,0.6931471805599453,0.8333333333333334,cross,2,30,30,A_real,0.0,neutral,3,0.8333333333333334
602,0,1,0.19824065040080358,0.41905688415717063,0.13983728145809882,0.25603490685672126,0.23676509883794755,0.4335047806693858,0.5906161091496412,0.6931471805599453,0.8,cross,2,30,30,A_real,0.0,hard,0,0.8
603,1,1,0.17485184941808585,0.38117052630111875,0.19503371745030895,0.42492881809871685,0.19503371745030895,0.42492881809871685,1.0,-0.0,0.8333333333333334,cross,2,30,30,A_real,0.0,easy,1,0.8333333333333334
604,6,1,0.1441786802846586,0.37161297328584547,0.15683593676177937,0.4051542481655901,0.15683593676177937,0.4051542481655901,1.0,-0.0,0.9333333333333333,cross,2,30,30,A_real,0.0,neutral,6,0.9333333333333332
605,2,0,0.13872707825355596,0.3431720568550851,0.11515862649317418,0.22213564837645863,0.1949805037640737,0.37610834675045635,0.5906161091496412,0.6931471805599453,0.7333333333333333,cross,2,30,30,A_real,0.0,hard,3,0.7333333333333333
606,6,1,0.2467607812648187,0.4196343827092056,0.28492325908419625,0.484095236131516,0.28492325908419625,0.484095236131516,1.0,-0.0,1.0,cross,2,30,30,A_real,0.0,easy,6,1.0
607,6,1,0.22330978978243612,0.40161144579528396,0.25856805427559243,0.465609740418592,0.25856805427559243,0.465609740418592,1.0,-0.0,0.9666666666666667,cross,2,30,30,A_real,0.0,neutral,6,0.9666666666666668
608,9,1,0.13827377287314221,0.32352862805435306,0.16054737679599582,0.3722821089702941,0.16054737679599582,0.3722821089702941,1.0,-0.0,0.9333333333333333,cross,2,30,30,A_real,0.0,hard,9,0.9333333333333332
609,6,1,0.16471708320899625,0.4059746482146188,0.13551842048264012,0.2979084554132316,0.22945263155411927,0.5044028613478813,0.5906161091496412,0.6931471805599453,0.9666666666666667,cross,2,30,30,A_real,0.0,easy,6,0.9666666666666668
610,4,1,0.12304196503572154,0.336046073019794,0.10105815570086006,0.2286605215404931,0.17110633139749917,0.38715591735165256,0.5906161091496412,0.6931471805599453,0.8333333333333334,cross,2,30,30,A_real,0.0,neutral,4,0.8333333333333334
611,3,1,0.12663863621309626,0.3065440418388806,0.08902788423619341,0.19709512149926048,0.15073731118572808,0.33371104926859274,0.5906161091496412,0.6931471805599453,0.7666666666666667,cross,2,30,30,A_real,0.0,hard,3,0.7666666666666667
612,5,1,0.14107977090293508,0.33667846737440466,0.15272700184201993,0.36169777882887266,0.15272700184201993,0.36169777882887266,1.0,-0.0,0.8666666666666667,cross,2,30,30,A_real,0.0,easy,5,0.8666666666666667
613,8,1,0.13966267930693735,0.32141099475857193,0.146808937419082,0.3358683378245964,0.146808937419082,0.3358683378245964,1.0,-0.0,0.8333333333333334,cross,2,30,30,A_real,0.0,neutral,8,0.8333333333333334
614,0,1,0.1831409005904224,0.3812337070464219,0.161301832089016,0.2680105899059424,0.27310774222067113,0.4537813746594541,0.5906161091496412,0.6931471805599453,0.9,cross,2,30,30,A_real,0.0,hard,0,0.9
615,2,1,0.20204737729602887,0.40950210944003196,0.23502082645300265,0.4672005448419042,0.23502082645300265,0.4672005448419042,1.0,-0.0,0.9,cross,2,30,30,A_real,0.0,easy,2,0.9
616,1,1,0.1685080320330291,0.40364680165670724,0.1317864536801737,0.27941261927693894,0.22313386248457992,0.47308668854161856,0.5906161091496412,0.6931471805599453,1.0,cross,2,30,30,A_real,0.0,neutral,1,1.0
617,7,1,0.1548280900285887,0.3567405206097748,0.17654940741062292,0.3993545943455932,0.17654940741062292,0.3993545943455932,1.0,-0.0,0.8333333333333334,cross,2,30,30,A_real,0.0,hard,7,0.8333333333333334
618,8,1,0.14737918137491596,0.3440061037695913,0.13894190139407225,0.24348688817845118,0.23524908860701138,0.4122591382226593,0.5906161091496412,0.6931471805599453,0.8666666666666667,cross,2,30,30,A_real,0.0,easy,8,0.8666666666666667
619,5,1,0.15312303071547823,0.40734197358061325,0.15875584198223106,0.30064445197406237,0.2687970062496347,0.5090353062108736,0.5906161091496412,0.6931471805599453,0.9666666666666667,cross,2,30,30,A_real,0.0,neutral,5,0.9666666666666668
620,7,1,0.1300052209612302,0.31533144068406566,0.08368181911708075,0.19995822410704175,0.1416856361022126,0.3385587033766114,0.5906161091496412,0.6931471805599453,0.7666666666666667,cross,2,30,30,A_real,0.0,hard,7,0.7666666666666667
621,2,1,0.15463211872094423,0.36173898119293746,0.17079760761898413,0.40021925323674273,0.17079760761898413,0.40021925323674273,1.0,-0.0,0.9333333333333333,cross,2,30,30,A_real,0.0,easy,2,0.9333333333333332
622,10,1,0.1513996668476241,0.36643125220980044,0.10413012540536139,0.2519335751562589,0.17630762824144117,0.4265606224642069,0.5906161091496412,0.6931471805599453,0.9,cross,2,30,30,A_real,0.0,neutral,10,0.9
623,3,1,0.13134494554541784,0.32784670348792877,0.15564398605416604,0.38946854610660486,0.15564398605416604,0.38946854610660486,1.0,-0.0,0.9333333333333333,cross,2,30,30,A_real,0.0,hard,3,0.9333333333333332
624,2,1,0.13629755747914518,0.31989333076026705,0.0984745183731458,0.21153323693815165,0.16673185314049035,0.35815690371655035,0.5906161091496412,0.6931471805599453,0.8,cross,2,30,30,A_real,0.0,easy,2,0.8
625,7,1,0.1436691592080865,0.36977097798028397,0.16596373248405313,0.27993288622307866,0.28100102573057956,0.47396757705461356,0.5906161091496412,0.6931471805599453,0.8666666666666667,cross,2,30,30,A_real,0.0,neutral,7,0.8666666666666667
626,4,1,0.1361505750882553,0.3257703584941863,0.145002801383761,0.3457968574077144,0.145002801383761,0.3457968574077144,1.0,-0.0,0.7666666666666667,cross,2,30,30,A_real,0.0,hard,4,0.7666666666666667
627,6,1,0.2103577559499484,0.3729199777368174,0.23347110148378916,0.4114842296802373,0.23347110148378916,0.4114842296802373,1.0,-0.0,0.9666666666666667,cross,2,30,30,A_real,0.0,easy,6,0.9666666666666668
628,9,1,0.2011130972365357,0.4089093978852555,0.15514360435280325,0.2758432508035524,0.2626809562918565,0.46704322237452456,0.5906161091496412,0.6931471805599453,1.0,cross,2,30,30,A_real,0.0,neutral,9,1.0
629,7,1,0.19741392914317807,0.37778014632253115,0.22903543374025753,0.4379969345564794,0.22903543374025753,0.4379969345564794,1.0,-0.0,0.9,cross,2,30,30,A_real,0.0,hard,7,0.9
630,8,1,0.13081418767761843,0.3420858296209423,0.15488803961202066,0.40684488561234444,0.15488803961202066,0.40684488561234444,1.0,-0.0,0.8666666666666667,cross,2,30,30,A_real,0.0,easy,8,0.8666666666666667
631,0,1,0.1718741792185636,0.3724686477503512,0.12703581809573844,0.2559665424369223,0.21509033723892562,0.43338902964475257,0.5906161091496412,0.6931471805599453,0.8333333333333334,cross,2,30,30,A_real,0.0,neutral,0,0.8333333333333334
632,0,1,0.1438516108348738,0.32140741397604466,0.1600398533997236,0.35321590045322476,0.1600398533997236,0.35321590045322476,1.0,-0.0,0.8333333333333334,cross,2,30,30,A_real,0.0,hard,0,0.8333333333333334
633,2,1,0.12221153528883394,0.3279670121225535,0.14023389886828055,0.37680972809514096,0.14023389886828055,0.37680972809514096,1.0,-0.0,0.8333333333333334,cross,2,30,30,A_real,0.0,easy,2,0.8333333333333334
634,4,1,0.19732887140781316,0.40756169126882413,0.22520529446847812,0.4647710779165975,0.22520529446847812,0.4647710779165975,1.0,-0.0,0.9333333333333333,cross,2,30,30,A_real,0.0,neutral,4,0.9333333333333332
635,9,1,0.1714945192252884,0.36992416512263543,0.197434659393373,0.42459220131929126,0.197434659393373,0.42459220131929126,1.0,-0.0,0.9,cross,2,30,30,A_real,0.0,hard,9,0.9
636,2,1,0.1453554411325054,0.3394375917015975,0.15972389799718872,0.3702248087266529,0.15972389799718872,0.3702248087266529,1.0,-0.0,0.8666666666666667,cross,2,30,30,A_real,0.0,easy,2,0.8666666666666667
637,9,1,0.09122796690604452,0.314634976923217,0.05838516168452911,0.20083278137555347,0.09885467189269702,0.34003945755003023,0.5906161091496412,0.6931471805599453,0.8333333333333334,cross,2,30,30,A_real,0.0,neutral,9,0.8333333333333334
638,7,1,0.19276648320675638,0.38295348664043405,0.24097060446576163,0.46942191050091314,0.24097060446576163,0.46942191050091314,1.0,-0.0,0.9333333333333333,cross,2,30,30,A_real,0.0,hard,7,0.9333333333333332
639,5,1,0.13662625391888703,0.31248942554976167,0.15290959022781567,0.349713574693218,0.15290959022781567,0.349713574693218,1.0,-0.0,0.8,cross,2,30,30,A_real,0.0,easy,5,0.8
640,2,1,0.13380183360501344,0.3245617505419151,0.10361084560824585,0.20604168087467284,0.17542841111703325,0.3488588910507843,0.5906161091496412,0.6931471805599453,0.8,cross,2,100,100,A_real,0.0,easy,2,0.8
641,5,1,0.18075144669155155,0.35178206700444414,0.19729407331026905,0.38055083991421407,0.19729407331026905,0.38055083991421407,1.0,-0.0,0.83,cross,2,100,100,A_real,0.0,neutral,5,0.83
642,4,1,0.11286421453330635,0.3169434614856538,0.08392069483900085,0.21023810500926773,0.14209008785728583,0.35596405474270737,0.5906161091496412,0.6931471805599453,0.81,cross,2,100,100,A_real,0.0,hard,4,0.81
643,8,1,0.17191092604638245,0.3694061756274403,0.15825833701705558,0.2592239822021454,0.2679546571205333,0.4389043545990839,0.5906161091496412,0.6931471805599453,0.92,cross,2,100,100,A_real,0.0,easy,8,0.92
644,0,1,0.15718303913002493,0.3279764934291521,0.11151648538681413,0.22307986158831036,0.1888138228186387,0.3777070386879505,0.5906161091496412,0.6931471805599453,0.86,cross,2,100,100,A_real,0.0,neutral,0,0.86
645,3,1,0.1547703636770796,0.3398343089510014,0.11950090353800154,0.22681681362000497,0.2023326178997333,0.384034248484302,0.5906161091496412,0.6931471805599453,0.82,cross,2,100,100,A_real,0.0,hard,3,0.82
646,5,1,0.16597557785388015,0.3546118559765573,0.18713136931508503,0.3897695777098773,0.18713136931508503,0.3897695777098773,1.0,-0.0,0.92,cross,2,100,100,A_real,0.0,easy,5,0.92
647,2,1,0.14213740309837375,0.32550491950222993,0.1594943219328953,0.36570155011412153,0.1594943219328953,0.36570155011412153,1.0,-0.0,0.86,cross,2,100,100,A_real,0.0,neutral,2,0.86
648,7,1,0.21099866027971353,0.36508927080458337,0.22535472301064588,0.38916166166364635,0.22535472301064588,0.38916166166364635,1.0,-0.0,0.79,cross,2,100,100,A_real,0.0,hard,7,0.79
649,8,1,0.18480956600277773,0.35901813246042563,0.20368136326255182,0.3957095538538606,0.20368136326255182,0.3957095538538606,1.0,-0.0,0.91,cross,2,100,100,A_real,0.0,easy,8,0.91
650,1,1,0.17274914018492588,0.36811853452020005,0.18669047139584996,0.3904255247801828,0.18669047139584996,0.3904255247801828,1.0,-0.0,0.91,cross,2,100,100,A_real,0.0,neutral,1,0.91
651,0,1,0.07963722307173195,0.3058924462009874,0.06872879035483447,0.20734615009655957,0.11636795761258355,0.3510675494359491,0.5906161091496412,0.6931471805599453,0.81,cross,2,100,100,A_real,0.0,hard,0,0.81
652,5,1,0.1747560040122063,0.36183298565224353,0.19121630959756075,0.39671306959596586,0.19121630959756075,0.39671306959596586,1.0,-0.0,0.92,cross,2,100,100,A_real,0.0,easy,5,0.92
653,0,1,0.16836308680561654,0.37369633050765244,0.13097045730364318,0.2617052205528192,0.22175226052031013,0.44310545631682446,0.5906161091496412,0.6931471805599453,0.91,cross,2,100,100,A_real,0.0,neutral,0,0.91
654,0,1,0.19002560005459262,0.35817532282377584,0.21405941934795356,0.40031448867241964,0.21405941934795356,0.40031448867241964,1.0,-0.0,0.81,cross,2,100,100,A_real,0.0,hard,0,0.81
655,5,1,0.14475181999794076,0.3337129221645419,0.15597320481219712,0.35901034418941874,0.15597320481219712,0.35901034418941874,1.0,-0.0,0.9,cross,2,100,100,A_real,0.0,easy,5,0.9
656,5,1,0.1827254233441725,0.34645749850122726,0.19430377496341072,0.3682862095081141,0.19430377496341072,0.3682862095081141,1.0,-0.0,0.87,cross,2,100,100,A_real,0.0,neutral,5,0.87
657,7,1,0.1278474004374709,0.3144319620486735,0.13789717633421028,0.3370659949539696,0.13789717633421028,0.3370659949539696,1.0,-0.0,0.86,cross,2,100,100,A_real,0.0,hard,7,0.86
658,2,1,0.18165180978623513,0.3703162308243535,0.1477123204506972,0.24809799969234467,0.25009869890506514,0.42006642868165556,0.5906161091496412,0.6931471805599453,0.91,cross,2,100,100,A_real,0.0,easy,2,0.91
659,5,1,0.17977895250018458,0.3539096093352066,0.19014631164279122,0.3689719824376651,0.19014631164279122,0.3689719824376651,1.0,-0.0,0.92,cross,2,100,100,A_real,0.0,neutral,5,0.92
660,7,1,0.12288158895218235,0.327682957154159,0.1302129089999938,0.34713674923540977,0.1302129089999938,0.34713674923540977,1.0,-0.0,0.89,cross,2,100,100,A_real,0.0,hard,7,0.89
661,8,1,0.15357456370280206,0.36959664662935715,0.13275736358070786,0.2533207565877397,0.22477775584524706,0.42890932479384375,0.5906161091496412,0.6931471805599453,0.92,cross,2,100,100,A_real,0.0,easy,8,0.92
662,1,1,0.1633502026392906,0.34682578519340446,0.18344399805281209,0.3939346913690832,0.18344399805281209,0.3939346913690832,1.0,-0.0,0.9,cross,2,100,100,A_real,0.0,neutral,1,0.9
663,9,1,0.15565557123870669,0.337720861440779,0.16590407866569146,0.3600209484676889,0.16590407866569146,0.3600209484676889,1.0,-0.0,0.88,cross,2,100,100,A_real,0.0,hard,9,0.88
664,8,1,0.12974444975534877,0.32325367604123456,0.10893375747824258,0.214945518077398,0.18444088434208727,0.3639343979067432,0.5906161091496412,0.6931471805599453,0.82,cross,2,100,100,A_real,0.0,easy,8,0.82
665,8,1,0.20403266471728518,0.363253776418385,0.2295565419715106,0.4049655826426577,0.2295565419715106,0.4049655826426577,1.0,-0.0,0.88,cross,2,100,100,A_real,0.0,neutral,8,0.88
666,3,1,0.09929387236411467,0.2845799718768392,0.10730334845928874,0.3033707908372543,0.10730334845928874,0.3033707908372543,1.0,-0.0,0.77,cross,2,100,100,A_real,0.0,hard,3,0.77
667,2,1,0.16640606396439267,0.3964832078828935,0.15316227853610503,0.2800287939297675,0.2593262800715433,0.47412996291778775,0.5906161091496412,0.6931471805599453,0.91,cross,2,100,100,A_real,0.0,easy,2,0.91
668,10,1,0.13841209932680704,0.36335448688459154,0.12508432801755195,0.2569744917794603,0.21178617731515348,0.4350956362322181,0.5906161091496412,0.6931471805599453,0.91,cross,2,100,100,A_real,0.0,neutral,10,0.91
669,0,1,0.1301161522447545,0.3364473490808221,0.13568149536778723,0.3509785047496237,0.13568149536778723,0.3509785047496237,1.0,-0.0,0.84,cross,2,100,100,A_real,0.0,hard,0,0.84
670,1,1,0.18557614795061003,0.37696576343876437,0.19732568142948562,0.4004086701005531,0.19732568142948562,0.4004086701005531,1.0,-0.0,0.96,cross,2,100,100,A_real,0.0,easy,1,0.96
671,2,1,0.14725222906183041,0.3321193678131222,0.16820181419729757,0.37146197876247217,0.16820181419729757,0.37146197876247217,1.0,-0.0,0.87,cross,2,100,100,A_real,0.0,neutral,2,0.87
672,0,1,0.10741734667828018,0.2952342987629243,0.12217343613680066,0.3356103918898083,0.12217343613680066,0.3356103918898083,1.0,-0.0,0.85,cross,2,100,100,A_real,0.0,hard,0,0.85
673,1,1,0.19063259238000393,0.38234794851919507,0.22909554163660167,0.45117456157806646,0.22909554163660167,0.45117456157806646,1.0,-0.0,0.97,cross,2,100,100,A_real,0.0,easy,1,0.97
674,9,1,0.17126862225859,0.35139531700869514,0.18510507204402532,0.37713630022443745,0.18510507204402532,0.37713630022443745,1.0,-0.0,0.86,cross,2,100,100,A_real,0.0,neutral,9,0.86
675,3,1,0.11826483271651728,0.314286185455448,0.12938544759803874,0.34373585854209665,0.12938544759803874,0.34373585854209665,1.0,-0.0,0.76,cross,2,100,100,A_real,0.0,hard,3,0.76
676,1,1,0.14459804159059966,0.3492975929421246,0.09905026910624205,0.22798533366192733,0.1677066838709376,0.38601272489871064,0.5906161091496412,0.6931471805599453,0.92,cross,2,100,100,A_real,0.0,easy,1,0.92
677,8,1,0.19088730871798126,0.3596581020003653,0.13450681654050153,0.24997626555241934,0.22773983719164398,0.423246609226983,0.5906161091496412,0.6931471805599453,0.91,cross,2,100,100,A_real,0.0,neutral,8,0.91
678,0,1,0.12947195802356923,0.33087716385520627,0.11545440436029555,0.230777449129032,0.19548129922586227,0.3907401873296367,0.5906161091496412,0.6931471805599453,0.85,cross,2,100,100,A_real,0.0,hard,0,0.85
679,10,1,0.19770323332857193,0.37008626580088966,0.216567588095404,0.4027554990515494,0.216567588095404,0.4027554990515494,1.0,-0.0,0.94,cross,2,100,100,A_real,0.0,easy,10,0.94
680,8,1,0.1624011447195865,0.34011790778662077,0.17662130794816722,0.3704769109018745,0.17662130794816722,0.3704769109018745,1.0,-0.0,0.9,cross,2,300,300,A_real,0.0,easy,8,0.9
681,10,1,0.15618812025597456,0.34326160798013766,0.1695482436428249,0.3745688246940702,0.1695482436428249,0.3745688246940702,1.0,-0.0,0.9166666666666666,cross,2,300,300,A_real,0.0,neutral,10,0.9166666666666666
682,9,1,0.12865264043776736,0.32587338363728796,0.1477895652540195,0.3744183220467331,0.1477895652540195,0.3744183220467331,1.0,-0.0,0.9066666666666666,cross,2,300,300,A_real,0.0,hard,9,0.9066666666666666
683,6,1,0.2027615145929783,0.366863756053436,0.2063932921177235,0.3736407416764494,0.2063932921177235,0.3736407416764494,1.0,-0.0,0.89,cross,2,300,300,A_real,0.0,easy,6,0.89
684,10,1,0.14001171137702814,0.3282940240887617,0.15250635957067313,0.35645718707872975,0.15250635957067313,0.35645718707872975,1.0,-0.0,0.9066666666666666,cross,2,300,300,A_real,0.0,neutral,10,0.9066666666666666
685,7,0,0.15297392866017112,0.37329807727089054,0.15969083148993993,0.38849286051299,0.15969083148993993,0.38849286051299,1.0,-0.0,0.8566666666666667,cross,2,300,300,A_real,0.0,hard,9,0.8566666666666667
686,6,1,0.13948616390541407,0.3359599299429795,0.15056290589620303,0.3592458612702888,0.15056290589620303,0.3592458612702888,1.0,-0.0,0.9133333333333333,cross,2,300,300,A_real,0.0,easy,6,0.9133333333333332
687,8,1,0.1052530163523011,0.31153514456646436,0.117057961478392,0.3451692533084574,0.117057961478392,0.3451692533084574,1.0,-0.0,0.9133333333333333,cross,2,300,300,A_real,0.0,neutral,8,0.9133333333333332
688,4,1,0.17176041708452058,0.33989296020994336,0.189977685858421,0.3759056421212145,0.189977685858421,0.3759056421212145,1.0,-0.0,0.8466666666666667,cross,2,300,300,A_real,0.0,hard,4,0.8466666666666667
689,6,1,0.1516096033530618,0.3272456290065706,0.1630443369003355,0.34990668470007774,0.1630443369003355,0.34990668470007774,1.0,-0.0,0.8533333333333334,cross,2,300,300,A_real,0.0,easy,6,0.8533333333333334
690,10,1,0.17170152649794862,0.35318235105017587,0.19470958937573493,0.3979616178696265,0.19470958937573493,0.3979616178696265,1.0,-0.0,0.8833333333333333,cross,2,300,300,A_real,0.0,neutral,10,0.8833333333333333
691,3,1,0.11249682693209602,0.2901317793470768,0.12015737462312387,0.3090650848314678,0.12015737462312387,0.3090650848314678,1.0,-0.0,0.7833333333333333,cross,2,300,300,A_real,0.0,hard,3,0.7833333333333333
692,6,1,0.15099056446338394,0.3547120574166864,0.1373139430486026,0.24181272925126415,0.23249271552431036,0.40942454075528334,0.5906161091496412,0.6931471805599453,0.86,cross,2,300,300,A_real,0.0,easy,6,0.86
693,8,1,0.13510664158826696,0.34513031853022963,0.11457943716091606,0.2427968814335359,0.19399985097915046,0.41109085524793865,0.5906161091496412,0.6931471805599453,0.9133333333333333,cross,2,300,300,A_real,0.0,neutral,8,0.9133333333333332
694,4,1,0.18883753092867872,0.37516383947441007,0.12470564391163726,0.24632450556741395,0.21114500938890113,0.4170636421042895,0.5906161091496412,0.6931471805599453,0.86,cross,2,300,300,A_real,0.0,hard,4,0.86
695,1,1,0.18806613752145926,0.39513096704221706,0.20348515042650359,0.4252353880799674,0.20348515042650359,0.4252353880799674,1.0,-0.0,0.9166666666666666,cross,2,300,300,A_real,0.0,easy,1,0.9166666666666666
696,1,1,0.16649773171847757,0.3337525716270647,0.17708370723121006,0.3518967967777882,0.17708370723121006,0.3518967967777882,1.0,-0.0,0.9033333333333333,cross,2,300,300,A_real,0.0,neutral,1,0.9033333333333332
697,3,1,0.1097899472678519,0.31708221454809105,0.11399921839596866,0.32684842366974093,0.11399921839596866,0.32684842366974093,1.0,-0.0,0.8233333333333334,cross,2,300,300,A_real,0.0,hard,3,0.8233333333333334
698,2,1,0.13699178615497676,0.3274897963382025,0.15106006263927918,0.3618172688350592,0.15106006263927918,0.3618172688350592,1.0,-0.0,0.87,cross,2,300,300,A_real,0.0,easy,2,0.87
699,1,1,0.11160056023179726,0.3127312660320322,0.09270528526740489,0.2089176523953936,0.15696369237351201,0.35372833412246335,0.5906161091496412,0.6931471805599453,0.8766666666666667,cross,2,300,300,A_real,0.0,neutral,1,0.8766666666666667
700,7,1,0.16204490661288742,0.37694628922634954,0.17591165704444772,0.4043862279170723,0.17591165704444772,0.4043862279170723,1.0,-0.0,0.9066666666666666,cross,2,300,300,A_real,0.0,hard,7,0.9066666666666666
701,6,1,0.13973626435043876,0.3393025179957282,0.11130244994904001,0.23306956747009605,0.18845142932063152,0.3946210810363191,0.5906161091496412,0.6931471805599453,0.8533333333333334,cross,2,300,300,A_real,0.0,easy,6,0.8533333333333334
702,6,1,0.1708567762304954,0.36061680814172586,0.1844230952302454,0.3885426892743657,0.1844230952302454,0.3885426892743657,1.0,-0.0,0.9166666666666666,cross,2,300,300,A_real,0.0,neutral,6,0.9166666666666666
703,9,1,0.12011934649274174,0.314379761460342,0.13394218844237868,0.3435370799823065,0.13394218844237868,0.3435370799823065,1.0,-0.0,0.8733333333333333,cross,2,300,300,A_real,0.0,hard,9,0.8733333333333333
704,1,1,0.19172240009958022,0.4259624364867037,0.15403913250982987,0.2677333810343294,0.26081092290491825,0.4533120192400564,0.5906161091496412,0.6931471805599453,0.93,cross,2,300,300,A_real,0.0,easy,1,0.93
705,2,1,0.16260073605819897,0.42748297720828876,0.19131383297863622,0.30598392962304977,0.3239224769098942,0.5180758277379195,0.5906161091496412,0.6931471805599453,0.96,cross,2,300,300,A_real,0.0,neutral,2,0.96
706,4,1,0.14712174053170698,0.31656075391606764,0.15933812389350555,0.3377759501300011,0.15933812389350555,0.3377759501300011,1.0,-0.0,0.8233333333333334,cross,2,300,300,A_real,0.0,hard,4,0.8233333333333334
707,5,1,0.19662206041534178,0.37318958554152853,0.2242051606315129,0.4268962795220054,0.2242051606315129,0.4268962795220054,1.0,-0.0,0.92,cross,2,300,300,A_real,0.0,easy,5,0.92
708,2,0,0.13127710994962585,0.3347971951457471,0.12963511022198204,0.22023578697851542,0.21949132137392666,0.3728916017810741,0.5906161091496412,0.6931471805599453,0.83,cross,2,300,300,A_real,0.0,neutral,4,0.83
709,9,1,0.17351217198476201,0.3329723776403363,0.18386365793829945,0.35253974293365636,0.18386365793829945,0.35253974293365636,1.0,-0.0,0.85,cross,2,300,300,A_real,0.0,hard,9,0.85
710,10,1,0.16254386997663633,0.3440464456621008,0.1738059548391474,0.36764450986428726,0.1738059548391474,0.36764450986428726,1.0,-0.0,0.88,cross,2,300,300,A_real,0.0,easy,10,0.88
711,3,1,0.15160705962104282,0.33962511934288464,0.10268419698230084,0.20595723203945207,0.1738594586086447,0.3487159067435287,0.5906161091496412,0.6931471805599453,0.7766666666666666,cross,2,300,300,A_real,0.0,neutral,3,0.7766666666666666
712,4,1,0.14306683293579373,0.32966591042036314,0.15644050814950436,0.35786010423606013,0.15644050814950436,0.35786010423606013,1.0,-0.0,0.8066666666666666,cross,2,300,300,A_real,0.0,hard,4,0.8066666666666666
713,1,1,0.16144253199421774,0.3310468535476564,0.1736478384413157,0.35258900018750094,0.1736478384413157,0.35258900018750094,1.0,-0.0,0.8966666666666666,cross,2,300,300,A_real,0.0,easy,1,0.8966666666666666
714,9,1,0.16663323132008293,0.3537346646123387,0.1790682838860269,0.3802420381323344,0.1790682838860269,0.3802420381323344,1.0,-0.0,0.8966666666666666,cross,2,300,300,A_real,0.0,neutral,9,0.8966666666666666
715,3,1,0.12807981574136273,0.30813659020956835,0.1335771941709018,0.32172441807194796,0.1335771941709018,0.32172441807194796,1.0,-0.0,0.8,cross,2,300,300,A_real,0.0,hard,3,0.8
716,1,1,0.1766999525750123,0.3484994405927989,0.18504012029128625,0.3637024979773324,0.18504012029128625,0.3637024979773324,1.0,-0.0,0.8733333333333333,cross,2,300,300,A_real,0.0,easy,1,0.8733333333333333
717,6,1,0.17306271814012336,0.36029475905589115,0.17793565912270864,0.37165264431759587,0.17793565912270864,0.37165264431759587,1.0,-0.0,0.88,cross,2,300,300,A_real,0.0,neutral,6,0.88
718,4,1,0.16845345616420332,0.39240703766459545,0.11573982203303725,0.24545575831843086,0.19596455335374685,0.41559272514905454,0.5906161091496412,0.6931471805599453,0.8866666666666667,cross,2,300,300,A_real,0.0,hard,4,0.8866666666666667
719,6,1,0.1428169376419645,0.32926959030730263,0.15166835529318196,0.34855067591170413,0.15166835529318196,0.34855067591170413,1.0,-0.0,0.8966666666666666,cross,2,300,300,A_real,0.0,easy,6,0.8966666666666666
720,5,1,0.18416013464317652,0.3671003154703059,0.20287000155150575,0.40416016687085554,0.20287000155150575,0.40416016687085554,1.0,-0.0,0.9,cross,3,30,30,A_real,0.0,easy,5,0.9
721,4,1,0.14615925917390424,0.3260457510540011,0.14679241344425317,0.2553306460085016,0.24022786439971028,0.4178522197927802,0.6110548991103224,0.6365141682948128,0.8666666666666667,cross,3,30,30,A_real,0.0,neutral,4,0.8666666666666667
722,0,1,0.11848822753031668,0.32495927037867517,0.097072741530246,0.20361384002551647,0.20371804827007742,0.42730650682045146,0.4765053580405044,1.0986122886681096,0.9,cross,3,30,30,A_real,0.0,hard,0,0.9
723,5,1,0.17575479921293097,0.36582452841521396,0.12617253551269866,0.2630489277251456,0.20648314201621176,0.430483297176959,0.6110548991103224,0.6365141682948128,1.0,cross,3,30,30,A_real,0.0,easy,5,1.0
724,2,1,0.1847742718559397,0.37735346953463916,0.21354443977690735,0.4353112946021221,0.21354443977690735,0.4353112946021221,1.0,-0.0,1.0,cross,3,30,30,A_real,0.0,neutral,2,1.0
725,9,1,0.13589080232339543,0.3486750722025139,0.11793851628851339,0.21609391348535129,0.2475072195903582,0.45349734234674155,0.4765053580405044,1.0986122886681096,0.8333333333333334,cross,3,30,30,A_real,0.0,hard,9,0.8333333333333334
726,10,1,0.1686719864540971,0.40909654047180694,0.16168353116406575,0.3112613929270313,0.2645973895299295,0.5093836795682656,0.6110548991103224,0.6365141682948128,0.9,cross,3,30,30,A_real,0.0,easy,10,0.9
727,0,1,0.128588414330234,0.31558748064320996,0.1048382593141015,0.2338970837415448,0.17156929674689272,0.3827758914658764,0.6110548991103224,0.6365141682948128,0.9,cross,3,30,30,A_real,0.0,neutral,0,0.9
728,7,1,0.11922742258867444,0.334237950141621,0.07840288712542871,0.1984672803490888,0.16453726238848343,0.4165058734391366,0.4765053580405044,1.0986122886681096,0.9,cross,3,30,30,A_real,0.0,hard,7,0.9
729,6,1,0.17164020036777478,0.35206196443229143,0.2020726442251123,0.4144806474014615,0.2020726442251123,0.4144806474014615,1.0,-0.0,0.9333333333333333,cross,3,30,30,A_real,0.0,easy,6,0.9333333333333332
730,2,1,0.11586664836302409,0.322352921159919,0.09004349587709343,0.22634596681362235,0.14735745676565895,0.37041838162688046,0.6110548991103224,0.6365141682948128,0.7666666666666667,cross,3,30,30,A_real,0.0,neutral,2,0.7666666666666667
731,9,1,0.22252505478306533,0.38799696097751607,0.2599758571459583,0.4539651104710206,0.2599758571459583,0.4539651104710206,1.0,-0.0,0.9333333333333333,cross,3,30,30,A_real,0.0,hard,9,0.9333333333333332
732,8,1,0.15944503448329916,0.3486614373002748,0.12587324171897527,0.2556429087792493,0.20599334348230072,0.41836324224133986,0.6110548991103224,0.6365141682948128,0.9,cross,3,30,30,A_real,0.0,easy,8,0.9
733,2,1,0.15312301678045528,0.3622720163868147,0.11844217485921946,0.2578135386251567,0.19383229728076432,0.4219155087382909,0.6110548991103224,0.6365141682948128,0.8333333333333334,cross,3,30,30,A_real,0.0,neutral,2,0.8333333333333334
734,9,1,0.15463211872094423,0.3502341537598474,0.11844217485921946,0.24714291236622724,0.19383229728076432,0.40445287768097415,0.6110548991103224,0.6365141682948128,0.8666666666666667,cross,3,30,30,A_real,0.0,hard,9,0.8666666666666667
735,5,1,0.15246195563867365,0.37311359846161557,0.18611843372045886,0.45058760069123593,0.18611843372045886,0.45058760069123593,1.0,-0.0,0.9333333333333333,cross,3,30,30,A_real,0.0,easy,5,0.9333333333333332
736,7,1,0.1462825919609705,0.3407943741981784,0.09472499672791408,0.20054896531358923,0.19879104217724697,0.4208745230867728,0.4765053580405044,1.0986122886681096,0.8,cross,3,30,30,A_real,0.0,neutral,7,0.8
737,0,1,0.1308141876776184,0.3105439425375342,0.15098745280634976,0.35776742935745937,0.15098745280634976,0.35776742935745937,1.0,-0.0,0.7,cross,3,30,30,A_real,0.0,hard,0,0.7
738,1,1,0.18796623756312614,0.3594580462926797,0.2314614907456022,0.44343979106201353,0.2314614907456022,0.44343979106201353,1.0,-0.0,0.9666666666666667,cross,3,30,30,A_real,0.0,easy,1,0.9666666666666668
739,6,1,0.13070916637931243,0.3774583091113056,0.10449783684591184,0.21484352997335912,0.21930044454406575,0.4508732721429268,0.4765053580405044,1.0986122886681096,0.9,cross,3,30,30,A_real,0.0,neutral,6,0.9
740,8,0,0.15024489947285638,0.3878722040691815,0.12747875467747782,0.2701254440729991,0.2086207881862711,0.4420641164423911,0.6110548991103224,0.6365141682948128,0.9,cross,3,30,30,A_real,0.0,hard,0,0.9
741,6,1,0.140988924687958,0.375238639194636,0.1064573311208193,0.22199683223110167,0.22341266330896137,0.4658852801655826,0.4765053580405044,1.0986122886681096,0.9333333333333333,cross,3,30,30,A_real,0.0,easy,6,0.9333333333333332
742,8,1,0.1770718262918243,0.3593179441811678,0.14143567787547875,0.26785424440319305,0.23146149074560218,0.438347266003727,0.6110548991103224,0.6365141682948128,0.9333333333333333,cross,3,30,30,A_real,0.0,neutral,8,0.9333333333333332
743,7,1,0.17508316001434243,0.37857137312407696,0.23597863674279848,0.4931429244785994,0.23597863674279848,0.4931429244785994,1.0,-0.0,0.8333333333333334,cross,3,30,30,A_real,0.0,hard,7,0.8333333333333334
744,2,1,0.12948521394943274,0.32095101261358006,0.08460633096747092,0.1872880178600028,0.1775558858674557,0.39304493580129424,0.4765053580405044,1.0986122886681096,0.8,cross,3,30,30,A_real,0.0,easy,2,0.8
745,1,1,0.16749234204791957,0.34857084977186586,0.15587076016176638,0.25695538567636056,0.25508470742761336,0.42051112927902207,0.6110548991103224,0.6365141682948128,0.9,cross,3,30,30,A_real,0.0,neutral,1,0.9
746,0,1,0.0650333824692964,0.2973009814651039,0.07457481678528463,0.17873618788505466,0.15650362693077113,0.3750979603252678,0.4765053580405044,1.0986122886681096,0.7666666666666667,cross,3,30,30,A_real,0.0,hard,0,0.7666666666666667
747,1,1,0.16165719703258616,0.34291211048622877,0.2008991495109034,0.4169686874433108,0.2008991495109034,0.4169686874433108,1.0,-0.0,0.9,cross,3,30,30,A_real,0.0,easy,1,0.9
748,1,1,0.1200756202585466,0.3309874417294397,0.1070443758972213,0.2064773606039038,0.22464464269071702,0.4333159262951091,0.4765053580405044,1.0986122886681096,0.9,cross,3,30,30,A_real,0.0,neutral,1,0.9
749,7,1,0.10197401929105078,0.31062472075272174,0.09880958857435519,0.22271465699485038,0.16170329166531353,0.3644756916589921,0.6110548991103224,0.6365141682948128,0.8,cross,3,30,30,A_real,0.0,hard,7,0.8
750,5,1,0.1657353242466982,0.36991276393450967,0.11749659680080883,0.22713042494441057,0.2465798019228595,0.4766587009187498,0.4765053580405044,1.0986122886681096,0.9666666666666667,cross,3,30,30,A_real,0.0,easy,5,0.9666666666666668
751,2,1,0.18839333305134412,0.3630699053699197,0.21565365803405653,0.41456027250279465,0.21565365803405653,0.41456027250279465,1.0,-0.0,0.8666666666666667,cross,3,30,30,A_real,0.0,neutral,2,0.8666666666666667
752,9,1,0.18416013464317652,0.3803386229453272,0.11163321777867366,0.22874786912210585,0.23427484265388784,0.48005308914629574,0.4765053580405044,1.0986122886681096,0.9333333333333333,cross,3,30,30,A_real,0.0,hard,9,0.9333333333333332
753,6,1,0.16551429297691345,0.3937322251153526,0.15679333658171554,0.26125260429379266,0.3290484229316633,0.5482679258175002,0.4765053580405044,1.0986122886681096,0.9666666666666667,cross,3,30,30,A_real,0.0,easy,6,0.9666666666666668
754,5,1,0.19435195486335513,0.39732569728510225,0.12353553478323244,0.23583260791357788,0.2592531913832783,0.4949212090360826,0.4765053580405044,1.0986122886681096,0.9666666666666667,cross,3,30,30,A_real,0.0,neutral,5,0.9666666666666668
755,9,1,0.15891764676180134,0.33022535626214655,0.14165685993040847,0.2538420850139958,0.23182345831226722,0.4154161686349005,0.6110548991103224,0.6365141682948128,0.8,cross,3,30,30,A_real,0.0,hard,9,0.8
756,1,1,0.13677492301140762,0.3451444204711687,0.14165685993040847,0.2599094374605469,0.23182345831226722,0.42534547687771956,0.6110548991103224,0.6365141682948128,0.9,cross,3,30,30,A_real,0.0,easy,1,0.9
757,1,1,0.18232581343142948,0.37118026780406094,0.1390538569764079,0.2798836247094148,0.22756360709793202,0.45803351731066544,0.6110548991103224,0.6365141682948128,1.0,cross,3,30,30,A_real,0.0,neutral,1,1.0
758,7,1,0.1308141876776184,0.3410422836988298,0.09500414353858548,0.207490128481728,0.19937686310446448,0.4354413334090793,0.4765053580405044,1.0986122886681096,0.9,cross,3,30,30,A_real,0.0,hard,7,0.9
759,6,1,0.13485544896592597,0.3380377350776116,0.11960182220628052,0.2523153471372985,0.19573007659445524,0.412917640468413,0.6110548991103224,0.6365141682948128,0.8666666666666667,cross,3,30,30,A_real,0.0,easy,6,0.8666666666666667
760,1,1,0.16507881863002907,0.37518283929098306,0.1432176863374494,0.2848986703997307,0.2343777728416384,0.46624071063751327,0.6110548991103224,0.6365141682948128,0.9494949494949495,cross,3,100,99,A_real,0.0,easy,1,0.9494949494949496
761,3,1,0.11206656191368361,0.31721408331600837,0.10954869786686774,0.2383992019319157,0.1792779961773768,0.3901436716717561,0.6110548991103224,0.6365141682948128,0.8383838383838383,cross,3,100,99,A_real,0.0,neutral,3,0.8383838383838383
762,9,1,0.1530538080758552,0.3377360926286181,0.17603196100223317,0.3844883266768765,0.17603196100223317,0.3844883266768765,1.0,-0.0,0.9292929292929293,cross,3,100,99,A_real,0.0,hard,9,0.9292929292929292
763,1,1,0.15096839442153528,0.3320826563879536,0.18408100800873567,0.3885973220474072,0.18408100800873567,0.3885973220474072,1.0,-0.0,0.9090909090909091,cross,3,100,99,A_real,0.0,easy,1,0.9090909090909092
764,6,1,0.15436129250777383,0.33313394801763374,0.17176459122695184,0.3708228730850087,0.17176459122695184,0.3708228730850087,1.0,-0.0,0.898989898989899,cross,3,100,99,A_real,0.0,neutral,6,0.898989898989899
765,3,1,0.08507103066099825,0.29582989572162866,0.0620729152849834,0.20728431259334307,0.10158320533123898,0.3392237144242568,0.6110548991103224,0.6365141682948128,0.7878787878787878,cross,3,100,99,A_real,0.0,hard,3,0.7878787878787878
766,8,1,0.19582725357294392,0.36121488931025025,0.2136972857330488,0.39275973972869693,0.2136972857330488,0.39275973972869693,1.0,-0.0,0.9393939393939394,cross,3,100,99,A_real,0.0,easy,8,0.9393939393939394
767,7,1,0.09915859656920552,0.3115841126445203,0.06587305679649567,0.20632947780341127,0.10780219075635408,0.33766111376215263,0.6110548991103224,0.6365141682948128,0.8383838383838383,cross,3,100,99,A_real,0.0,neutral,7,0.8383838383838383
768,3,1,0.12736670692626453,0.3042421162092305,0.13661741186745144,0.3259144555745028,0.13661741186745144,0.3259144555745028,1.0,-0.0,0.8282828282828283,cross,3,100,99,A_real,0.0,hard,3,0.8282828282828283
769,1,1,0.2123706583249432,0.3621031867552968,0.2355545793226658,0.4011052722977214,0.2355545793226658,0.4011052722977214,1.0,-0.0,0.9191919191919192,cross,3,100,99,A_real,0.0,easy,1,0.9191919191919192
770,9,1,0.14908387227215272,0.32715890632209904,0.17410700401205492,0.3820147594899728,0.17410700401205492,0.3820147594899728,1.0,-0.0,0.8383838383838383,cross,3,100,99,A_real,0.0,neutral,9,0.8383838383838383
771,4,1,0.1411680827743447,0.3398835372164479,0.15327990725493118,0.2557416211866326,0.25084473993760975,0.41852478649460906,0.6110548991103224,0.6365141682948128,0.898989898989899,cross,3,100,99,A_real,0.0,hard,4,0.898989898989899
772,1,1,0.15482331135652697,0.3256961484017636,0.16573418058173695,0.3486481207482213,0.16573418058173695,0.3486481207482213,1.0,-0.0,0.8888888888888888,cross,3,100,99,A_real,0.0,easy,1,0.8888888888888888
773,9,1,0.13080363866813716,0.32235938723781093,0.13207484361706692,0.24720025133536822,0.21614235285465175,0.4045467137163688,0.6110548991103224,0.6365141682948128,0.8888888888888888,cross,3,100,99,A_real,0.0,neutral,9,0.8888888888888888
774,7,1,0.13571227934967275,0.3525349853221723,0.13589076961370355,0.22715419166584586,0.28518203902788525,0.4767085780524152,0.4765053580405044,1.0986122886681096,0.9191919191919192,cross,3,100,99,A_real,0.0,hard,7,0.9191919191919192
775,5,1,0.15820875789329708,0.3536581521302786,0.11763515912583128,0.25386471818050227,0.19251160459903774,0.4154532081325617,0.6110548991103224,0.6365141682948128,0.898989898989899,cross,3,100,99,A_real,0.0,easy,5,0.898989898989899
776,6,1,0.16332359422711895,0.34955051326741365,0.1830738659589958,0.38890801829804966,0.1830738659589958,0.38890801829804966,1.0,-0.0,0.9090909090909091,cross,3,100,99,A_real,0.0,neutral,6,0.9090909090909092
777,4,1,0.11611403023717755,0.3047014895391886,0.08793169171641238,0.21270372266081922,0.14390145933604048,0.3480926557834811,0.6110548991103224,0.6365141682948128,0.8282828282828283,cross,3,100,99,A_real,0.0,hard,4,0.8282828282828283
778,5,1,0.20116854363718878,0.37090126420148734,0.23182620476026233,0.42688475176167623,0.23182620476026233,0.42688475176167623,1.0,-0.0,0.9393939393939394,cross,3,100,99,A_real,0.0,easy,5,0.9393939393939394
779,9,1,0.19058046655200753,0.3798307538275103,0.2211383438836479,0.43691089993481225,0.2211383438836479,0.43691089993481225,1.0,-0.0,0.9494949494949495,cross,3,100,99,A_real,0.0,neutral,9,0.9494949494949496
780,0,1,0.15070160139000058,0.35213460603039654,0.14160373014726513,0.2562392886872951,0.2317365106693947,0.4193392264105432,0.6110548991103224,0.6365141682948128,0.8888888888888888,cross,3,100,99,A_real,0.0,hard,0,0.8888888888888888
781,1,1,0.11660722272302539,0.33158323334588324,0.0857428427188018,0.19757040543775903,0.17994098339501438,0.41462368072882183,0.4765053580405044,1.0986122886681096,0.9191919191919192,cross,3,100,99,A_real,0.0,easy,1,0.9191919191919192
782,10,1,0.16590918386057862,0.32334516756688797,0.19378359216844804,0.3758954882029585,0.19378359216844804,0.3758954882029585,1.0,-0.0,0.898989898989899,cross,3,100,99,A_real,0.0,neutral,10,0.898989898989899
783,9,1,0.13766036041282823,0.3342284888059895,0.11313938508711664,0.22894247473910898,0.18515420668722923,0.3746676036350291,0.6110548991103224,0.6365141682948128,0.8080808080808081,cross,3,100,99,A_real,0.0,hard,9,0.8080808080808081
784,8,1,0.1591467029349797,0.3342276926222309,0.18623745974159045,0.38970186269058155,0.18623745974159045,0.38970186269058155,1.0,-0.0,0.9191919191919192,cross,3,100,99,A_real,0.0,easy,8,0.9191919191919192
785,4,1,0.13806094522048612,0.3092956859778984,0.14992372014148087,0.334524977761776,0.14992372014148087,0.334524977761776,1.0,-0.0,0.7474747474747475,cross,3,100,99,A_real,0.0,neutral,4,0.7474747474747475
786,4,1,0.14134890256474583,0.3461547850835253,0.15029361195050703,0.2705107417955547,0.24595762536120735,0.442694661624365,0.6110548991103224,0.6365141682948128,0.9393939393939394,cross,3,100,99,A_real,0.0,hard,4,0.9393939393939394
787,10,1,0.19986048371852996,0.373788112499617,0.23820268066166844,0.4441730271299411,0.23820268066166844,0.4441730271299411,1.0,-0.0,0.9393939393939394,cross,3,100,99,A_real,0.0,easy,10,0.9393939393939394
788,0,1,0.13117940965506614,0.31194170015743383,0.09946822486813842,0.21925824863908472,0.16278115929184295,0.358819230413369,0.6110548991103224,0.6365141682948128,0.8888888888888888,cross,3,100,99,A_real,0.0,neutral,0,0.8888888888888888
789,3,1,0.1074339415131865,0.30747899717568805,0.06770302795425287,0.1750211583178149,0.1420824064448356,0.36730155362269307,0.4765053580405044,1.0986122886681096,0.8282828282828283,cross,3,100,99,A_real,0.0,hard,3,0.8282828282828283
790,10,1,0.14440820749826577,0.3339211255502703,0.16571866100427626,0.37888218967854664,0.16571866100427626,0.37888218967854664,1.0,-0.0,0.9393939393939394,cross,3,100,99,A_real,0.0,easy,10,0.9393939393939394
791,6,1,0.10740122106346492,0.30570389482179944,0.08803503937872925,0.21613189026499613,0.1440705892496822,0.3537029006390059,0.6110548991103224,0.6365141682948128,0.8484848484848485,cross,3,100,99,A_real,0.0,neutral,6,0.8484848484848485
792,7,1,0.13781681363239776,0.3264310079509524,0.15516196445435954,0.36404825725721296,0.15516196445435954,0.36404825725721296,1.0,-0.0,0.7878787878787878,cross,3,100,99,A_real,0.0,hard,7,0.7878787878787878
793,1,1,0.17760048364059255,0.3973944828634614,0.12722032822577323,0.26325999629072755,0.20819786963659437,0.4308287138750155,0.6110548991103224,0.6365141682948128,0.9191919191919192,cross,3,100,99,A_real,0.0,easy,1,0.9191919191919192
794,7,1,0.08789773882075452,0.28004697918369437,0.05993459511488047,0.1866358758790523,0.09808381407651497,0.3054322551881812,0.6110548991103224,0.6365141682948128,0.7171717171717171,cross,3,100,99,A_real,0.0,neutral,7,0.7171717171717171
795,4,1,0.15154323513444054,0.32199143693030374,0.17664286324810727,0.3732390219093185,0.17664286324810727,0.3732390219093185,1.0,-0.0,0.8484848484848485,cross,3,100,99,A_real,0.0,hard,4,0.8484848484848485
796,8,1,0.184053708091323,0.3637657833266931,0.2325631173020612,0.4556047294238629,0.2325631173020612,0.4556047294238629,1.0,-0.0,0.9191919191919192,cross,3,100,99,A_real,0.0,easy,8,0.9191919191919192
797,3,1,0.11463642968331553,0.2939816458535861,0.08265753342678128,0.20576127711231162,0.13527022456922966,0.33673124528073317,0.6110548991103224,0.6365141682948128,0.8787878787878788,cross,3,100,99,A_real,0.0,neutral,3,0.8787878787878788
798,7,1,0.13111539455754376,0.3171208584083792,0.12338363339817793,0.23535552279091032,0.20191906419181124,0.38516264763375746,0.6110548991103224,0.6365141682948128,0.8484848484848485,cross,3,100,99,A_real,0.0,hard,7,0.8484848484848485
799,1,1,0.1452601451234961,0.3394208732960035,0.10361961150354333,0.23623473664418215,0.16957496233875283,0.3866014935615979,0.6110548991103224,0.6365141682948128,0.9292929292929293,cross,3,100,99,A_real,0.0,easy,1,0.9292929292929292
800,6,1,0.12600275564739866,0.3091099667172984,0.14111776062160183,0.3442774616183611,0.14111776062160183,0.3442774616183611,1.0,-0.0,0.8866666666666667,cross,3,300,300,A_real,0.0,easy,6,0.8866666666666667
801,3,1,0.11711710324490332,0.2879383351249045,0.12614923969915232,0.3083232216220595,0.12614923969915232,0.3083232216220595,1.0,-0.0,0.7866666666666666,cross,3,300,300,A_real,0.0,neutral,3,0.7866666666666666
802,9,1,0.10596267032079741,0.30997548152751725,0.09811690024373576,0.22154379036849817,0.16056969739804233,0.36255955183578314,0.6110548991103224,0.6365141682948128,0.83,cross,3,300,300,A_real,0.0,hard,9,0.83
803,10,1,0.1455239466136532,0.3453324173748159,0.14281833272237673,0.2558359278291754,0.2337242249924122,0.41867912065129476,0.6110548991103224,0.6365141682948128,0.92,cross,3,300,300,A_real,0.0,easy,10,0.92
804,1,1,0.20518957576652988,0.361031960758108,0.2222590098705755,0.39107508334866026,0.2222590098705755,0.39107508334866026,1.0,-0.0,0.9033333333333333,cross,3,300,300,A_real,0.0,neutral,1,0.9033333333333332
805,9,1,0.14285763169685348,0.3240050660887649,0.15539513984080514,0.35310086994592554,0.15539513984080514,0.35310086994592554,1.0,-0.0,0.88,cross,3,300,300,A_real,0.0,hard,9,0.88
806,5,1,0.1490787531249402,0.32478872303922546,0.16770814927053157,0.3646016905145175,0.16770814927053157,0.3646016905145175,1.0,-0.0,0.9266666666666666,cross,3,300,300,A_real,0.0,easy,5,0.9266666666666666
807,1,1,0.13531900715336978,0.3404101473945277,0.11242617110237213,0.2506756979755808,0.18398702189616883,0.4102343313842293,0.6110548991103224,0.6365141682948128,0.9366666666666666,cross,3,300,300,A_real,0.0,neutral,1,0.9366666666666666
808,4,1,0.13527575374391462,0.30638124260293415,0.15008039429491865,0.3363042189848726,0.15008039429491865,0.3363042189848726,1.0,-0.0,0.81,cross,3,300,300,A_real,0.0,hard,4,0.81
809,2,1,0.15762998469144998,0.34144474657976437,0.11511911894066329,0.2274402811288957,0.18839406918801122,0.37220924250839316,0.6110548991103224,0.6365141682948128,0.8566666666666667,cross,3,300,300,A_real,0.0,easy,2,0.8566666666666667
810,6,1,0.13015495002241734,0.3161995350571808,0.1516117823641321,0.36988239592075983,0.1516117823641321,0.36988239592075983,1.0,-0.0,0.8966666666666666,cross,3,300,300,A_real,0.0,neutral,6,0.8966666666666666
811,0,1,0.13191019513491462,0.31298084124620407,0.14891721995601617,0.3491414964582934,0.14891721995601617,0.3491414964582934,1.0,-0.0,0.8633333333333333,cross,3,300,300,A_real,0.0,hard,0,0.8633333333333333
812,6,1,0.11418749201984946,0.3067133948555845,0.08243008212541231,0.21539716187068927,0.13489799729194224,0.3525005072118742,0.6110548991103224,0.6365141682948128,0.84,cross,3,300,300,A_real,0.0,easy,6,0.84
813,4,1,0.12021507980812048,0.30768041187018413,0.1391405343111525,0.3540703983803135,0.1391405343111525,0.3540703983803135,1.0,-0.0,0.88,cross,3,300,300,A_real,0.0,neutral,4,0.88
814,4,1,0.15783054436143623,0.3250332963342056,0.17038857345958805,0.35107396489807824,0.17038857345958805,0.35107396489807824,1.0,-0.0,0.85,cross,3,300,300,A_real,0.0,hard,4,0.85
815,8,1,0.14102306052281077,0.31845451457426327,0.1599369229913303,0.3570959961743311,0.1599369229913303,0.3570959961743311,1.0,-0.0,0.9233333333333333,cross,3,300,300,A_real,0.0,easy,8,0.9233333333333332
816,1,1,0.11505602529395785,0.3328571515357016,0.1129393724194473,0.2401783764168835,0.18482688312274992,0.39305531592427456,0.6110548991103224,0.6365141682948128,0.9066666666666666,cross,3,300,300,A_real,0.0,neutral,1,0.9066666666666666
817,0,1,0.14589876723025688,0.31761933911264006,0.16136309208086572,0.3472981974636122,0.16136309208086572,0.3472981974636122,1.0,-0.0,0.8233333333333334,cross,3,300,300,A_real,0.0,hard,0,0.8233333333333334
818,2,1,0.11834363438276316,0.31262218271293646,0.0747445634329153,0.17722712374853322,0.15685985933144908,0.3719310197839756,0.4765053580405044,1.0986122886681096,0.8666666666666667,cross,3,300,300,A_real,0.0,easy,2,0.8666666666666667
819,5,1,0.13994655465758699,0.34241829550811875,0.15764481462517235,0.3863651747147838,0.15764481462517235,0.3863651747147838,1.0,-0.0,0.9166666666666666,cross,3,300,300,A_real,0.0,neutral,5,0.9166666666666666
820,7,1,0.16905330755582965,0.3562710323402924,0.1275930382573593,0.2438372107608006,0.20880781488395056,0.39904305016753855,0.6110548991103224,0.6365141682948128,0.8866666666666667,cross,3,300,300,A_real,0.0,hard,7,0.8866666666666667
821,10,1,0.14235234506948893,0.3210127080174857,0.16267326612716848,0.3649435397081622,0.16267326612716848,0.3649435397081622,1.0,-0.0,0.9,cross,3,300,300,A_real,0.0,easy,10,0.9
822,1,1,0.19727279770942815,0.3584524404980303,0.2324471024822311,0.4230581566256785,0.2324471024822311,0.4230581566256785,1.0,-0.0,0.9133333333333333,cross,3,300,300,A_real,0.0,neutral,1,0.9133333333333332
823,1,0,0.10481182788116872,0.3118185315589641,0.1070958887197494,0.2186970017684361,0.1752639392559945,0.3579007419576414,0.6110548991103224,0.6365141682948128,0.8266666666666667,cross,3,300,300,A_real,0.0,hard,3,0.8266666666666667
824,6,1,0.16135224898755898,0.3493716309993161,0.18827088859271654,0.4051117975975287,0.18827088859271654,0.4051117975975287,1.0,-0.0,0.8866666666666667,cross,3,300,300,A_real,0.0,easy,6,0.8866666666666667
825,7,1,0.09465702194872802,0.29645699958480237,0.10174355150399035,0.21764053083704538,0.16650476356891322,0.35617181231002887,0.6110548991103224,0.6365141682948128,0.8433333333333334,cross,3,300,300,A_real,0.0,neutral,7,0.8433333333333334
826,7,1,0.1452010712750584,0.31347849325982885,0.1547371919036447,0.33328017296533263,0.1547371919036447,0.33328017296533263,1.0,-0.0,0.81,cross,3,300,300,A_real,0.0,hard,7,0.81
827,1,1,0.16944332574464027,0.3364353216853985,0.18614792214565593,0.3692255413114044,0.18614792214565593,0.3692255413114044,1.0,-0.0,0.88,cross,3,300,300,A_real,0.0,easy,1,0.88
828,3,1,0.09346605511980667,0.30309799405627635,0.07067975274260553,0.1985086081285372,0.1156684167748481,0.324862149730834,0.6110548991103224,0.6365141682948128,0.8233333333333334,cross,3,300,300,A_real,0.0,neutral,3,0.8233333333333334
829,9,1,0.14591915408343054,0.33733014631927205,0.13714210082624503,0.2466531511349045,0.22443499107186574,0.40365137648683297,0.6110548991103224,0.6365141682948128,0.8733333333333333,cross,3,300,300,A_real,0.0,hard,9,0.8733333333333333
830,5,1,0.14812726175382232,0.34182678737573996,0.1709790409733436,0.3911410382644658,0.1709790409733436,0.3911410382644658,1.0,-0.0,0.9333333333333333,cross,3,300,300,A_real,0.0,easy,5,0.9333333333333332
831,7,1,0.114365611431075,0.318884937992495,0.11572211317046666,0.24096152335497012,0.18938087778848445,0.39433694698431004,0.6110548991103224,0.6365141682948128,0.9,cross,3,300,300,A_real,0.0,neutral,7,0.9
832,3,1,0.113990989762397,0.2935466991740979,0.12210565499381147,0.31498455828979466,0.12210565499381147,0.31498455828979466,1.0,-0.0,0.82,cross,3,300,300,A_real,0.0,hard,3,0.82
833,1,1,0.16835734455660106,0.3388348607231084,0.18509780386962105,0.3709707278744297,0.18509780386962105,0.3709707278744297,1.0,-0.0,0.9233333333333333,cross,3,300,300,A_real,0.0,easy,1,0.9233333333333332
834,8,1,0.13165489559997046,0.33573209352769084,0.12617509720465409,0.24448231700246936,0.20648733426139165,0.4000987756720849,0.6110548991103224,0.6365141682948128,0.9266666666666666,cross,3,300,300,A_real,0.0,neutral,8,0.9266666666666666
835,3,1,0.12504170894422786,0.2892684325143973,0.13030749055768087,0.3017841634851736,0.13030749055768087,0.3017841634851736,1.0,-0.0,0.7966666666666666,cross,3,300,300,A_real,0.0,hard,3,0.7966666666666666
836,5,1,0.15617997248075802,0.3361463778930977,0.17497289072637262,0.37672214905933676,0.17497289072637262,0.37672214905933676,1.0,-0.0,0.91,cross,3,300,300,A_real,0.0,easy,5,0.91
837,10,1,0.18718457595308965,0.3484580946535892,0.20381509086519103,0.37650727358082375,0.20381509086519103,0.37650727358082375,1.0,-0.0,0.91,cross,3,300,300,A_real,0.0,neutral,10,0.91
838,4,1,0.14136825729258798,0.32362404206907447,0.16408611284656305,0.37118507609635903,0.16408611284656305,0.37118507609635903,1.0,-0.0,0.8466666666666667,cross,3,300,300,A_real,0.0,hard,4,0.8466666666666667
839,1,1,0.17385601781532958,0.34229514657857185,0.1941116186929269,0.37997752996526163,0.1941116186929269,0.37997752996526163,1.0,-0.0,0.8766666666666667,cross,3,300,300,A_real,0.0,easy,1,0.8766666666666667
840,8,1,0.15420129485215783,0.3310819843939366,0.11138839991617688,0.2206670645354993,0.2172375147688495,0.4303604749426633,0.5127493749626953,0.9502705392332347,0.9,cross,5,30,30,A_real,0.0,easy,8,0.9
841,0,1,0.10887163365205756,0.28922261394090526,0.09105295373364448,0.19965763578238163,0.17757789317689363,0.38938640499933824,0.5127493749626953,0.9502705392332347,0.8,cross,5,30,30,A_real,0.0,neutral,0,0.8
842,7,1,0.16599761324718246,0.3165907883715792,0.1468644064346864,0.27481104558653924,0.2203557113461009,0.41232715881310694,0.6664878597315517,0.5004024235381879,0.9,cross,5,30,30,A_real,0.0,hard,7,0.9
843,8,1,0.16771384837104686,0.3352454598328186,0.12437257531829168,0.23286685148426045,0.24256016953183085,0.4541533600137542,0.5127493749626953,0.9502705392332347,0.9,cross,5,30,30,A_real,0.0,easy,8,0.9
844,0,1,0.1322168015559879,0.3366067528788065,0.17769442602579408,0.32518648352783724,0.2666131474583287,0.487910587987028,0.6664878597315517,0.5004024235381879,0.9,cross,5,30,30,A_real,0.0,neutral,0,0.9
845,9,1,0.15891764676180134,0.34100315143226506,0.19867794054045193,0.42092437816633727,0.19867794054045193,0.42092437816633727,1.0,-0.0,0.9,cross,5,30,30,A_real,0.0,hard,9,0.9
846,6,1,0.12961815030015647,0.3270844694789241,0.11572756780549236,0.20524429383612655,0.269897408010465,0.47866644020734195,0.42878354652818723,1.3321790402101223,0.9,cross,5,30,30,A_real,0.0,easy,6,0.9
847,4,1,0.11936721561051075,0.3214528058235225,0.10980447526357338,0.26607514778101865,0.1647509008008045,0.3992197965739219,0.6664878597315517,0.5004024235381879,0.8,cross,5,30,30,A_real,0.0,neutral,4,0.8
848,4,1,0.15040673678761324,0.32408247730604667,0.1023595004959013,0.20686283657975538,0.199628718227786,0.40343849584371605,0.5127493749626953,0.9502705392332347,0.7666666666666667,cross,5,30,30,A_real,0.0,hard,4,0.7666666666666667
849,6,1,0.14150010690931455,0.3186300841251694,0.15699648784061265,0.2924343081100811,0.23555791084303887,0.43876914461407884,0.6664878597315517,0.5004024235381879,0.9,cross,5,30,30,A_real,0.0,easy,6,0.9
850,7,1,0.11516841670310997,0.3139641923772869,0.11875466528910505,0.24670481207171577,0.19867794054045193,0.4127400289033065,0.5977244628470766,0.6730116670092565,0.8,cross,5,30,30,A_real,0.0,neutral,7,0.8
851,0,1,0.1535964820367803,0.3477154822206027,0.16264821715900793,0.2899462927601282,0.24403777920954098,0.43503612035320927,0.6664878597315517,0.5004024235381879,0.8333333333333334,cross,5,30,30,A_real,0.0,hard,0,0.8333333333333334
852,5,1,0.1572585296699311,0.33405683556383625,0.1328230517568513,0.28174301760233117,0.19928802875771787,0.42272790642550007,0.6664878597315517,0.5004024235381879,0.8666666666666667,cross,5,30,30,A_real,0.0,easy,5,0.8666666666666667
853,7,1,0.11192032249427537,0.3037281859487493,0.08875499004575356,0.17183372188900833,0.20699252749876448,0.40074700459084056,0.42878354652818723,1.3321790402101223,0.8666666666666667,cross,5,30,30,A_real,0.0,neutral,7,0.8666666666666667
854,3,1,0.09830305834128955,0.2923547639362355,0.08188626306680193,0.16636919136428666,0.1909734264055277,0.38800274103649623,0.42878354652818723,1.3321790402101223,0.7,cross,5,30,30,A_real,0.0,hard,3,0.7
855,8,1,0.17460783312793726,0.33843842679244257,0.11880665004018078,0.22872129356051407,0.2317051094383576,0.4460684005263868,0.5127493749626953,0.9502705392332347,0.8,cross,5,30,30,A_real,0.0,easy,8,0.8
856,3,1,0.08478770553678178,0.2719213343098536,0.07503535091424425,0.15786361123941048,0.1749958726770119,0.36816620534443223,0.42878354652818723,1.3321790402101223,0.6333333333333333,cross,5,30,30,A_real,0.0,neutral,3,0.6333333333333333
857,9,1,0.10308380735725092,0.33302168787123126,0.10446595885073756,0.2021497028457734,0.24363331964714324,0.4714492999616173,0.42878354652818723,1.3321790402101223,0.8666666666666667,cross,5,30,30,A_real,0.0,hard,9,0.8666666666666667
858,8,1,0.14063240883432268,0.34466825513212446,0.12424993686921672,0.24982492923923147,0.24232099137762267,0.4872261994613007,0.5127493749626953,0.9502705392332347,0.9666666666666667,cross,5,30,30,A_real,0.0,easy,8,0.9666666666666668
859,8,1,0.12959080874301224,0.3190958735406082,0.09397102811004611,0.20893839352132282,0.1832689276644811,0.4074863933993561,0.5127493749626953,0.9502705392332347,0.8,cross,5,30,30,A_real,0.0,neutral,8,0.8
860,4,1,0.128588414330234,0.32730546345356953,0.1324164353666783,0.2802269478522194,0.19867794054045193,0.4204531916981794,0.6664878597315517,0.5004024235381879,0.8,cross,5,30,30,A_real,0.0,hard,4,0.8
861,2,1,0.1358171297770819,0.31227114114312376,0.1489642173274182,0.28889459230125053,0.22350627269852763,0.43345814643587305,0.6664878597315517,0.5004024235381879,0.8333333333333334,cross,5,30,30,A_real,0.0,easy,2,0.8333333333333334
862,9,1,0.098962829202509,0.2927424157971328,0.07833891980929363,0.17144856798425126,0.18270038681193615,0.399848756726911,0.42878354652818723,1.3321790402101223,0.7,cross,5,30,30,A_real,0.0,neutral,9,0.7
863,0,1,0.11427401668909143,0.3181490051956039,0.11603287165100946,0.28561031979469115,0.1740960018352701,0.4285304160074715,0.6664878597315517,0.5004024235381879,0.9,cross,5,30,30,A_real,0.0,hard,0,0.9
864,6,1,0.21035775594994846,0.38258152514161503,0.19247185710876272,0.3486159629405349,0.2887852408688834,0.5230642356800776,0.6664878597315517,0.5004024235381879,0.9666666666666667,cross,5,30,30,A_real,0.0,easy,6,0.9666666666666668
865,7,1,0.15777494501483122,0.3437958304003447,0.1319140300017095,0.24567433294984783,0.25726804642386314,0.479131413797865,0.5127493749626953,0.9502705392332347,0.9666666666666667,cross,5,30,30,A_real,0.0,neutral,7,0.9666666666666668
866,9,1,0.16396311342431605,0.3291398665890526,0.11592663102386702,0.23008370128716618,0.2260882931984094,0.4487254641781001,0.5127493749626953,0.9502705392332347,0.8666666666666667,cross,5,30,30,A_real,0.0,hard,9,0.8666666666666667
867,6,1,0.17572351552292828,0.38978207811101684,0.12557386626667197,0.24867240198888313,0.24490301187750446,0.48497845951928287,0.5127493749626953,0.9502705392332347,0.8666666666666667,cross,5,30,30,A_real,0.0,easy,6,0.8666666666666667
868,3,1,0.15420129485215786,0.2982237296116201,0.13413732068342749,0.25713057342839396,0.2012599610403337,0.3857993355377263,0.6664878597315517,0.5004024235381879,0.7666666666666667,cross,5,30,30,A_real,0.0,neutral,3,0.7666666666666667
869,7,1,0.13744507647633458,0.322722297303421,0.10193896917457862,0.23154890473730325,0.19880856838098554,0.45158300730088535,0.5127493749626953,0.9502705392332347,0.9333333333333333,cross,5,30,30,A_real,0.0,hard,7,0.9333333333333332
870,8,1,0.1462825919609705,0.34654809361283506,0.11835350995910594,0.27684284225804895,0.17757789317689363,0.4153756714631769,0.6664878597315517,0.5004024235381879,0.8666666666666667,cross,5,30,30,A_real,0.0,easy,8,0.8666666666666667
871,7,1,0.17783612359378326,0.34851581658520076,0.16065703886587196,0.31033338889144396,0.24105021047282313,0.4656249687975415,0.6664878597315517,0.5004024235381879,0.9333333333333333,cross,5,30,30,A_real,0.0,neutral,7,0.9333333333333332
872,7,1,0.17108049545658188,0.374506755909511,0.12143320544979919,0.2446053430756838,0.23682760307340006,0.47704659433954427,0.5127493749626953,0.9502705392332347,0.9666666666666667,cross,5,30,30,A_real,0.0,hard,7,0.9666666666666668
873,5,1,0.13767062341357172,0.35388768411097904,0.11451416256956162,0.2675231636081317,0.1915835300166713,0.44756937391163054,0.5977244628470766,0.6730116670092565,0.9333333333333333,cross,5,30,30,A_real,0.0,easy,5,0.9333333333333332
874,5,1,0.21850093982051888,0.3498634114067056,0.28681559737874823,0.4549846819757398,0.28681559737874823,0.4549846819757398,1.0,-0.0,0.9,cross,5,30,30,A_real,0.0,neutral,5,0.9
875,0,1,0.16630901488583102,0.35048056465248506,0.14820024609099983,0.28858780758895103,0.222360008403892,0.4329978459100344,0.6664878597315517,0.5004024235381879,0.9333333333333333,cross,5,30,30,A_real,0.0,hard,0,0.9333333333333332
876,8,1,0.13085932390765967,0.32192783978326683,0.12181650504554842,0.2484025585271547,0.20380043417549445,0.4155803785308795,0.5977244628470766,0.6730116670092565,0.8333333333333334,cross,5,30,30,A_real,0.0,easy,8,0.8333333333333334
877,4,1,0.1661618701864026,0.35070282482079196,0.1106141693524514,0.22867171936979913,0.21572755570984176,0.4459717174427291,0.5127493749626953,0.9502705392332347,0.9,cross,5,30,30,A_real,0.0,neutral,4,0.9
878,7,1,0.1246492519732492,0.29997533180199354,0.11006447051872165,0.20634768846639345,0.21465549426896774,0.40243381765488473,0.5127493749626953,0.9502705392332347,0.7333333333333333,cross,5,30,30,A_real,0.0,hard,7,0.7333333333333333
879,5,1,0.13966267930693735,0.33092925902640374,0.14036571707086354,0.30367906766890884,0.21060506207479926,0.45564080910824817,0.6664878597315517,0.5004024235381879,0.8333333333333334,cross,5,30,30,A_real,0.0,easy,5,0.8333333333333334
880,2,1,0.15127410625376295,0.3361485720926897,0.11162083743401141,0.2137126477664658,0.21769083081209467,0.4167974808004677,0.5127493749626953,0.9502705392332347,0.9,cross,5,100,100,A_real,0.0,easy,2,0.9
881,2,1,0.13865223136700275,0.31728880142492266,0.11601783748254194,0.24252080344050178,0.17407344453246554,0.3638788012405574,0.6664878597315517,0.5004024235381879,0.84,cross,5,100,100,A_real,0.0,neutral,2,0.84
882,4,1,0.12101991651634683,0.3080792818778959,0.10256866730260752,0.2536788900640084,0.15389427699991443,0.3806204214525158,0.6664878597315517,0.5004024235381879,0.89,cross,5,100,100,A_real,0.0,hard,4,0.89
883,5,1,0.1937909629551449,0.36825830152648686,0.1673459880222454,0.3113472158303432,0.2510863259979696,0.46714611719371424,0.6664878597315517,0.5004024235381879,0.91,cross,5,100,100,A_real,0.0,easy,5,0.91
884,9,1,0.15973231293464893,0.33316421804948854,0.15058404981925255,0.278553615239893,0.22593667329500178,0.4179425193912594,0.6664878597315517,0.5004024235381879,0.89,cross,5,100,100,A_real,0.0,neutral,9,0.89
885,0,1,0.15890783218957932,0.32661676401093065,0.19743763926264907,0.3956071908151537,0.19743763926264907,0.3956071908151537,1.0,-0.0,0.83,cross,5,100,100,A_real,0.0,hard,0,0.83
886,10,1,0.15439933460656727,0.3472234135781916,0.14282145849284114,0.27547786160216703,0.2389419663578015,0.4608776764631867,0.5977244628470766,0.6730116670092565,0.91,cross,5,100,100,A_real,0.0,easy,10,0.91
887,8,1,0.14318967686024556,0.3233744427548432,0.11179384452748599,0.24829834800217973,0.16773575526569137,0.37254744310299887,0.6664878597315517,0.5004024235381879,0.84,cross,5,100,100,A_real,0.0,neutral,8,0.84
888,3,1,0.11446217170854658,0.29873385032662464,0.09087045909858629,0.1679413392341705,0.21192618008399416,0.39166927134675034,0.42878354652818723,1.3321790402101223,0.82,cross,5,100,100,A_real,0.0,hard,3,0.82
889,6,1,0.13249364034353833,0.3175336589985331,0.12843482787269525,0.26461902183697683,0.19270392700690198,0.3970350216785047,0.6664878597315517,0.5004024235381879,0.92,cross,5,100,100,A_real,0.0,easy,6,0.92
890,9,1,0.1529080616163358,0.3352196493855733,0.13299023103420546,0.2731640605785844,0.19953886495062542,0.4098560185156404,0.6664878597315517,0.5004024235381879,0.9,cross,5,100,100,A_real,0.0,neutral,9,0.9
891,0,1,0.16670257647109957,0.3639450775125498,0.17255472404721162,0.30746246616388573,0.25890152615339956,0.4613174293793223,0.6664878597315517,0.5004024235381879,0.92,cross,5,100,100,A_real,0.0,hard,0,0.92
892,2,1,0.1735300766132088,0.3497394971520302,0.12351650345034572,0.2342393630633603,0.24089059778830946,0.45683012891122915,0.5127493749626953,0.9502705392332347,0.93,cross,5,100,100,A_real,0.0,easy,2,0.93
893,7,1,0.1107444899042319,0.30329453747575913,0.0720721624917915,0.18531981984037357,0.14056021520657155,0.36142378497069133,0.5127493749626953,0.9502705392332347,0.77,cross,5,100,100,A_real,0.0,neutral,7,0.77
894,0,1,0.12565493759123605,0.3108274106203951,0.110198076971606,0.2121500676954239,0.21491606299787955,0.41375002692272167,0.5127493749626953,0.9502705392332347,0.88,cross,5,100,100,A_real,0.0,hard,0,0.88
895,5,1,0.17785635944020356,0.3487299012787606,0.15089894633709366,0.2780795931825958,0.2264091447935343,0.4172312955476801,0.6664878597315517,0.5004024235381879,0.89,cross,5,100,100,A_real,0.0,easy,5,0.89
896,2,1,0.13519297518094636,0.3253204110839371,0.10628829778571255,0.22108247618507845,0.20729093583672425,0.43117064004449174,0.5127493749626953,0.9502705392332347,0.89,cross,5,100,100,A_real,0.0,neutral,2,0.89
897,9,1,0.1018338307590191,0.3049000419628208,0.07521617696101021,0.15598872375552925,0.19627194379041235,0.40704288967988783,0.383224293337255,1.6094379124341005,0.85,cross,5,100,100,A_real,0.0,hard,9,0.85
898,1,1,0.16506982549406568,0.34081240117556727,0.13119823907376493,0.26494631755873893,0.1968501558702195,0.39752609697265023,0.6664878597315517,0.5004024235381879,0.9,cross,5,100,100,A_real,0.0,easy,1,0.9
899,3,1,0.12275364762681554,0.32528659737472854,0.09549713510645355,0.19385150271845425,0.19623898891514904,0.3983493625305725,0.48663690958856887,1.0549201679861442,0.84,cross,5,100,100,A_real,0.0,neutral,3,0.84
900,3,1,0.08818774568046751,0.2869298758252505,0.0893604371385504,0.16311557808528923,0.20840453851854143,0.3804147323422691,0.42878354652818723,1.3321790402101223,0.77,cross,5,100,100,A_real,0.0,hard,3,0.77
901,8,1,0.14143837821113603,0.3172883923964542,0.11824490382859315,0.2149511451226466,0.23060955235137237,0.4192128857071453,0.5127493749626953,0.9502705392332347,0.88,cross,5,100,100,A_real,0.0,easy,8,0.88
902,0,1,0.11457178783908617,0.3101592609984898,0.09520940959646292,0.19648451890389804,0.18568410659377166,0.38319796863368794,0.5127493749626953,0.9502705392332347,0.84,cross,5,100,100,A_real,0.0,neutral,0,0.84
903,7,1,0.1445912563057246,0.32459761751955507,0.13100455323503715,0.27182153356364647,0.1965595491683873,0.40784168772876206,0.6664878597315517,0.5004024235381879,0.9,cross,5,100,100,A_real,0.0,hard,7,0.9
904,8,1,0.1314377624755769,0.30993962449571016,0.1552190298522539,0.36223219727957295,0.1552190298522539,0.36223219727957295,1.0,-0.0,0.79,cross,5,100,100,A_real,0.0,easy,8,0.79
905,5,1,0.15223255076438083,0.3383747197448841,0.18450168944815792,0.40794333204953703,0.18450168944815792,0.40794333204953703,1.0,-0.0,0.94,cross,5,100,100,A_real,0.0,neutral,5,0.94
906,3,1,0.12479174813001595,0.3005563961052364,0.1454828866781346,0.34797255564614715,0.1454828866781346,0.34797255564614715,1.0,-0.0,0.81,cross,5,100,100,A_real,0.0,hard,3,0.81
907,8,1,0.14284510516300183,0.327060008583007,0.15021698461340072,0.2739379856291684,0.22538592777054514,0.4110172175371736,0.6664878597315517,0.5004024235381879,0.9,cross,5,100,100,A_real,0.0,easy,8,0.9
908,6,1,0.12187629869523081,0.31963133320310205,0.09640532271761083,0.2524590159147357,0.14464677984748442,0.3787901193225354,0.6664878597315517,0.5004024235381879,0.88,cross,5,100,100,A_real,0.0,neutral,6,0.88
909,7,1,0.15155271268215914,0.3314286841416339,0.1295899838728917,0.26857297231708915,0.1944371258691614,0.4029675385614152,0.6664878597315517,0.5004024235381879,0.89,cross,5,100,100,A_real,0.0,hard,7,0.89
910,1,1,0.15031916407002918,0.3290621017917912,0.12634095103839862,0.268735458080366,0.18956226913013285,0.4032113325944262,0.6664878597315517,0.5004024235381879,0.86,cross,5,100,100,A_real,0.0,easy,1,0.86
911,8,1,0.16811517362589495,0.32834262081265714,0.13291645807020158,0.25974583121843103,0.1994281758166424,0.3897232746640751,0.6664878597315517,0.5004024235381879,0.84,cross,5,100,100,A_real,0.0,neutral,8,0.84
912,3,1,0.10963383112249607,0.28446771612841537,0.09636139889392972,0.22797592891362475,0.14458087643598222,0.3420556362503722,0.6664878597315517,0.5004024235381879,0.8,cross,5,100,100,A_real,0.0,hard,3,0.8
913,6,1,0.13505809370965483,0.312335355824215,0.07896729509200423,0.16703425647102238,0.18416587047565994,0.38955379193880035,0.42878354652818723,1.3321790402101223,0.86,cross,5,100,100,A_real,0.0,easy,6,0.86
914,0,1,0.14762095768621272,0.3267342179615788,0.12700716234459006,0.26943818910046485,0.190561854188531,0.40426571192007804,0.6664878597315517,0.5004024235381879,0.91,cross,5,100,100,A_real,0.0,neutral,0,0.91
915,9,1,0.13591174055705385,0.3214905215238818,0.11409631367604389,0.2659684289207574,0.17119038555630955,0.39905967533734865,0.6664878597315517,0.5004024235381879,0.89,cross,5,100,100,A_real,0.0,hard,9,0.89
916,1,1,0.13130632929095104,0.3292103734757543,0.11674363427288068,0.2712567851615137,0.17516243179568602,0.40699433785751277,0.6664878597315517,0.5004024235381879,0.89,cross,5,100,100,A_real,0.0,easy,1,0.89
917,2,1,0.13826155925213424,0.32172523643146267,0.16912141427017682,0.3823784862636718,0.16912141427017682,0.3823784862636718,1.0,-0.0,0.88,cross,5,100,100,A_real,0.0,neutral,2,0.88
918,9,1,0.1422672470161787,0.30569185343919447,0.10999374070936027,0.21214526772892925,0.21451755200552466,0.4137406656894778,0.5127493749626953,0.9502705392332347,0.85,cross,5,100,100,A_real,0.0,hard,9,0.85
919,5,1,0.16713563064969822,0.3575190192082172,0.1203816557311192,0.24062842666665116,0.20139991453205414,0.4025741652273887,0.5977244628470766,0.6730116670092565,0.87,cross,5,100,100,A_real,0.0,easy,5,0.87
920,6,1,0.15088066892900479,0.32614694983403586,0.17011000332097567,0.36624320076808164,0.17011000332097567,0.36624320076808164,1.0,-0.0,0.83,cross,5,300,300,A_real,0.0,easy,6,0.83
921,3,1,0.09518723357999215,0.2851520552460352,0.07137415835461108,0.20985151105661215,0.10708996017325688,0.3148617157724917,0.6664878597315517,0.5004024235381879,0.8066666666666666,cross,5,300,300,A_real,0.0,neutral,3,0.8066666666666666
922,0,1,0.12890575189723416,0.30697138001560503,0.14532397796124064,0.3429780728296152,0.14532397796124064,0.3429780728296152,1.0,-0.0,0.85,cross,5,300,300,A_real,0.0,hard,0,0.85
923,1,1,0.16017637295956205,0.32765669274762405,0.18982555329489548,0.3820814723454648,0.18982555329489548,0.3820814723454648,1.0,-0.0,0.9133333333333333,cross,5,300,300,A_real,0.0,easy,1,0.9133333333333332
924,9,1,0.1474539841028868,0.31556739522941873,0.16949838814149656,0.36039115961927587,0.16949838814149656,0.36039115961927587,1.0,-0.0,0.8733333333333333,cross,5,300,300,A_real,0.0,neutral,9,0.8733333333333333
925,9,1,0.16248763281430995,0.33280401178008057,0.12427873657455643,0.2452869254486565,0.1864681175507285,0.368029097405395,0.6664878597315517,0.5004024235381879,0.87,cross,5,300,300,A_real,0.0,hard,9,0.87
926,1,1,0.17613411231720771,0.3646011308776202,0.20888195348653402,0.425191380254285,0.20888195348653402,0.425191380254285,1.0,-0.0,0.9333333333333333,cross,5,300,300,A_real,0.0,easy,1,0.9333333333333332
927,7,1,0.13820949252286496,0.3158464617790977,0.15262086066896188,0.3476323717582624,0.15262086066896188,0.3476323717582624,1.0,-0.0,0.8666666666666667,cross,5,300,300,A_real,0.0,neutral,7,0.8666666666666667
928,0,1,0.15155857822809152,0.3198491393596528,0.16987385994677992,0.3547770226075073,0.16987385994677992,0.3547770226075073,1.0,-0.0,0.8466666666666667,cross,5,300,300,A_real,0.0,hard,0,0.8466666666666667
929,5,1,0.12943785201725289,0.32823399827015065,0.15006375371427833,0.37625606165965236,0.15006375371427833,0.37625606165965236,1.0,-0.0,0.9266666666666666,cross,5,300,300,A_real,0.0,easy,5,0.9266666666666666
930,5,1,0.1459398781799893,0.32587868945842047,0.1709546056138493,0.37749864180269216,0.1709546056138493,0.37749864180269216,1.0,-0.0,0.9066666666666666,cross,5,300,300,A_real,0.0,neutral,5,0.9066666666666666
931,0,1,0.12838214227110345,0.3250132005314741,0.09027797154544863,0.20403581121997516,0.17606646824682473,0.39792503157087145,0.5127493749626953,0.9502705392332347,0.9,cross,5,300,300,A_real,0.0,hard,0,0.9
932,1,1,0.14173355406152052,0.32528308110165777,0.17321190372661638,0.3950135043170216,0.17321190372661638,0.3950135043170216,1.0,-0.0,0.92,cross,5,300,300,A_real,0.0,easy,1,0.92
933,7,1,0.10926495602677222,0.31441347490829197,0.10342575512062227,0.24302310711616806,0.1551802536392488,0.3646324588928792,0.6664878597315517,0.5004024235381879,0.8533333333333334,cross,5,300,300,A_real,0.0,neutral,7,0.8533333333333334
934,0,1,0.13796621784712326,0.3106457246847057,0.11480957780836716,0.2383576506098893,0.17226056878907026,0.3576323966439466,0.6664878597315517,0.5004024235381879,0.8233333333333334,cross,5,300,300,A_real,0.0,hard,0,0.8233333333333334
935,2,1,0.14469141281115067,0.33682690901587076,0.168509973429516,0.3867644742957326,0.168509973429516,0.3867644742957326,1.0,-0.0,0.8966666666666666,cross,5,300,300,A_real,0.0,easy,2,0.8966666666666666
936,3,1,0.08730564439764037,0.2886381229903592,0.07361941282974167,0.19477711647180562,0.12316613658252877,0.32586438832375164,0.5977244628470766,0.6730116670092565,0.7833333333333333,cross,5,300,300,A_real,0.0,neutral,3,0.7833333333333333
937,4,1,0.1215719436416141,0.3048246300001958,0.10243364013042205,0.24365714776686373,0.15369168190352384,0.3655837750218047,0.6664878597315517,0.5004024235381879,0.8666666666666667,cross,5,300,300,A_real,0.0,hard,4,0.8666666666666667
938,5,1,0.12636917462650107,0.3171019198278384,0.11954126291110617,0.26048719277774485,0.1793600005846394,0.39083561534438754,0.6664878597315517,0.5004024235381879,0.8733333333333333,cross,5,300,300,A_real,0.0,easy,5,0.8733333333333333
939,8,1,0.18662719309426662,0.3553675254830658,0.1529876717435432,0.2810225166429918,0.22954307345547695,0.4216468650399457,0.6664878597315517,0.5004024235381879,0.9133333333333333,cross,5,300,300,A_real,0.0,neutral,8,0.9133333333333332
940,4,1,0.11838742600369327,0.30156592656192727,0.13135542588259322,0.3331477889964761,0.13135542588259322,0.3331477889964761,1.0,-0.0,0.84,cross,5,300,300,A_real,0.0,hard,4,0.84
941,10,1,0.13671423791520557,0.319239256961227,0.15461060412689986,0.35929611707451853,0.15461060412689986,0.35929611707451853,1.0,-0.0,0.8833333333333333,cross,5,300,300,A_real,0.0,easy,10,0.8833333333333333
942,8,1,0.1262190422141441,0.3162676615501997,0.14817224551107372,0.36904172690509063,0.14817224551107372,0.36904172690509063,1.0,-0.0,0.8966666666666666,cross,5,300,300,A_real,0.0,neutral,8,0.8966666666666666
943,3,1,0.105919302285792,0.28555307751115105,0.09399276409236546,0.22122190856711493,0.1410269710392383,0.3319218877538427,0.6664878597315517,0.5004024235381879,0.7766666666666666,cross,5,300,300,A_real,0.0,hard,3,0.7766666666666666
944,2,1,0.13959014336335634,0.3190546233469582,0.1105196878164982,0.24649946752143317,0.16582400744855783,0.3698483984700312,0.6664878597315517,0.5004024235381879,0.86,cross,5,300,300,A_real,0.0,easy,2,0.86
945,3,1,0.08444316276885065,0.28358905051735395,0.08514101937397894,0.1726817912776158,0.1660480217653572,0.33677621019075665,0.5127493749626953,0.9502705392332347,0.7933333333333333,cross,5,300,300,A_real,0.0,neutral,3,0.7933333333333333
946,7,1,0.14075805303549022,0.3119766183730286,0.1642747166917183,0.3632095124047644,0.1642747166917183,0.3632095124047644,1.0,-0.0,0.9,cross,5,300,300,A_real,0.0,hard,7,0.9
947,1,1,0.1723138148773203,0.3441156853867076,0.2130976693959369,0.4170123570356991,0.2130976693959369,0.4170123570356991,1.0,-0.0,0.93,cross,5,300,300,A_real,0.0,easy,1,0.93
948,3,1,0.10215037466527081,0.28706459959491437,0.07684608452233534,0.18311204464808947,0.1498706546993377,0.3571180260559296,0.5127493749626953,0.9502705392332347,0.84,cross,5,300,300,A_real,0.0,neutral,3,0.84
949,9,1,0.12878245520099782,0.31617517915477605,0.09746541550610659,0.20220490849320816,0.19008392845568578,0.394354275922656,0.5127493749626953,0.9502705392332347,0.87,cross,5,300,300,A_real,0.0,hard,9,0.87
950,1,1,0.14491001272331236,0.32340949439295574,0.1689459296568243,0.3777516118047167,0.1689459296568243,0.3777516118047167,1.0,-0.0,0.92,cross,5,300,300,A_real,0.0,easy,1,0.92
951,10,1,0.17242663176177092,0.3365857573771403,0.19373324132108152,0.37719973459964445,0.19373324132108152,0.37719973459964445,1.0,-0.0,0.9066666666666666,cross,5,300,300,A_real,0.0,neutral,10,0.9066666666666666
952,4,1,0.14263269356662353,0.3182836458351025,0.17035892105216402,0.37844666816803635,0.17035892105216402,0.37844666816803635,1.0,-0.0,0.8566666666666667,cross,5,300,300,A_real,0.0,hard,4,0.8566666666666667
953,1,1,0.1648451281271615,0.3312274654745694,0.1964034733786102,0.3914728813848942,0.1964034733786102,0.3914728813848942,1.0,-0.0,0.9066666666666666,cross,5,300,300,A_real,0.0,easy,1,0.9066666666666666
954,6,1,0.13831677630409067,0.32308915062006033,0.10762947280653086,0.2481007490000808,0.1614875218430564,0.3722509650813609,0.6664878597315517,0.5004024235381879,0.84,cross,5,300,300,A_real,0.0,neutral,6,0.84
955,9,1,0.1537145079607874,0.3352980205752797,0.1298279394238294,0.2703688258295357,0.19479415495448268,0.4056620415238096,0.6664878597315517,0.5004024235381879,0.8733333333333333,cross,5,300,300,A_real,0.0,hard,9,0.8733333333333333
956,2,1,0.11311355898837516,0.3224281062215146,0.0895333500285397,0.20568554688432106,0.1746142548395181,0.40114246243456764,0.5127493749626953,0.9502705392332347,0.85,cross,5,300,300,A_real,0.0,easy,2,0.85
957,8,1,0.14523110065607414,0.3162965601321817,0.16673903139610613,0.3584387416879032,0.16673903139610613,0.3584387416879032,1.0,-0.0,0.9,cross,5,300,300,A_real,0.0,neutral,8,0.9
958,4,1,0.1275293309534512,0.30581431496286865,0.10889436204065521,0.23646070726430712,0.16338536471544393,0.35478621825092044,0.6664878597315517,0.5004024235381879,0.84,cross,5,300,300,A_real,0.0,hard,4,0.84
959,5,1,0.14488129666939978,0.3333082031567355,0.17192356229392777,0.3894638108032451,0.17192356229392777,0.3894638108032451,1.0,-0.0,0.9333333333333333,cross,5,300,300,A_real,0.0,easy,5,0.9333333333333332
960,1,0,0.24429796295249762,0.42048807589545534,0.24429796295249762,0.42048807589545534,0.24429796295249762,0.42048807589545534,1.0,-0.0,0.9333333333333333,diversified,1,30,30,A_real,0.0,easy,10,0.9333333333333332
961,9,0,0.18194837614653592,0.39759798057012374,0.18194837614653592,0.39759798057012374,0.18194837614653592,0.39759798057012374,1.0,-0.0,0.9,diversified,1,30,30,A_real,0.0,neutral,2,0.9
962,4,0,0.1853950052470138,0.3750176123020725,0.1853950052470138,0.3750176123020725,0.1853950052470138,0.3750176123020725,1.0,-0.0,0.8666666666666667,diversified,1,30,30,A_real,0.0,hard,0,0.8666666666666667
963,4,0,0.1553344888999305,0.3551775800161265,0.1553344888999305,0.3551775800161265,0.1553344888999305,0.3551775800161265,1.0,-0.0,0.7,diversified,1,30,30,A_real,0.0,easy,6,0.7
964,2,0,0.14388382245311737,0.37757834311299576,0.14388382245311737,0.37757834311299576,0.14388382245311737,0.37757834311299576,1.0,-0.0,0.8,diversified,1,30,30,A_real,0.0,neutral,4,0.8
965,9,0,0.1029810398899087,0.3167636195258188,0.1029810398899087,0.3167636195258188,0.1029810398899087,0.3167636195258188,1.0,-0.0,0.8,diversified,1,30,30,A_real,0.0,hard,0,0.8
966,3,0,0.14588439549496882,0.36683388095453745,0.14588439549496882,0.36683388095453745,0.14588439549496882,0.36683388095453745,1.0,-0.0,0.8666666666666667,diversified,1,30,30,A_real,0.0,easy,1,0.8666666666666667
967,8,0,0.09801041146996559,0.3355057844518517,0.09801041146996559,0.3355057844518517,0.09801041146996559,0.3355057844518517,1.0,-0.0,0.9333333333333333,diversified,1,30,30,A_real,0.0,neutral,2,0.9333333333333332
968,4,0,0.12738773077893029,0.3573955095974245,0.12738773077893029,0.3573955095974245,0.12738773077893029,0.3573955095974245,1.0,-0.0,0.8333333333333334,diversified,1,30,30,A_real,0.0,hard,9,0.8333333333333334
969,9,0,0.14707121572626286,0.36645565249401196,0.14707121572626286,0.36645565249401196,0.14707121572626286,0.36645565249401196,1.0,-0.0,0.8666666666666667,diversified,1,30,30,A_real,0.0,easy,5,0.8666666666666667
970,2,0,0.10753710219082645,0.383965937126799,0.10753710219082645,0.383965937126799,0.10753710219082645,0.383965937126799,1.0,-0.0,0.9,diversified,1,30,30,A_real,0.0,neutral,0,0.9
971,6,0,0.0807510977026315,0.31424914707547014,0.0807510977026315,0.31424914707547014,0.0807510977026315,0.31424914707547014,1.0,-0.0,0.8333333333333334,diversified,1,30,30,A_real,0.0,hard,0,0.8333333333333334
972,2,0,0.08156313949706959,0.3338166718109024,0.08156313949706959,0.3338166718109024,0.08156313949706959,0.3338166718109024,1.0,-0.0,0.9,diversified,1,30,30,A_real,0.0,easy,1,0.9
973,10,0,0.24429796295249762,0.43625657160523384,0.24429796295249762,0.43625657160523384,0.24429796295249762,0.43625657160523384,1.0,-0.0,0.9333333333333333,diversified,1,30,30,A_real,0.0,neutral,0,0.9333333333333332
974,2,0,0.3929568001132799,0.5020896149997628,0.3929568001132799,0.5020896149997628,0.3929568001132799,0.5020896149997628,1.0,-0.0,0.9,diversified,1,30,30,A_real,0.0,hard,0,0.9
975,0,0,0.11471472774318121,0.3508885288490377,0.11471472774318121,0.3508885288490377,0.11471472774318121,0.3508885288490377,1.0,-0.0,0.8666666666666667,diversified,1,30,30,A_real,0.0,easy,2,0.8666666666666667
976,1,0,0.0684561095003882,0.31614678124630713,0.0684561095003882,0.31614678124630713,0.0684561095003882,0.31614678124630713,1.0,-0.0,0.8666666666666667,diversified,1,30,30,A_real,0.0,neutral,4,0.8666666666666667
977,7,0,0.09580319742451039,0.3345373301202382,0.09580319742451039,0.3345373301202382,0.09580319742451039,0.3345373301202382,1.0,-0.0,0.9,diversified,1,30,30,A_real,0.0,hard,4,0.9
978,0,0,0.32108494027388607,0.47584955214154107,0.32108494027388607,0.47584955214154107,0.32108494027388607,0.47584955214154107,1.0,-0.0,0.8666666666666667,diversified,1,30,30,A_real,0.0,easy,6,0.8666666666666667
979,8,0,0.0941619190359977,0.32874725298698293,0.0941619190359977,0.32874725298698293,0.0941619190359977,0.32874725298698293,1.0,-0.0,0.8666666666666667,diversified,1,30,30,A_real,0.0,neutral,1,0.8666666666666667
980,4,0,0.08315107806236302,0.32970163497908267,0.08315107806236302,0.32970163497908267,0.08315107806236302,0.32970163497908267,1.0,-0.0,0.7333333333333333,diversified,1,30,30,A_real,0.0,hard,3,0.7333333333333333
981,7,0,0.15441839627319937,0.3965395785741439,0.15441839627319937,0.3965395785741439,0.15441839627319937,0.3965395785741439,1.0,-0.0,0.8333333333333334,diversified,1,30,30,A_real,0.0,easy,2,0.8333333333333334
982,7,0,0.11692720207535211,0.3649914571584826,0.11692720207535211,0.3649914571584826,0.11692720207535211,0.3649914571584826,1.0,-0.0,0.9333333333333333,diversified,1,30,30,A_real,0.0,neutral,0,0.9333333333333332
983,5,0,0.20812611134085326,0.4229240610763881,0.20812611134085326,0.4229240610763881,0.20812611134085326,0.4229240610763881,1.0,-0.0,0.9333333333333333,diversified,1,30,30,A_real,0.0,hard,0,0.9333333333333332
984,7,0,0.12011745329615871,0.32473035592633387,0.12011745329615871,0.32473035592633387,0.12011745329615871,0.32473035592633387,1.0,-0.0,0.7333333333333333,diversified,1,30,30,A_real,0.0,easy,8,0.7333333333333333
985,1,0,0.5179394656717131,0.5966692653950776,0.5179394656717131,0.5966692653950776,0.5179394656717131,0.5966692653950776,1.0,-0.0,0.9333333333333333,diversified,1,30,30,A_real,0.0,neutral,0,0.9333333333333332
986,1,0,0.11066530385895491,0.3553321240566729,0.11066530385895491,0.3553321240566729,0.11066530385895491,0.3553321240566729,1.0,-0.0,0.9666666666666667,diversified,1,30,30,A_real,0.0,hard,7,0.9666666666666668
987,9,0,0.45557120498361764,0.5496225664247453,0.45557120498361764,0.5496225664247453,0.45557120498361764,0.5496225664247453,1.0,-0.0,0.9333333333333333,diversified,1,30,30,A_real,0.0,easy,1,0.9333333333333332
988,2,0,0.12345296807813125,0.3475090791850015,0.12345296807813125,0.3475090791850015,0.12345296807813125,0.3475090791850015,1.0,-0.0,0.9333333333333333,diversified,1,30,30,A_real,0.0,neutral,10,0.9333333333333332
989,7,1,0.06684618769826399,0.3122739797966652,0.06684618769826399,0.3122739797966652,0.06684618769826399,0.3122739797966652,1.0,-0.0,0.8,diversified,1,30,30,A_real,0.0,hard,7,0.8
990,1,0,0.5029818444606086,0.588178826474477,0.5029818444606086,0.588178826474477,0.5029818444606086,0.588178826474477,1.0,-0.0,0.9666666666666667,diversified,1,30,30,A_real,0.0,easy,8,0.9666666666666668
991,7,0,0.08435638375953701,0.3411726592222772,0.08435638375953701,0.3411726592222772,0.08435638375953701,0.3411726592222772,1.0,-0.0,0.9666666666666667,diversified,1,30,30,A_real,0.0,neutral,3,0.9666666666666668
992,7,0,0.16307005423845677,0.3726293512616892,0.16307005423845677,0.3726293512616892,0.16307005423845677,0.3726293512616892,1.0,-0.0,0.8666666666666667,diversified,1,30,30,A_real,0.0,hard,3,0.8666666666666667
993,3,0,0.3290650873935751,0.415224883187619,0.3290650873935751,0.415224883187619,0.3290650873935751,0.415224883187619,1.0,-0.0,0.8333333333333334,diversified,1,30,30,A_real,0.0,easy,10,0.8333333333333334
994,9,0,0.14640607276315012,0.37668847875541883,0.14640607276315012,0.37668847875541883,0.14640607276315012,0.37668847875541883,1.0,-0.0,0.8666666666666667,diversified,1,30,30,A_real,0.0,neutral,3,0.8666666666666667
995,6,0,0.1276680312444686,0.3568481768156207,0.1276680312444686,0.3568481768156207,0.1276680312444686,0.3568481768156207,1.0,-0.0,0.8333333333333334,diversified,1,30,30,A_real,0.0,hard,9,0.8333333333333334
996,5,1,0.08543380957774639,0.3433001624761103,0.08543380957774639,0.3433001624761103,0.08543380957774639,0.3433001624761103,1.0,-0.0,0.9666666666666667,diversified,1,30,30,A_real,0.0,easy,5,0.9666666666666668
997,6,0,0.13819245926396478,0.3989812045805362,0.13819245926396478,0.3989812045805362,0.13819245926396478,0.3989812045805362,1.0,-0.0,0.9,diversified,1,30,30,A_real,0.0,neutral,1,0.9
998,10,0,0.11771042329448389,0.38078588403644376,0.11771042329448389,0.38078588403644376,0.11771042329448389,0.38078588403644376,1.0,-0.0,0.8666666666666667,diversified,1,30,30,A_real,0.0,hard,7,0.8666666666666667
999,5,0,0.09420651346263612,0.3322658791050707,0.09420651346263612,0.3322658791050707,0.09420651346263612,0.3322658791050707,1.0,-0.0,0.8333333333333334,diversified,1,30,30,A_real,0.0,easy,8,0.8333333333333334
1000,8,0,0.07711566330824014,0.30574711631368634,0.07711566330824014,0.30574711631368634,0.07711566330824014,0.30574711631368634,1.0,-0.0,0.82,diversified,1,100,100,A_real,0.0,easy,6,0.82
1001,9,0,0.08418142153088301,0.300415720544838,0.08418142153088301,0.300415720544838,0.08418142153088301,0.300415720544838,1.0,-0.0,0.77,diversified,1,100,100,A_real,0.0,neutral,4,0.77
1002,4,0,0.1769918532165229,0.39360716338495894,0.17699185321652286,0.39360716338495894,0.17699185321652286,0.39360716338495894,1.0,-0.0,0.84,diversified,1,100,100,A_real,0.0,hard,0,0.84
1003,5,1,0.08290804235080051,0.3445933886990961,0.08290804235080051,0.34459338869909606,0.08290804235080051,0.34459338869909606,1.0,-0.0,0.88,diversified,1,100,100,A_real,0.0,easy,5,0.88
1004,1,0,0.35920957700789835,0.49306623409264727,0.35920957700789835,0.4930662340926473,0.35920957700789835,0.4930662340926473,1.0,-0.0,0.91,diversified,1,100,100,A_real,0.0,neutral,4,0.91
1005,3,0,0.17576272969868328,0.30865595156036146,0.17576272969868328,0.30865595156036146,0.17576272969868328,0.30865595156036146,1.0,-0.0,0.6,diversified,1,100,100,A_real,0.0,hard,0,0.6
1006,8,1,0.07609366041409385,0.30584222690132923,0.07609366041409385,0.30584222690132923,0.07609366041409385,0.30584222690132923,1.0,-0.0,0.86,diversified,1,100,100,A_real,0.0,easy,8,0.86
1007,1,0,0.46240613496625277,0.5576835409323646,0.46240613496625277,0.5576835409323646,0.46240613496625277,0.5576835409323646,1.0,-0.0,0.94,diversified,1,100,100,A_real,0.0,neutral,10,0.94
1008,2,0,0.4877843885067165,0.5651519647718918,0.48778438850671646,0.5651519647718918,0.48778438850671646,0.5651519647718918,1.0,-0.0,0.93,diversified,1,100,100,A_real,0.0,hard,7,0.93
1009,1,0,0.07649383901520908,0.3299254267808745,0.07649383901520908,0.32992542678087455,0.07649383901520908,0.32992542678087455,1.0,-0.0,0.91,diversified,1,100,100,A_real,0.0,easy,10,0.91
1010,2,0,0.08302649788254067,0.32113166250959563,0.08302649788254067,0.3211316625095957,0.08302649788254067,0.3211316625095957,1.0,-0.0,0.83,diversified,1,100,100,A_real,0.0,neutral,6,0.83
1011,5,0,0.4376134105378205,0.564657442059382,0.4376134105378205,0.564657442059382,0.4376134105378205,0.564657442059382,1.0,-0.0,0.96,diversified,1,100,100,A_real,0.0,hard,9,0.96
1012,10,1,0.10258136819542485,0.3372414975439766,0.10258136819542486,0.3372414975439766,0.10258136819542486,0.3372414975439766,1.0,-0.0,0.89,diversified,1,100,100,A_real,0.0,easy,10,0.89
1013,5,0,0.11478503435787402,0.36712231576051196,0.11478503435787403,0.36712231576051196,0.11478503435787403,0.36712231576051196,1.0,-0.0,0.93,diversified,1,100,100,A_real,0.0,neutral,6,0.93
1014,8,0,0.17334272660683392,0.36505294737155425,0.17334272660683392,0.36505294737155425,0.17334272660683392,0.36505294737155425,1.0,-0.0,0.86,diversified,1,100,100,A_real,0.0,hard,0,0.86
1015,1,1,0.10147459612133432,0.33267789825735544,0.10147459612133432,0.3326778982573554,0.10147459612133432,0.3326778982573554,1.0,-0.0,0.91,diversified,1,100,100,A_real,0.0,easy,1,0.91
1016,10,0,0.4316740707925048,0.5455757203868395,0.4316740707925048,0.5455757203868395,0.4316740707925048,0.5455757203868395,1.0,-0.0,0.92,diversified,1,100,100,A_real,0.0,neutral,9,0.92
1017,4,0,0.06792441543309469,0.31507982459972783,0.06792441543309469,0.31507982459972783,0.06792441543309469,0.31507982459972783,1.0,-0.0,0.92,diversified,1,100,100,A_real,0.0,hard,3,0.92
1018,4,0,0.14625840245231805,0.3541225193877879,0.14625840245231805,0.3541225193877879,0.14625840245231805,0.3541225193877879,1.0,-0.0,0.8,diversified,1,100,100,A_real,0.0,easy,6,0.8
1019,10,0,0.12103567407897367,0.35426654146280356,0.12103567407897367,0.35426654146280356,0.12103567407897367,0.35426654146280356,1.0,-0.0,0.9,diversified,1,100,100,A_real,0.0,neutral,2,0.9
1020,5,0,0.3492112306217993,0.47453143249245194,0.3492112306217993,0.47453143249245194,0.3492112306217993,0.47453143249245194,1.0,-0.0,0.91,diversified,1,100,100,A_real,0.0,hard,9,0.91
1021,1,0,0.06296662904758721,0.3085164306764378,0.06296662904758721,0.3085164306764378,0.06296662904758721,0.3085164306764378,1.0,-0.0,0.88,diversified,1,100,100,A_real,0.0,easy,5,0.88
1022,10,1,0.0850738750904346,0.3180994737492941,0.0850738750904346,0.3180994737492941,0.0850738750904346,0.3180994737492941,1.0,-0.0,0.87,diversified,1,100,100,A_real,0.0,neutral,10,0.87
1023,10,0,0.34094177226290495,0.4464589799143402,0.34094177226290495,0.4464589799143402,0.34094177226290495,0.4464589799143402,1.0,-0.0,0.88,diversified,1,100,100,A_real,0.0,hard,3,0.88
1024,1,0,0.10278908782919831,0.33977242230254306,0.10278908782919832,0.33977242230254306,0.10278908782919832,0.33977242230254306,1.0,-0.0,0.92,diversified,1,100,100,A_real,0.0,easy,5,0.92
1025,9,0,0.17532320490404954,0.36342554428496676,0.1753232049040495,0.36342554428496676,0.1753232049040495,0.36342554428496676,1.0,-0.0,0.79,diversified,1,100,100,A_real,0.0,neutral,3,0.79
1026,10,0,0.07140132683382575,0.32153841212761847,0.07140132683382575,0.32153841212761847,0.07140132683382575,0.32153841212761847,1.0,-0.0,0.93,diversified,1,100,100,A_real,0.0,hard,9,0.93
1027,7,0,0.25735501462893867,0.4238402815702303,0.25735501462893867,0.4238402815702303,0.25735501462893867,0.4238402815702303,1.0,-0.0,0.82,diversified,1,100,100,A_real,0.0,easy,8,0.82
1028,6,1,0.1001797206682206,0.3321369968942018,0.10017972066822062,0.33213699689420184,0.10017972066822062,0.33213699689420184,1.0,-0.0,0.83,diversified,1,100,100,A_real,0.0,neutral,6,0.83
1029,1,0,0.15765856877912884,0.39064070734908374,0.15765856877912884,0.3906407073490838,0.15765856877912884,0.3906407073490838,1.0,-0.0,0.91,diversified,1,100,100,A_real,0.0,hard,0,0.91
1030,1,0,0.06744106486530603,0.3141321698859801,0.06744106486530603,0.3141321698859801,0.06744106486530603,0.3141321698859801,1.0,-0.0,0.88,diversified,1,100,100,A_real,0.0,easy,10,0.88
1031,6,0,0.0930090359519098,0.3238596358756297,0.0930090359519098,0.3238596358756297,0.0930090359519098,0.3238596358756297,1.0,-0.0,0.8,diversified,1,100,100,A_real,0.0,neutral,5,0.8
1032,10,0,0.10109339607632781,0.33944145544421334,0.1010933960763278,0.33944145544421334,0.1010933960763278,0.33944145544421334,1.0,-0.0,0.86,diversified,1,100,100,A_real,0.0,hard,0,0.86
1033,4,0,0.15879556662440533,0.3861103138085935,0.15879556662440533,0.3861103138085935,0.15879556662440533,0.3861103138085935,1.0,-0.0,0.9,diversified,1,100,100,A_real,0.0,easy,2,0.9
1034,6,0,0.08263103269619672,0.31701563407348565,0.08263103269619672,0.31701563407348565,0.08263103269619672,0.31701563407348565,1.0,-0.0,0.82,diversified,1,100,100,A_real,0.0,neutral,4,0.82
1035,1,0,0.09306305000603678,0.3406002521232921,0.09306305000603678,0.3406002521232921,0.09306305000603678,0.3406002521232921,1.0,-0.0,0.91,diversified,1,100,100,A_real,0.0,hard,3,0.91
1036,6,1,0.10506650782709108,0.3408698735781642,0.1050665078270911,0.3408698735781642,0.1050665078270911,0.3408698735781642,1.0,-0.0,0.86,diversified,1,100,100,A_real,0.0,easy,6,0.86
1037,4,0,0.3141311905561494,0.42440092010530645,0.3141311905561494,0.4244009201053064,0.3141311905561494,0.4244009201053064,1.0,-0.0,0.82,diversified,1,100,100,A_real,0.0,neutral,5,0.82
1038,5,0,0.21206662117522215,0.4386931016974132,0.21206662117522213,0.43869310169741316,0.21206662117522213,0.43869310169741316,1.0,-0.0,0.94,diversified,1,100,100,A_real,0.0,hard,3,0.94
1039,2,0,0.10667198475610551,0.3622103813213879,0.10667198475610551,0.3622103813213879,0.10667198475610551,0.3622103813213879,1.0,-0.0,0.93,diversified,1,100,100,A_real,0.0,easy,5,0.93
1040,8,0,0.07425929664011256,0.33589117180018074,0.07425929664011256,0.33589117180018074,0.07425929664011256,0.33589117180018074,1.0,-0.0,0.9233333333333333,diversified,1,300,300,A_real,0.0,easy,1,0.9233333333333332
1041,6,0,0.08208691023699273,0.31919923016744606,0.08208691023699273,0.31919923016744606,0.08208691023699273,0.31919923016744606,1.0,-0.0,0.85,diversified,1,300,300,A_real,0.0,neutral,4,0.85
1042,7,1,0.07882834051381966,0.32203700514225403,0.07882834051381966,0.32203700514225403,0.07882834051381966,0.32203700514225403,1.0,-0.0,0.8866666666666667,diversified,1,300,300,A_real,0.0,hard,7,0.8866666666666667
1043,7,0,0.31310504849445336,0.4143202953001755,0.31310504849445336,0.4143202953001755,0.31310504849445336,0.4143202953001755,1.0,-0.0,0.7766666666666666,diversified,1,300,300,A_real,0.0,easy,8,0.7766666666666666
1044,9,0,0.34643835468024514,0.472584657055448,0.34643835468024514,0.472584657055448,0.34643835468024514,0.472584657055448,1.0,-0.0,0.8966666666666666,diversified,1,300,300,A_real,0.0,neutral,2,0.8966666666666666
1045,10,0,0.11622328083109766,0.3504529172318448,0.11622328083109766,0.3504529172318448,0.11622328083109766,0.3504529172318448,1.0,-0.0,0.8666666666666667,diversified,1,300,300,A_real,0.0,hard,3,0.8666666666666667
1046,4,0,0.06689138419493174,0.3077494753116171,0.06689138419493174,0.3077494753116171,0.06689138419493174,0.3077494753116171,1.0,-0.0,0.8366666666666667,diversified,1,300,300,A_real,0.0,easy,1,0.8366666666666667
1047,0,0,0.15000329784639646,0.36292182189406247,0.15000329784639646,0.36292182189406247,0.15000329784639646,0.36292182189406247,1.0,-0.0,0.8466666666666667,diversified,1,300,300,A_real,0.0,neutral,5,0.8466666666666667
1048,6,0,0.38116988496824894,0.479949022661337,0.38116988496824894,0.47994902266133704,0.38116988496824894,0.47994902266133704,1.0,-0.0,0.86,diversified,1,300,300,A_real,0.0,hard,9,0.86
1049,5,1,0.07719910539583498,0.33274827753332353,0.07719910539583498,0.33274827753332353,0.07719910539583498,0.33274827753332353,1.0,-0.0,0.9033333333333333,diversified,1,300,300,A_real,0.0,easy,5,0.9033333333333332
1050,10,0,0.35558071562282717,0.4980736406632063,0.35558071562282717,0.49807364066320636,0.35558071562282717,0.49807364066320636,1.0,-0.0,0.9233333333333333,diversified,1,300,300,A_real,0.0,neutral,7,0.9233333333333332
1051,9,1,0.09199757436674608,0.329645335432555,0.09199757436674608,0.329645335432555,0.09199757436674608,0.329645335432555,1.0,-0.0,0.8766666666666667,diversified,1,300,300,A_real,0.0,hard,9,0.8766666666666667
1052,7,0,0.1763337905892272,0.4009604362880911,0.1763337905892272,0.4009604362880911,0.1763337905892272,0.4009604362880911,1.0,-0.0,0.8966666666666666,diversified,1,300,300,A_real,0.0,easy,6,0.8966666666666666
1053,6,0,0.08717750774287776,0.3197842576793128,0.08717750774287776,0.3197842576793128,0.08717750774287776,0.3197842576793128,1.0,-0.0,0.8266666666666667,diversified,1,300,300,A_real,0.0,neutral,1,0.8266666666666667
1054,5,0,0.07875678982719174,0.32512359848293937,0.07875678982719174,0.32512359848293937,0.07875678982719174,0.32512359848293937,1.0,-0.0,0.8866666666666667,diversified,1,300,300,A_real,0.0,hard,3,0.8866666666666667
1055,9,0,0.06850630642235087,0.31633400941755124,0.06850630642235087,0.31633400941755124,0.06850630642235087,0.31633400941755124,1.0,-0.0,0.8533333333333334,diversified,1,300,300,A_real,0.0,easy,5,0.8533333333333334
1056,10,0,0.09912793894544965,0.34066485344808756,0.09912793894544965,0.34066485344808756,0.09912793894544965,0.34066485344808756,1.0,-0.0,0.85,diversified,1,300,300,A_real,0.0,neutral,7,0.85
1057,2,0,0.11617062705830457,0.37173014723362613,0.11617062705830455,0.37173014723362613,0.11617062705830455,0.37173014723362613,1.0,-0.0,0.93,diversified,1,300,300,A_real,0.0,hard,0,0.93
1058,1,0,0.11822476780851378,0.3617172777435472,0.11822476780851376,0.3617172777435472,0.11822476780851376,0.3617172777435472,1.0,-0.0,0.91,diversified,1,300,300,A_real,0.0,easy,2,0.91
1059,6,0,0.11899878538346804,0.34776805251349,0.11899878538346804,0.34776805251349,0.11899878538346804,0.34776805251349,1.0,-0.0,0.8633333333333333,diversified,1,300,300,A_real,0.0,neutral,0,0.8633333333333333
1060,5,0,0.1535033323820384,0.3808805109028562,0.1535033323820384,0.3808805109028562,0.1535033323820384,0.3808805109028562,1.0,-0.0,0.8766666666666667,diversified,1,300,300,A_real,0.0,hard,0,0.8766666666666667
1061,10,0,0.10377535808754236,0.3485030043455507,0.10377535808754236,0.3485030043455507,0.10377535808754236,0.3485030043455507,1.0,-0.0,0.86,diversified,1,300,300,A_real,0.0,easy,1,0.86
1062,6,0,0.39505604384956244,0.4964454944088627,0.39505604384956244,0.49644549440886276,0.39505604384956244,0.49644549440886276,1.0,-0.0,0.8733333333333333,diversified,1,300,300,A_real,0.0,neutral,10,0.8733333333333333
1063,2,0,0.43664164509512016,0.5077923558732179,0.43664164509512016,0.5077923558732179,0.43664164509512016,0.5077923558732179,1.0,-0.0,0.8866666666666667,diversified,1,300,300,A_real,0.0,hard,0,0.8866666666666667
1064,6,1,0.07794457305116544,0.3072614863833315,0.07794457305116544,0.3072614863833315,0.07794457305116544,0.3072614863833315,1.0,-0.0,0.8133333333333334,diversified,1,300,300,A_real,0.0,easy,6,0.8133333333333334
1065,6,0,0.3278915094700613,0.4433158100484053,0.3278915094700613,0.4433158100484053,0.3278915094700613,0.4433158100484053,1.0,-0.0,0.8566666666666667,diversified,1,300,300,A_real,0.0,neutral,3,0.8566666666666667
1066,5,0,0.06819325021222969,0.306690312122569,0.06819325021222969,0.306690312122569,0.06819325021222969,0.306690312122569,1.0,-0.0,0.8766666666666667,diversified,1,300,300,A_real,0.0,hard,0,0.8766666666666667
1067,5,0,0.07708841210753323,0.32075390895633893,0.07708841210753323,0.32075390895633893,0.07708841210753323,0.32075390895633893,1.0,-0.0,0.8666666666666667,diversified,1,300,300,A_real,0.0,easy,2,0.8666666666666667
1068,1,0,0.41249919592529466,0.5392231747888694,0.41249919592529466,0.5392231747888694,0.41249919592529466,0.5392231747888694,1.0,-0.0,0.9466666666666667,diversified,1,300,300,A_real,0.0,neutral,6,0.9466666666666668
1069,6,0,0.3077604363219634,0.4406026486020145,0.3077604363219634,0.44060264860201453,0.3077604363219634,0.44060264860201453,1.0,-0.0,0.85,diversified,1,300,300,A_real,0.0,hard,7,0.85
1070,5,1,0.06919466403613159,0.32540177660000624,0.06919466403613159,0.32540177660000624,0.06919466403613159,0.32540177660000624,1.0,-0.0,0.9266666666666666,diversified,1,300,300,A_real,0.0,easy,5,0.9266666666666666
1071,4,1,0.06390179003115422,0.30089587041569704,0.06390179003115422,0.30089587041569704,0.06390179003115422,0.30089587041569704,1.0,-0.0,0.85,diversified,1,300,300,A_real,0.0,neutral,4,0.85
1072,9,0,0.06314108921882278,0.3114117196857264,0.06314108921882278,0.3114117196857264,0.06314108921882278,0.3114117196857264,1.0,-0.0,0.8933333333333333,diversified,1,300,300,A_real,0.0,hard,7,0.8933333333333333
1073,1,0,0.0694359024854412,0.329284102456309,0.0694359024854412,0.329284102456309,0.0694359024854412,0.329284102456309,1.0,-0.0,0.9,diversified,1,300,300,A_real,0.0,easy,6,0.9
1074,6,0,0.09328995040696955,0.3267113286443327,0.09328995040696955,0.3267113286443327,0.09328995040696955,0.3267113286443327,1.0,-0.0,0.8066666666666666,diversified,1,300,300,A_real,0.0,neutral,3,0.8066666666666666
1075,2,0,0.0752623219871239,0.32290445059449435,0.0752623219871239,0.32290445059449435,0.0752623219871239,0.32290445059449435,1.0,-0.0,0.8633333333333333,diversified,1,300,300,A_real,0.0,hard,0,0.8633333333333333
1076,9,0,0.4157893080868558,0.5023407313687727,0.4157893080868558,0.5023407313687727,0.4157893080868558,0.5023407313687727,1.0,-0.0,0.8933333333333333,diversified,1,300,300,A_real,0.0,easy,8,0.8933333333333333
1077,4,1,0.08128167444779245,0.3341755751337295,0.08128167444779245,0.3341755751337295,0.08128167444779245,0.3341755751337295,1.0,-0.0,0.9033333333333333,diversified,1,300,300,A_real,0.0,neutral,4,0.9033333333333332
1078,10,0,0.18051211686260052,0.37313626000049915,0.18051211686260052,0.37313626000049915,0.18051211686260052,0.37313626000049915,1.0,-0.0,0.8633333333333333,diversified,1,300,300,A_real,0.0,hard,4,0.8633333333333333
1079,0,0,0.13715839762653032,0.37569717815013526,0.13715839762653032,0.37569717815013526,0.13715839762653032,0.37569717815013526,1.0,-0.0,0.8733333333333333,diversified,1,300,300,A_real,0.0,easy,10,0.8733333333333333
1080,4,0,0.07817390982882769,0.3179273307365717,0.08524623622089572,0.21591157618826695,0.14433442451075668,0.365570076473418,0.5906161091496412,0.6931471805599453,0.8666666666666667,diversified,2,30,30,A_real,0.0,easy,5,0.8666666666666667
1081,10,0,0.10871952513028325,0.32409718216428984,0.13094862287317427,0.23070199999405663,0.2217152916159226,0.3906124408394775,0.5906161091496412,0.6931471805599453,0.8333333333333334,diversified,2,30,30,A_real,0.0,neutral,2,0.8333333333333334
1082,10,0,0.15984542931764853,0.3670479593404894,0.16330976013072737,0.2544912037483187,0.27650745992326203,0.43089106410377237,0.5906161091496412,0.6931471805599453,0.9333333333333333,diversified,2,30,30,A_real,0.0,hard,3,0.9333333333333332
1083,8,1,0.0664078479229314,0.3060127149266523,0.0733196102309729,0.2028489829861268,0.1241408913423259,0.3434531836224129,0.5906161091496412,0.6931471805599453,0.8,diversified,2,30,30,A_real,0.0,easy,8,0.8
1084,7,0,0.13515942548213425,0.3419740347086972,0.11334387972428227,0.22759180549319674,0.19190787038889406,0.3853464237893535,0.5906161091496412,0.6931471805599453,0.8333333333333334,diversified,2,30,30,A_real,0.0,neutral,5,0.8333333333333334
1085,1,0,0.14004967273293492,0.3459246407598401,0.1564207841029933,0.38531378619184525,0.1564207841029933,0.38531378619184525,1.0,-0.0,0.8333333333333334,diversified,2,30,30,A_real,0.0,hard,3,0.8333333333333334
1086,9,0,0.2527543349356487,0.44443066066039827,0.18991830230236734,0.30091064458533423,0.3215596380799846,0.5094860094801344,0.5906161091496412,0.6931471805599453,0.9333333333333333,diversified,2,30,30,A_real,0.0,easy,1,0.9333333333333332
1087,1,0,0.1686719864540971,0.38274879126697203,0.24593174783072483,0.30342369577007533,0.4163986454497712,0.5137409750081816,0.5906161091496412,0.6931471805599453,0.9,diversified,2,30,30,A_real,0.0,neutral,5,0.9
1088,0,0,0.15708945091889517,0.3457901856300429,0.13056256852655143,0.23591448935706616,0.2210616447873952,0.3994379525081558,0.5906161091496412,0.6931471805599453,0.8666666666666667,diversified,2,30,30,A_real,0.0,hard,3,0.8666666666666667
1089,6,0,0.2417890396716426,0.4417051743474699,0.1633020626522736,0.29111211323539465,0.2764944269593206,0.49289565375135597,0.5906161091496412,0.6931471805599453,0.9333333333333333,diversified,2,30,30,A_real,0.0,easy,8,0.9333333333333332
1090,4,1,0.06607580670438937,0.3013093259565455,0.07541195117697616,0.20633635109897264,0.12768353251582143,0.3493578111102525,0.5906161091496412,0.6931471805599453,0.8,diversified,2,30,30,A_real,0.0,neutral,4,0.8
1091,9,0,0.13206088492622176,0.35009580620602504,0.08679039974783478,0.2263442808867693,0.14694892063271706,0.3832341810193018,0.5906161091496412,0.6931471805599453,0.8333333333333334,diversified,2,30,30,A_real,0.0,hard,4,0.8333333333333334
1092,10,1,0.06279030939212521,0.2851664339966979,0.0645190459318975,0.19450271128122268,0.10924024071200987,0.32932171721706727,0.5906161091496412,0.6931471805599453,0.8333333333333334,diversified,2,30,30,A_real,0.0,easy,10,0.8333333333333334
1093,10,0,0.10228760791019352,0.3187509229649551,0.0793929712030272,0.21950739205437575,0.13442398534868244,0.37165832196893284,0.5906161091496412,0.6931471805599453,0.7666666666666667,diversified,2,30,30,A_real,0.0,neutral,4,0.7666666666666667
1094,9,0,0.11936721561051075,0.3218760663329721,0.11577302591044189,0.22599594203646967,0.1960207724051582,0.38264439207703743,0.5906161091496412,0.6931471805599453,0.8,diversified,2,30,30,A_real,0.0,hard,4,0.8
1095,8,0,0.13081418767761843,0.3354695668380604,0.14489455940759788,0.2502366261288236,0.24532781473944987,0.4236874380028508,0.5906161091496412,0.6931471805599453,0.8666666666666667,diversified,2,30,30,A_real,0.0,easy,1,0.8666666666666667
1096,1,0,0.15040673678761324,0.35163268270854536,0.15077289451965348,0.25721183817636667,0.2552807012608133,0.4354974986149561,0.5906161091496412,0.6931471805599453,0.8666666666666667,diversified,2,30,30,A_real,0.0,neutral,0,0.8666666666666667
1097,1,0,0.0650333824692964,0.3011868187402144,0.07689303238420424,0.21109172492441103,0.13019122098601998,0.35740935889530207,0.5906161091496412,0.6931471805599453,0.8666666666666667,diversified,2,30,30,A_real,0.0,hard,0,0.8666666666666667
1098,1,1,0.0779132411739413,0.31069932621341106,0.08000827866085605,0.2233756462150293,0.13546579143608287,0.3782078455947327,0.5906161091496412,0.6931471805599453,0.8,diversified,2,30,30,A_real,0.0,easy,1,0.8
1099,5,0,0.06856441001345485,0.3190340726533051,0.0909695658958409,0.23007450058672269,0.15402486401330517,0.389549991987147,0.5906161091496412,0.6931471805599453,0.9,diversified,2,30,30,A_real,0.0,neutral,8,0.9
1100,4,0,0.088364380361168,0.2976288828472917,0.06471067571409513,0.19132084181540168,0.10956469813744908,0.32393434390210263,0.5906161091496412,0.6931471805599453,0.8,diversified,2,30,30,A_real,0.0,hard,7,0.8
1101,2,0,0.2508228632192222,0.42173727764111885,0.3321429883317829,0.5103699813555715,0.3321429883317829,0.5103699813555715,1.0,-0.0,0.9333333333333333,diversified,2,30,30,A_real,0.0,easy,1,0.9333333333333332
1102,0,1,0.11112962636846642,0.3289552305406513,0.08298818774252158,0.22159101099783196,0.14051121609602982,0.37518619550840704,0.5906161091496412,0.6931471805599453,0.8,diversified,2,30,30,A_real,0.0,neutral,0,0.8
1103,1,0,0.1039250126976998,0.3329800492989844,0.11503144237887201,0.3697979864243086,0.11503144237887201,0.3697979864243086,1.0,-0.0,0.9333333333333333,diversified,2,30,30,A_real,0.0,hard,7,0.9333333333333332
1104,1,0,0.21988574683044215,0.3971169111608313,0.3135205275054096,0.4950279983725732,0.3135205275054096,0.4950279983725732,1.0,-0.0,0.9,diversified,2,30,30,A_real,0.0,easy,2,0.9
1105,6,0,0.132525229335282,0.38993103959486036,0.17151421836317302,0.29164258772594875,0.2903988152475492,0.4937938251393966,0.5906161091496412,0.6931471805599453,0.9333333333333333,diversified,2,30,30,A_real,0.0,neutral,7,0.9333333333333332
1106,10,0,0.09420651346263612,0.32410594136162074,0.06015010404329348,0.20703177027204434,0.10184297907128972,0.3505352581224462,0.5906161091496412,0.6931471805599453,0.8333333333333334,diversified,2,30,30,A_real,0.0,hard,7,0.8333333333333334
1107,4,0,0.1221082358484843,0.3261982283113085,0.13150263860734018,0.23749494444924743,0.22265332179421146,0.40211389559148414,0.5906161091496412,0.6931471805599453,0.8,diversified,2,30,30,A_real,0.0,easy,5,0.8
1108,9,0,0.2851664676444456,0.42935988616335785,0.3106484459944479,0.457023350969004,0.3106484459944479,0.457023350969004,1.0,-0.0,0.7666666666666667,diversified,2,30,30,A_real,0.0,neutral,8,0.7666666666666667
1109,0,0,0.10573757497255461,0.32860082164091853,0.07968995799798588,0.21732472171200526,0.13492682770323025,0.3679627398326564,0.5906161091496412,0.6931471805599453,0.8666666666666667,diversified,2,30,30,A_real,0.0,hard,4,0.8666666666666667
1110,5,1,0.1076868767857659,0.35059126787017425,0.07907300378380953,0.23169094443530092,0.133882233414963,0.3922868693319007,0.5906161091496412,0.6931471805599453,0.9666666666666667,diversified,2,30,30,A_real,0.0,easy,5,0.9666666666666668
1111,9,0,0.07860779108204609,0.3201490688863276,0.07634296148899258,0.21325146356924884,0.12925987000068428,0.3610661142925556,0.5906161091496412,0.6931471805599453,0.8333333333333334,diversified,2,30,30,A_real,0.0,neutral,0,0.8333333333333334
1112,8,0,0.22589971842233392,0.45890021256139274,0.32111394759624423,0.36489671061504403,0.543693175011055,0.6178238367734601,0.5906161091496412,0.6931471805599453,0.9333333333333333,diversified,2,30,30,A_real,0.0,hard,4,0.9333333333333332
1113,5,0,0.1553344888999305,0.3637504399748048,0.09970126284025399,0.2329520744824287,0.1688089120762421,0.3944221481155145,0.5906161091496412,0.6931471805599453,0.9,diversified,2,30,30,A_real,0.0,easy,1,0.9
1114,3,0,0.10570155638609331,0.30305579872409893,0.06676808710889755,0.19054938202834254,0.11304819843981072,0.3226281489387281,0.5906161091496412,0.6931471805599453,0.8,diversified,2,30,30,A_real,0.0,neutral,8,0.8
1115,4,0,0.07913429105013468,0.3222066053892859,0.0999552272585756,0.23339849718869993,0.16923891121508586,0.3951780074619756,0.5906161091496412,0.6931471805599453,0.9333333333333333,diversified,2,30,30,A_real,0.0,hard,3,0.9333333333333332
1116,10,0,0.1462825919609705,0.356543341389545,0.13385612077861817,0.2581485245175342,0.22663811349700888,0.4370834464525729,0.5906161091496412,0.6931471805599453,0.9333333333333333,diversified,2,30,30,A_real,0.0,easy,1,0.9333333333333332
1117,4,0,0.10647874155008188,0.3106684245756584,0.08864383651354295,0.2106511383537471,0.15008706186692197,0.35666338098538986,0.5906161091496412,0.6931471805599453,0.8333333333333334,diversified,2,30,30,A_real,0.0,neutral,7,0.8333333333333334
1118,6,0,0.0821301151456989,0.3309320037421865,0.09837253386589467,0.23180624448597087,0.16655917835957731,0.39248208928761097,0.5906161091496412,0.6931471805599453,0.9,diversified,2,30,30,A_real,0.0,hard,7,0.9
1119,4,0,0.12654424513135948,0.3563972071474853,0.13988398707776484,0.262369516498361,0.23684417832620136,0.44423020712407596,0.5906161091496412,0.6931471805599453,0.9666666666666667,diversified,2,30,30,A_real,0.0,easy,10,0.9666666666666668
1120,0,0,0.11201361530203659,0.3440774269105766,0.11696091623415857,0.2339542111763834,0.1980320455575735,0.3961189130334196,0.5906161091496412,0.6931471805599453,0.89,diversified,2,100,100,A_real,0.0,easy,8,0.89
1121,1,0,0.17839676153720835,0.4138630058852175,0.2353533392087781,0.3147767538681383,0.39848784271671106,0.5329633733176502,0.5906161091496412,0.6931471805599453,0.91,diversified,2,100,100,A_real,0.0,neutral,10,0.91
1122,0,0,0.1396158443866517,0.3594349810664627,0.1691739404042778,0.2681080834531797,0.2864363802197192,0.45394644558408176,0.5906161091496412,0.6931471805599453,0.89,diversified,2,100,100,A_real,0.0,hard,3,0.89
1123,6,1,0.06459303755008296,0.2985719577067921,0.0665365543726917,0.20680603197172912,0.11265617944029643,0.35015304995572305,0.5906161091496412,0.6931471805599453,0.88,diversified,2,100,100,A_real,0.0,easy,6,0.88
1124,7,0,0.06965801570860615,0.3315384561405609,0.09910834130590841,0.2359932816354659,0.1678050086520716,0.3995713594321782,0.5906161091496412,0.6931471805599453,0.87,diversified,2,100,100,A_real,0.0,neutral,9,0.87
1125,8,0,0.04939976524390325,0.2736609330025195,0.053766443507677425,0.1838644709848157,0.09103450223375961,0.3113096106530866,0.5906161091496412,0.6931471805599453,0.81,diversified,2,100,100,A_real,0.0,hard,3,0.81
1126,5,0,0.19106711900977885,0.36665607046764065,0.25214899005881447,0.43777985986611456,0.25214899005881447,0.43777985986611456,1.0,-0.0,0.89,diversified,2,100,100,A_real,0.0,easy,1,0.89
1127,9,0,0.17989511285912582,0.3636993948577151,0.14770633616381965,0.24386519440646431,0.2500885666266107,0.412899666346008,0.5906161091496412,0.6931471805599453,0.89,diversified,2,100,100,A_real,0.0,neutral,1,0.89
1128,0,1,0.06515171845271987,0.2995932862075716,0.0529554768263303,0.19467033191477442,0.08966141628370866,0.32960552362016904,0.5906161091496412,0.6931471805599453,0.88,diversified,2,100,100,A_real,0.0,hard,0,0.88
1129,1,1,0.05791245950197266,0.309357266107045,0.062036401925598186,0.20617703494074088,0.10503675901241014,0.34908806540612475,0.5906161091496412,0.6931471805599453,0.93,diversified,2,100,100,A_real,0.0,easy,1,0.93
1130,2,0,0.12232758822622967,0.35463750377263564,0.13508544983659496,0.24478432046961424,0.22871954852550266,0.41445588204840944,0.5906161091496412,0.6931471805599453,0.88,diversified,2,100,100,A_real,0.0,neutral,4,0.88
1131,0,1,0.05742536373764103,0.2981636045449088,0.05965282144135609,0.1979332711390354,0.10100100643587792,0.33513015996806494,0.5906161091496412,0.6931471805599453,0.89,diversified,2,100,100,A_real,0.0,hard,0,0.89
1132,2,1,0.09537334306757556,0.3216591337326397,0.10227595954150503,0.3450296814022791,0.10227595954150503,0.3450296814022791,1.0,-0.0,0.93,diversified,2,100,100,A_real,0.0,easy,2,0.93
1133,5,0,0.16642764385226105,0.35368871809074437,0.12938872137059265,0.24580685484907797,0.2190741487848753,0.4161871832500241,0.5906161091496412,0.6931471805599453,0.88,diversified,2,100,100,A_real,0.0,neutral,2,0.88
1134,3,1,0.06773353105946636,0.2982213912854526,0.05066540797320155,0.19517114040245306,0.08578399266174558,0.33045346609908266,0.5906161091496412,0.6931471805599453,0.85,diversified,2,100,100,A_real,0.0,hard,3,0.85
1135,0,0,0.16333051036666543,0.37667865888840446,0.18487999898330143,0.2744894784271959,0.3130290490205024,0.4647510864923767,0.5906161091496412,0.6931471805599453,0.92,diversified,2,100,100,A_real,0.0,easy,10,0.92
1136,5,0,0.11729671847138606,0.3238050248817982,0.12417421544105915,0.2296451624331485,0.21024522277227253,0.38882305930291605,0.5906161091496412,0.6931471805599453,0.87,diversified,2,100,100,A_real,0.0,neutral,7,0.87
1137,8,0,0.10477584583158131,0.3296611598225907,0.08502745501414499,0.2315011207545067,0.1439639957273872,0.39196546990196046,0.5906161091496412,0.6931471805599453,0.93,diversified,2,100,100,A_real,0.0,hard,4,0.93
1138,7,0,0.15219933900340235,0.3620203671331516,0.14819188317825596,0.2583443046540536,0.2509106691851329,0.4374149310387304,0.5906161091496412,0.6931471805599453,0.93,diversified,2,100,100,A_real,0.0,easy,8,0.93
1139,10,0,0.17312770551980441,0.45017318264267037,0.2569257067405484,0.3476889472353867,0.43501303598113084,0.5886885607234505,0.5906161091496412,0.6931471805599453,0.98,diversified,2,100,100,A_real,0.0,neutral,5,0.98
1140,0,0,0.06673468114735374,0.3035735937878448,0.04743856606165927,0.19558055600204938,0.0803204743771051,0.3311466669672164,0.5906161091496412,0.6931471805599453,0.89,diversified,2,100,100,A_real,0.0,hard,3,0.89
1141,4,0,0.11956184875019422,0.3359723131860224,0.11110279177574656,0.2301971767001509,0.18811337864744396,0.38975770070272003,0.5906161091496412,0.6931471805599453,0.85,diversified,2,100,100,A_real,0.0,easy,8,0.85
1142,5,0,0.08529159185119523,0.3146603424603805,0.06346953922775304,0.20167039370559364,0.10746327139490891,0.34145765850504,0.5906161091496412,0.6931471805599453,0.83,diversified,2,100,100,A_real,0.0,neutral,2,0.83
1143,1,0,0.07468000787665353,0.31938269307142003,0.08245544438909441,0.22660686664791593,0.13960920318921258,0.38367877736044237,0.5906161091496412,0.6931471805599453,0.92,diversified,2,100,100,A_real,0.0,hard,7,0.92
1144,5,1,0.10027507555276681,0.3447920262878653,0.1305885175367861,0.24299104025261417,0.22110558028091237,0.41141959470504186,0.5906161091496412,0.6931471805599453,0.86,diversified,2,100,100,A_real,0.0,easy,5,0.86
1145,7,0,0.12332871737457222,0.3279680628659829,0.08640620187684424,0.2161610495763913,0.1462984170906723,0.3659924716371455,0.5906161091496412,0.6931471805599453,0.81,diversified,2,100,100,A_real,0.0,neutral,3,0.81
1146,5,0,0.14665270398300098,0.3379958902885006,0.17459013020831812,0.2579321331384923,0.2956067867158076,0.43671706399925064,0.5906161091496412,0.6931471805599453,0.89,diversified,2,100,100,A_real,0.0,hard,7,0.89
1147,5,0,0.09584485852945637,0.31973610255942675,0.07048321153616761,0.20973170914166897,0.11933845088927242,0.35510665200723535,0.5906161091496412,0.6931471805599453,0.83,diversified,2,100,100,A_real,0.0,easy,6,0.83
1148,9,0,0.15391521813920817,0.3794551626244107,0.18392297385154213,0.26730648914661265,0.3114086646169391,0.4525892284439648,0.5906161091496412,0.6931471805599453,0.87,diversified,2,100,100,A_real,0.0,neutral,2,0.87
1149,8,0,0.06780990987401819,0.2967485033957722,0.06773686121778844,0.20052919770693975,0.1146884755908788,0.3395254457174529,0.5906161091496412,0.6931471805599453,0.81,diversified,2,100,100,A_real,0.0,hard,7,0.81
1150,5,1,0.08006725240812892,0.30922998895153103,0.0653911552246947,0.20713138519832966,0.11071685010224956,0.35070392085402785,0.5906161091496412,0.6931471805599453,0.9,diversified,2,100,100,A_real,0.0,easy,5,0.9
1151,6,0,0.0826589087308121,0.3065687131808562,0.06473967369273276,0.20277829465752378,0.10961379598322132,0.3433334978781402,0.5906161091496412,0.6931471805599453,0.83,diversified,2,100,100,A_real,0.0,neutral,10,0.83
1152,1,0,0.08511804403429606,0.3331083614890499,0.09870565954316224,0.23775616550726086,0.167123209160815,0.40255618128936244,0.5906161091496412,0.6931471805599453,0.92,diversified,2,100,100,A_real,0.0,hard,4,0.92
1153,6,0,0.07816489737373768,0.3242138921693118,0.09060605726329131,0.22400460328762214,0.15340939039699464,0.3792727624888865,0.5906161091496412,0.6931471805599453,0.89,diversified,2,100,100,A_real,0.0,easy,5,0.89
1154,1,0,0.16894163793712622,0.34930690842855433,0.2215254293563072,0.4145238764841044,0.2215254293563072,0.4145238764841044,1.0,-0.0,0.9,diversified,2,100,100,A_real,0.0,neutral,4,0.9
1155,3,0,0.10548465511580112,0.30700482246058197,0.11202867033113934,0.22612678265262168,0.18968102731304817,0.38286592449737794,0.5906161091496412,0.6931471805599453,0.86,diversified,2,100,100,A_real,0.0,hard,0,0.86
1156,10,0,0.10087902931756991,0.3273519460285935,0.07749386082452299,0.2082846410514128,0.1312085119657459,0.35265655275013985,0.5906161091496412,0.6931471805599453,0.85,diversified,2,100,100,A_real,0.0,easy,5,0.85
1157,3,0,0.07711259640233478,0.3061569930559331,0.07254464029431791,0.20374988506674202,0.12282875317905977,0.34497854344016715,0.5906161091496412,0.6931471805599453,0.8,diversified,2,100,100,A_real,0.0,neutral,8,0.8
1158,5,0,0.13393935745871627,0.3252081986825638,0.15148332405300793,0.25640605599328986,0.25648356302219893,0.4341331907835342,0.5906161091496412,0.6931471805599453,0.9,diversified,2,100,100,A_real,0.0,hard,0,0.9
1159,6,0,0.08068786565318088,0.31178326127906575,0.05909713525313939,0.20287102691695308,0.10006014793302272,0.3434905072417399,0.5906161091496412,0.6931471805599453,0.89,diversified,2,100,100,A_real,0.0,easy,5,0.89
1160,8,0,0.12860094931049382,0.3412967269434092,0.1436729963906953,0.25462861394945835,0.24325952876150495,0.43112371979841213,0.5906161091496412,0.6931471805599453,0.93,diversified,2,300,300,A_real,0.0,easy,1,0.93
1161,9,0,0.101776214516587,0.31959389385266623,0.07110639071289185,0.2093148851677676,0.12039358495532672,0.35440090767103444,0.5906161091496412,0.6931471805599453,0.8666666666666667,diversified,2,300,300,A_real,0.0,neutral,2,0.8666666666666667
1162,9,0,0.13078953868371343,0.31767494501567184,0.1335926536514678,0.2314376519276331,0.226192024873504,0.391858007836686,0.5906161091496412,0.6931471805599453,0.85,diversified,2,300,300,A_real,0.0,hard,7,0.85
1163,5,0,0.06269417644372517,0.30905323042384775,0.08109760201239659,0.22035043943742347,0.13731017619746183,0.37308572526861855,0.5906161091496412,0.6931471805599453,0.8833333333333333,diversified,2,300,300,A_real,0.0,easy,6,0.8833333333333333
1164,5,0,0.11743722753105287,0.3268044223142504,0.12062410874272275,0.22930648992568595,0.20423436962529729,0.38824963690177267,0.5906161091496412,0.6931471805599453,0.8633333333333333,diversified,2,300,300,A_real,0.0,neutral,8,0.8633333333333333
1165,1,0,0.0812614437571808,0.3183460273233306,0.05556921672117038,0.20254042456474367,0.0940868626173742,0.34293074880121005,0.5906161091496412,0.6931471805599453,0.9066666666666666,diversified,2,300,300,A_real,0.0,hard,9,0.9066666666666666
1166,6,0,0.08420649097946363,0.3202308136074493,0.06715924532659924,0.2090929218262279,0.11371048687326518,0.3540250910651188,0.5906161091496412,0.6931471805599453,0.88,diversified,2,300,300,A_real,0.0,easy,10,0.88
1167,10,0,0.1608515096754174,0.3564919188150835,0.17745523910497132,0.26734870316845666,0.30045783776617313,0.4526607029960301,0.5906161091496412,0.6931471805599453,0.86,diversified,2,300,300,A_real,0.0,neutral,2,0.86
1168,6,0,0.12045159400614759,0.326809694717644,0.12357168470541507,0.2295171395270238,0.20922504955601606,0.3886062976803639,0.5906161091496412,0.6931471805599453,0.8633333333333333,diversified,2,300,300,A_real,0.0,hard,4,0.8633333333333333
1169,10,1,0.08560768172626397,0.3042375777671138,0.09591343514354132,0.34023560466162694,0.09591343514354132,0.34023560466162694,1.0,-0.0,0.9066666666666666,diversified,2,300,300,A_real,0.0,easy,10,0.9066666666666666
1170,5,1,0.060288251239870014,0.2936793060064588,0.0535172337807489,0.19297441033151638,0.09061255348724247,0.32673407877302496,0.5906161091496412,0.6931471805599453,0.88,diversified,2,300,300,A_real,0.0,neutral,5,0.88
1171,5,0,0.1683616398560454,0.37592755636797937,0.186325573081337,0.41384889683130677,0.186325573081337,0.41384889683130677,1.0,-0.0,0.91,diversified,2,300,300,A_real,0.0,hard,7,0.91
1172,1,0,0.12632423718461894,0.3680523808421568,0.08590038430184382,0.24378765310310946,0.14544199348968265,0.4127683775068558,0.5906161091496412,0.6931471805599453,0.9366666666666666,diversified,2,300,300,A_real,0.0,easy,6,0.9366666666666666
1173,3,0,0.059450665688257444,0.29051134446833476,0.04732656436405071,0.18423404296151885,0.08013083901858124,0.3119353504034555,0.5906161091496412,0.6931471805599453,0.8666666666666667,diversified,2,300,300,A_real,0.0,neutral,6,0.8666666666666667
1174,8,0,0.062359891216600634,0.29293492821823247,0.040341176213448536,0.18593938828207895,0.06830354876627232,0.3148227510248429,0.5906161091496412,0.6931471805599453,0.8766666666666667,diversified,2,300,300,A_real,0.0,hard,4,0.8766666666666667
1175,8,0,0.13559422611406674,0.35068341487924876,0.13303772745304207,0.2407605166205056,0.22525245314522063,0.40764298990616493,0.5906161091496412,0.6931471805599453,0.85,diversified,2,300,300,A_real,0.0,easy,5,0.85
1176,2,0,0.060689987808637415,0.304539307407018,0.042582441179743975,0.1924763449964964,0.07209834022484322,0.3258907808553012,0.5906161091496412,0.6931471805599453,0.8866666666666667,diversified,2,300,300,A_real,0.0,neutral,0,0.8866666666666667
1177,1,0,0.0783328248584196,0.3220841601235762,0.09446974858995764,0.21934787935186054,0.15995118847329365,0.3713882434864057,0.5906161091496412,0.6931471805599453,0.8866666666666667,diversified,2,300,300,A_real,0.0,hard,9,0.8866666666666667
1178,9,0,0.06573355975190943,0.3019945613876532,0.0524048394270919,0.19521102818228458,0.0887291061236773,0.33052100198104317,0.5906161091496412,0.6931471805599453,0.8966666666666666,diversified,2,300,300,A_real,0.0,easy,2,0.8966666666666666
1179,7,0,0.07739922914534467,0.3095042679128524,0.060220260913374846,0.20069292750602696,0.1019617649780649,0.33980266436515105,0.5906161091496412,0.6931471805599453,0.87,diversified,2,300,300,A_real,0.0,neutral,0,0.87
1180,5,0,0.1153002387538242,0.3306045722134507,0.12206817105774234,0.23850267572635567,0.20667937966252556,0.403820132962082,0.5906161091496412,0.6931471805599453,0.8933333333333333,diversified,2,300,300,A_real,0.0,hard,4,0.8933333333333333
1181,10,0,0.16395573514727033,0.37862746729446534,0.21832147539809446,0.28680379378661003,0.3696503905259711,0.4856010348236947,0.5906161091496412,0.6931471805599453,0.8733333333333333,diversified,2,300,300,A_real,0.0,easy,2,0.8733333333333333
1182,6,0,0.08918660392363298,0.31155863538917067,0.06052834635826632,0.1988226415294679,0.10248339898045446,0.3366359949370993,0.5906161091496412,0.6931471805599453,0.85,diversified,2,300,300,A_real,0.0,neutral,4,0.85
1183,7,0,0.1648779239778075,0.34032495538736485,0.11835471611507974,0.22082507611057647,0.20039195389621997,0.3738893550135579,0.5906161091496412,0.6931471805599453,0.84,diversified,2,300,300,A_real,0.0,hard,0,0.84
1184,10,0,0.14530621977935718,0.3450859396416321,0.15289085048640907,0.2551423568295112,0.2588667124344757,0.43199356210730644,0.5906161091496412,0.6931471805599453,0.89,diversified,2,300,300,A_real,0.0,easy,6,0.89
1185,1,0,0.07194450088821279,0.3002363432863198,0.05460475289951999,0.203197992740792,0.09245388341699477,0.3440441085045122,0.5906161091496412,0.6931471805599453,0.89,diversified,2,300,300,A_real,0.0,neutral,4,0.89
1186,10,0,0.1817966470346166,0.3635970045387992,0.22319232361546726,0.41104723910755064,0.22319232361546726,0.41104723910755064,1.0,-0.0,0.9066666666666666,diversified,2,300,300,A_real,0.0,hard,4,0.9066666666666666
1187,8,0,0.15560135306048065,0.3643203956395386,0.13445265939940695,0.25553393209531367,0.2276481411808925,0.4326565566645768,0.5906161091496412,0.6931471805599453,0.93,diversified,2,300,300,A_real,0.0,easy,5,0.93
1188,8,0,0.13632138974576677,0.36488795577293526,0.14730131802542387,0.38664745244323695,0.14730131802542387,0.38664745244323695,1.0,-0.0,0.9,diversified,2,300,300,A_real,0.0,neutral,5,0.9
1189,4,1,0.07689847482092309,0.3057945978046578,0.08340767718645373,0.3311612302347869,0.08340767718645373,0.3311612302347869,1.0,-0.0,0.8966666666666666,diversified,2,300,300,A_real,0.0,hard,4,0.8966666666666666
1190,9,0,0.09581340158150488,0.31926991865242577,0.08344584418785644,0.21995235833004095,0.14128609581611365,0.3724117153640196,0.5906161091496412,0.6931471805599453,0.9033333333333333,diversified,2,300,300,A_real,0.0,easy,5,0.9033333333333332
1191,7,0,0.10599279103262843,0.31299947510582565,0.10201173906309084,0.21390220584429756,0.1727208883786891,0.3621679167408255,0.5906161091496412,0.6931471805599453,0.8433333333333334,diversified,2,300,300,A_real,0.0,neutral,1,0.8433333333333334
1192,8,0,0.11758017115609617,0.31522961413268397,0.12440402020391365,0.22684325753812726,0.21063431605857888,0.3840790219297137,0.5906161091496412,0.6931471805599453,0.82,diversified,2,300,300,A_real,0.0,hard,7,0.82
1193,9,0,0.08524775459726873,0.30218035083832506,0.07046273566502001,0.19822349116821855,0.11930378222576934,0.3356215451922185,0.5906161091496412,0.6931471805599453,0.8333333333333334,diversified,2,300,300,A_real,0.0,easy,5,0.8333333333333334
1194,10,1,0.0700637991756272,0.30759764271860857,0.054655783461546585,0.20102660566045505,0.09254028566921249,0.3403676305915354,0.5906161091496412,0.6931471805599453,0.8866666666666667,diversified,2,300,300,A_real,0.0,neutral,10,0.8866666666666667
1195,6,0,0.1675290503769607,0.3425513847039206,0.14711117103309082,0.23962909394850337,0.24908086446354963,0.4057273247990427,0.5906161091496412,0.6931471805599453,0.8733333333333333,diversified,2,300,300,A_real,0.0,hard,9,0.8733333333333333
1196,10,0,0.08018413399929664,0.3178727803976346,0.07651412542472304,0.21759293187059836,0.12954967573587983,0.36841685910647587,0.5906161091496412,0.6931471805599453,0.8766666666666667,diversified,2,300,300,A_real,0.0,easy,2,0.8766666666666667
1197,9,0,0.10884551901661756,0.34225894742501095,0.08653536009455629,0.2297568904718613,0.14651710096283757,0.38901223131665214,0.5906161091496412,0.6931471805599453,0.9033333333333333,diversified,2,300,300,A_real,0.0,neutral,8,0.9033333333333332
1198,2,0,0.08720765134054076,0.3070721507322587,0.06785445715156167,0.20247213588264984,0.11488758281459227,0.3428151260116587,0.5906161091496412,0.6931471805599453,0.8433333333333334,diversified,2,300,300,A_real,0.0,hard,3,0.8433333333333334
1199,9,0,0.1463175080854891,0.35036888401255994,0.15584622167472623,0.2569051460171443,0.26387059082948294,0.43497822365026895,0.5906161091496412,0.6931471805599453,0.9133333333333333,diversified,2,300,300,A_real,0.0,easy,5,0.9133333333333332
1200,8,1,0.07830897771620114,0.3090634623180369,0.07159934378516006,0.17626560976746727,0.15025926272810955,0.3699131747275844,0.4765053580405044,1.0986122886681096,0.7666666666666667,diversified,3,30,30,A_real,0.0,easy,8,0.7666666666666667
1201,10,0,0.18554850248778115,0.4124446439746608,0.23030564256442884,0.3315465002404546,0.3768984470949287,0.5425805450920635,0.6110548991103224,0.6365141682948128,1.0,diversified,3,30,30,A_real,0.0,neutral,8,1.0
1202,5,0,0.06744265229253729,0.29616365931958605,0.06761800961817928,0.17671779758565537,0.14190398591998946,0.37086214163961995,0.4765053580405044,1.0986122886681096,0.7666666666666667,diversified,3,30,30,A_real,0.0,hard,7,0.7666666666666667
1203,1,0,0.07695754731753071,0.3100259730130843,0.09041886936137059,0.20813618679471035,0.18975415036924873,0.4367971593239003,0.4765053580405044,1.0986122886681096,0.9,diversified,3,30,30,A_real,0.0,easy,8,0.9
1204,8,0,0.14753806796363156,0.38235111971130753,0.191756394382346,0.2578665096047832,0.4024223256814798,0.5411618258925511,0.4765053580405044,1.0986122886681096,0.9666666666666667,diversified,3,30,30,A_real,0.0,neutral,10,0.9666666666666668
1205,1,0,0.10334970579379599,0.3671724541165556,0.19933364866855574,0.26691912087552055,0.41832404464088263,0.560159747149856,0.4765053580405044,1.0986122886681096,0.9666666666666667,diversified,3,30,30,A_real,0.0,hard,0,0.9666666666666668
1206,0,0,0.07734361103807476,0.30639428852678224,0.06385666948067871,0.17297621647359968,0.13401039128557019,0.3630100135388114,0.4765053580405044,1.0986122886681096,0.8,diversified,3,30,30,A_real,0.0,easy,1,0.8
1207,4,0,0.09804525059447747,0.3367861433110697,0.12154195458144121,0.25315168995253645,0.19890513071477317,0.4142863273351015,0.6110548991103224,0.6365141682948128,0.8,diversified,3,30,30,A_real,0.0,neutral,9,0.8
1208,1,0,0.09173325557631765,0.30858709278576624,0.0865234723919607,0.18347894548664767,0.18157922242000465,0.38505116971014497,0.4765053580405044,1.0986122886681096,0.9333333333333333,diversified,3,30,30,A_real,0.0,hard,0,0.9333333333333332
1209,2,0,0.12643349471856616,0.36468691723690366,0.15827760235276445,0.2782622142549407,0.2590235387740314,0.4553800561292972,0.6110548991103224,0.6365141682948128,0.9333333333333333,diversified,3,30,30,A_real,0.0,easy,5,0.9333333333333332
1210,10,0,0.06564747979205718,0.29995308786891955,0.05529974790244625,0.166402164499572,0.11605273050832222,0.349213627279774,0.4765053580405044,1.0986122886681096,0.8333333333333334,diversified,3,30,30,A_real,0.0,neutral,3,0.8333333333333334
1211,6,0,0.13677492301140762,0.3405857239752374,0.18269170527414275,0.2728269195168617,0.2989775641110748,0.44648511928157275,0.6110548991103224,0.6365141682948128,0.8666666666666667,diversified,3,30,30,A_real,0.0,hard,4,0.8666666666666667
1212,7,0,0.09580319742451039,0.34018192577694384,0.08097531842382302,0.18893194632515062,0.16993579832304817,0.39649490427994477,0.4765053580405044,1.0986122886681096,0.9,diversified,3,30,30,A_real,0.0,easy,5,0.9
1213,4,0,0.12097840751788044,0.32370794717974055,0.11213646074421117,0.22910077357245226,0.18351290679033666,0.37492666191861995,0.6110548991103224,0.6365141682948128,0.7333333333333333,diversified,3,30,30,A_real,0.0,neutral,9,0.7333333333333333
1214,6,0,0.07667112560993034,0.3114540206098596,0.08050154031682005,0.18881969930693662,0.16894152176558982,0.39625934130815454,0.4765053580405044,1.0986122886681096,0.9666666666666667,diversified,3,30,30,A_real,0.0,hard,4,0.9666666666666668
1215,10,1,0.10573757497255461,0.3339259540119337,0.08455286562481656,0.20047876783950874,0.1774436828423434,0.42072720580503403,0.4765053580405044,1.0986122886681096,0.9,diversified,3,30,30,A_real,0.0,easy,10,0.9
1216,10,0,0.11008995833170816,0.3425476958849093,0.08939758013986818,0.193002999015411,0.1876108602587195,0.40503846548354056,0.4765053580405044,1.0986122886681096,0.8666666666666667,diversified,3,30,30,A_real,0.0,neutral,7,0.8666666666666667
1217,10,0,0.11481064515823726,0.3126134926097857,0.13843106223474133,0.21019603308053222,0.290513128339208,0.4411199780520934,0.4765053580405044,1.0986122886681096,0.8333333333333334,diversified,3,30,30,A_real,0.0,hard,7,0.8333333333333334
1218,2,0,0.09347813638321428,0.3288420549479824,0.13584560774860904,0.2109038170615076,0.28508726178281873,0.44260534221229075,0.4765053580405044,1.0986122886681096,0.8,diversified,3,30,30,A_real,0.0,easy,6,0.8
1219,10,0,0.09690362742167025,0.3470142696289611,0.08386628653451092,0.1970584096616065,0.17600281952628544,0.41354920010124196,0.4765053580405044,1.0986122886681096,0.9,diversified,3,30,30,A_real,0.0,neutral,9,0.9
1220,4,0,0.14431972244309843,0.33571994236832225,0.10329951680167175,0.23905816063127353,0.16905112282394388,0.39122206691957634,0.6110548991103224,0.6365141682948128,0.8,diversified,3,30,30,A_real,0.0,hard,3,0.8
1221,10,1,0.11436448145628836,0.31756341538062915,0.0633200860420082,0.1748846082964713,0.13288431068728046,0.3670149880698835,0.4765053580405044,1.0986122886681096,0.8333333333333334,diversified,3,30,30,A_real,0.0,easy,10,0.8333333333333334
1222,8,0,0.11742410387478924,0.3251130057682917,0.09875675696698263,0.19403728230191966,0.2072521437599197,0.4072090250985717,0.4765053580405044,1.0986122886681096,0.9,diversified,3,30,30,A_real,0.0,neutral,9,0.9
1223,7,0,0.14588439549496882,0.32424295450079577,0.18668961803264914,0.25081533320141025,0.3055202049839771,0.4104628464096923,0.6110548991103224,0.6365141682948128,0.7666666666666667,diversified,3,30,30,A_real,0.0,hard,0,0.7666666666666667
1224,9,0,0.07916024672119146,0.30671682631777025,0.14471914964964747,0.211374392439245,0.30370938586034935,0.4435928974827551,0.4765053580405044,1.0986122886681096,0.8333333333333334,diversified,3,30,30,A_real,0.0,easy,2,0.8333333333333334
1225,1,1,0.06336258909226737,0.30676006718776044,0.04921805147477296,0.17743710281681238,0.10328960764925811,0.37237168443702934,0.4765053580405044,1.0986122886681096,0.9666666666666667,diversified,3,30,30,A_real,0.0,neutral,1,0.9666666666666668
1226,10,0,0.1542894544998072,0.3610015759486866,0.18629652672754674,0.28254768791287194,0.3048769054937435,0.462393294488356,0.6110548991103224,0.6365141682948128,0.8,diversified,3,30,30,A_real,0.0,hard,3,0.8
1227,5,0,0.09982597648948405,0.33780229904059283,0.09453587827652744,0.2323862481012941,0.15470930421173096,0.3803033875346413,0.6110548991103224,0.6365141682948128,0.8333333333333334,diversified,3,30,30,A_real,0.0,easy,10,0.8333333333333334
1228,9,0,0.11345066886997851,0.3545122081407614,0.17211008310575304,0.2418069342475237,0.3611923354094229,0.5074590036970148,0.4765053580405044,1.0986122886681096,0.8666666666666667,diversified,3,30,30,A_real,0.0,neutral,4,0.8666666666666667
1229,1,0,0.1246492519732492,0.3040780501996362,0.13230020520873717,0.24531380531506713,0.21651116029240958,0.4014595180764227,0.6110548991103224,0.6365141682948128,0.8333333333333334,diversified,3,30,30,A_real,0.0,hard,3,0.8333333333333334
1230,5,1,0.07667112560993034,0.31141989221077715,0.06711507116922992,0.18787823415921198,0.14084851311058066,0.3942835709797869,0.4765053580405044,1.0986122886681096,0.8333333333333334,diversified,3,30,30,A_real,0.0,easy,5,0.8333333333333334
1231,10,0,0.1099968204960435,0.3498400659381492,0.10047972513245065,0.20822321663714222,0.21086798592495484,0.4369798012207086,0.4765053580405044,1.0986122886681096,0.9333333333333333,diversified,3,30,30,A_real,0.0,neutral,2,0.9333333333333332
1232,8,0,0.06466663002422271,0.2919579502338774,0.08001703296702424,0.1770683604867785,0.16792472868735833,0.37159783725186807,0.4765053580405044,1.0986122886681096,0.8333333333333334,diversified,3,30,30,A_real,0.0,hard,3,0.8333333333333334
1233,8,1,0.0650333824692964,0.29720051475258524,0.05650131658657058,0.17160769440528065,0.1185743573145043,0.36013801630892356,0.4765053580405044,1.0986122886681096,0.8666666666666667,diversified,3,30,30,A_real,0.0,easy,8,0.8666666666666667
1234,10,1,0.07574547974649101,0.306566519494637,0.059446786712096245,0.20955377469159386,0.09728550871394531,0.3429377213024523,0.6110548991103224,0.6365141682948128,0.8666666666666667,diversified,3,30,30,A_real,0.0,neutral,10,0.8666666666666667
1235,7,0,0.08980822442862244,0.3113877535125494,0.1187071405608269,0.2493278460945092,0.19426591740555707,0.4080285526840928,0.6110548991103224,0.6365141682948128,0.8,diversified,3,30,30,A_real,0.0,hard,0,0.8
1236,5,1,0.08973849024937883,0.3150920539822289,0.07428522633502677,0.18537237792643846,0.15589588885317904,0.38902475029605277,0.4765053580405044,1.0986122886681096,0.9,diversified,3,30,30,A_real,0.0,easy,5,0.9
1237,9,0,0.0795425611882126,0.33476908983421083,0.07260523989126315,0.1938289819111007,0.1523702486575009,0.40677188333866465,0.4765053580405044,1.0986122886681096,0.8666666666666667,diversified,3,30,30,A_real,0.0,neutral,10,0.8666666666666667
1238,1,0,0.06545370766668972,0.3018270094319446,0.09591005127694599,0.23861154151131356,0.1569581577966041,0.3904911684019305,0.6110548991103224,0.6365141682948128,0.9,diversified,3,30,30,A_real,0.0,hard,4,0.9
1239,10,0,0.07883146919964645,0.3168507187498192,0.11702763686234746,0.22219280205764466,0.24559563683311145,0.4662965448517739,0.4765053580405044,1.0986122886681096,0.9,diversified,3,30,30,A_real,0.0,easy,6,0.9
1240,2,0,0.09528782067297949,0.30890754714425384,0.11797113897627584,0.20510400325744516,0.24757568196378588,0.4304337816910984,0.4765053580405044,1.0986122886681096,0.8686868686868687,diversified,3,100,99,A_real,0.0,easy,10,0.8686868686868687
1241,5,1,0.0710728400422557,0.2965707515906463,0.05957137711477262,0.1659027151055765,0.125017224065944,0.34816547664396724,0.4765053580405044,1.0986122886681096,0.8585858585858586,diversified,3,100,99,A_real,0.0,neutral,5,0.8585858585858586
1242,5,0,0.10378925590115003,0.3203064311354152,0.12051974491868832,0.36646290773270285,0.12051974491868832,0.36646290773270285,1.0,-0.0,0.9191919191919192,diversified,3,100,99,A_real,0.0,hard,0,0.9191919191919192
1243,3,0,0.09418857185772714,0.31142594112938127,0.11753902007017648,0.19940056421074498,0.24666883191727995,0.4184644744200239,0.4765053580405044,1.0986122886681096,0.898989898989899,diversified,3,100,99,A_real,0.0,easy,2,0.898989898989899
1244,1,0,0.07257485807249701,0.31717455198657013,0.06865808959360206,0.18184626969251427,0.14408671053760935,0.3816248162251657,0.4765053580405044,1.0986122886681096,0.9292929292929293,diversified,3,100,99,A_real,0.0,neutral,0,0.9292929292929292
1245,9,1,0.07474240747658692,0.3093663745819369,0.07538705031772527,0.17635030961830947,0.15820819020321938,0.3700909268754102,0.4765053580405044,1.0986122886681096,0.797979797979798,diversified,3,100,99,A_real,0.0,hard,9,0.797979797979798
1246,6,1,0.07749867434002902,0.30570454941538755,0.05861950370182819,0.16764695175574998,0.12301961082428238,0.35182595311236664,0.4765053580405044,1.0986122886681096,0.8787878787878788,diversified,3,100,99,A_real,0.0,easy,6,0.8787878787878788
1247,7,0,0.11898681061376738,0.31911482042635947,0.10127019473707574,0.18782609654173482,0.21252687515103968,0.39417415433504743,0.4765053580405044,1.0986122886681096,0.8686868686868687,diversified,3,100,99,A_real,0.0,neutral,1,0.8686868686868687
1248,10,0,0.05835046738804557,0.29617165757113023,0.05447049535674929,0.19860062635032225,0.08914173740535702,0.3250127388545265,0.6110548991103224,0.6365141682948128,0.8282828282828283,diversified,3,100,99,A_real,0.0,hard,9,0.8282828282828283
1249,6,0,0.11991690095052362,0.33291790670916666,0.11366650675307777,0.20945545154231496,0.23854192788198567,0.43956578453522993,0.4765053580405044,1.0986122886681096,0.898989898989899,diversified,3,100,99,A_real,0.0,easy,2,0.898989898989899
1250,1,0,0.12421761644566626,0.32368764535718175,0.14805830141378856,0.25557366810044724,0.24229950799732888,0.41824992888945794,0.6110548991103224,0.6365141682948128,0.8181818181818182,diversified,3,100,99,A_real,0.0,neutral,0,0.8181818181818182
1251,2,0,0.06255551853136226,0.3107198906400658,0.0690873750003295,0.17995013180859742,0.14498761416751343,0.37764555796096866,0.4765053580405044,1.0986122886681096,0.898989898989899,diversified,3,100,99,A_real,0.0,hard,9,0.898989898989899
1252,8,0,0.11792561641557286,0.3737442642274248,0.11072021065125531,0.21108418998169054,0.2323587946766461,0.4429838750391296,0.4765053580405044,1.0986122886681096,0.9595959595959596,diversified,3,100,99,A_real,0.0,easy,6,0.9595959595959596
1253,6,0,0.09359640514993758,0.31264534507638436,0.11405544681228277,0.24028027424427734,0.1866533546794962,0.39322207316252306,0.6110548991103224,0.6365141682948128,0.9090909090909091,diversified,3,100,99,A_real,0.0,neutral,5,0.9090909090909092
1254,9,1,0.04919518020405644,0.2799111842471561,0.04198276924993915,0.15745763266070173,0.08810555546023993,0.33044252284633774,0.4765053580405044,1.0986122886681096,0.8484848484848485,diversified,3,100,99,A_real,0.0,hard,9,0.8484848484848485
1255,2,0,0.06057723776518763,0.293684083261459,0.06492484886901276,0.17260214294142262,0.13625208567643,0.36222497822731914,0.4765053580405044,1.0986122886681096,0.8585858585858586,diversified,3,100,99,A_real,0.0,easy,10,0.8585858585858586
1256,0,0,0.10330635466953829,0.3009584103014825,0.0997946247990589,0.18558892861050874,0.2094302259463283,0.38947920622276216,0.4765053580405044,1.0986122886681096,0.8686868686868687,diversified,3,100,99,A_real,0.0,neutral,4,0.8686868686868687
1257,7,1,0.06922012245841809,0.30456970501129316,0.06365189318723069,0.1805556751160313,0.13358064523971225,0.3789163585872701,0.4765053580405044,1.0986122886681096,0.9191919191919192,diversified,3,100,99,A_real,0.0,hard,7,0.9191919191919192
1258,2,0,0.055297934131826564,0.29974422256888866,0.060373807365410474,0.1673610384338715,0.12670121405073165,0.3512259319015785,0.4765053580405044,1.0986122886681096,0.9191919191919192,diversified,3,100,99,A_real,0.0,easy,5,0.9191919191919192
1259,2,0,0.1579881569200992,0.3474630381399199,0.18788891877475392,0.28837890238883085,0.30748287764047805,0.47193615959662855,0.6110548991103224,0.6365141682948128,0.9090909090909091,diversified,3,100,99,A_real,0.0,neutral,0,0.9090909090909092
1260,2,0,0.07783594794043255,0.30627492785636556,0.08720181894227204,0.1856909879249394,0.18300280882646364,0.3896933891541994,0.4765053580405044,1.0986122886681096,0.9191919191919192,diversified,3,100,99,A_real,0.0,hard,3,0.9191919191919192
1261,8,1,0.06497354508180221,0.288273608199538,0.059849842278365796,0.20527202693371618,0.09794511485875552,0.33593058043162094,0.6110548991103224,0.6365141682948128,0.8787878787878788,diversified,3,100,99,A_real,0.0,easy,8,0.8787878787878788
1262,8,1,0.04884279315305024,0.28244030258610864,0.046954555026052315,0.19718204036250264,0.07684179456611302,0.3226912027865152,0.6110548991103224,0.6365141682948128,0.8686868686868687,diversified,3,100,99,A_real,0.0,neutral,8,0.8686868686868687
1263,10,0,0.10140166921904366,0.3159936825301512,0.07296748110259965,0.17966104747883305,0.1531304525150737,0.3770388820340637,0.4765053580405044,1.0986122886681096,0.8585858585858586,diversified,3,100,99,A_real,0.0,hard,3,0.8585858585858586
1264,1,1,0.05625747442121365,0.28777016379089754,0.04834316568793646,0.16453134477225273,0.10145356158582196,0.34528750201013914,0.4765053580405044,1.0986122886681096,0.9090909090909091,diversified,3,100,99,A_real,0.0,easy,1,0.9090909090909092
1265,9,0,0.09308152213574108,0.3155728091546771,0.09240470647274412,0.18222157775043993,0.19392165253447044,0.3824124423275646,0.4765053580405044,1.0986122886681096,0.8282828282828283,diversified,3,100,99,A_real,0.0,neutral,7,0.8282828282828283
1266,8,0,0.09645694174960859,0.30694456698597783,0.1390516456402596,0.22206298022077575,0.2918154923001722,0.46602409914958337,0.4765053580405044,1.0986122886681096,0.9393939393939394,diversified,3,100,99,A_real,0.0,hard,3,0.9393939393939394
1267,0,0,0.07505616880481375,0.2995304681502292,0.09399703525515352,0.1875835639615044,0.1972633332848347,0.3936651724817735,0.4765053580405044,1.0986122886681096,0.8585858585858586,diversified,3,100,99,A_real,0.0,easy,5,0.8585858585858586
1268,10,0,0.1082424794647147,0.3443716546151551,0.18074075784778065,0.24076061392403378,0.37930477548253955,0.5052631830082557,0.4765053580405044,1.0986122886681096,0.8888888888888888,diversified,3,100,99,A_real,0.0,neutral,7,0.8888888888888888
1269,9,0,0.1110157781395115,0.3138479725981508,0.11072511152779678,0.23282862343338923,0.18120321380126272,0.38102734103331914,0.6110548991103224,0.6365141682948128,0.8585858585858586,diversified,3,100,99,A_real,0.0,hard,7,0.8585858585858586
1270,5,1,0.07923148172556446,0.3186477812604044,0.09729454457394404,0.1976141161257673,0.20418352686324612,0.4147154125158221,0.4765053580405044,1.0986122886681096,0.8686868686868687,diversified,3,100,99,A_real,0.0,easy,5,0.8686868686868687
1271,5,0,0.06656423477231214,0.2977641651509904,0.04783026753673943,0.16242837988559328,0.10037718722288473,0.34087419405635805,0.4765053580405044,1.0986122886681096,0.898989898989899,diversified,3,100,99,A_real,0.0,neutral,0,0.898989898989899
1272,4,1,0.05325542695160733,0.28800503791127224,0.07710603941314945,0.17872350891400146,0.16181568184296302,0.3750713520808079,0.4765053580405044,1.0986122886681096,0.8787878787878788,diversified,3,100,99,A_real,0.0,hard,4,0.8787878787878788
1273,1,0,0.09796460411661335,0.3029352876970627,0.11357613004912832,0.19658190118491095,0.23835226222046804,0.41254919355639413,0.4765053580405044,1.0986122886681096,0.8787878787878788,diversified,3,100,99,A_real,0.0,easy,2,0.8787878787878788
1274,7,0,0.07098394360718518,0.2967787350500248,0.08504944816691881,0.18190159317865384,0.17848581706753724,0.3817409187730301,0.4765053580405044,1.0986122886681096,0.8383838383838383,diversified,3,100,99,A_real,0.0,neutral,1,0.8383838383838383
1275,1,0,0.0813160221947404,0.32546226974877396,0.11835136800660384,0.2019006037863653,0.24837363527934056,0.42371108819557723,0.4765053580405044,1.0986122886681096,0.8484848484848485,diversified,3,100,99,A_real,0.0,hard,9,0.8484848484848485
1276,1,0,0.15718570282533798,0.33795639339401967,0.11354630775501647,0.20266577041665532,0.23828967678756863,0.4253168762887827,0.4765053580405044,1.0986122886681096,0.9090909090909091,diversified,3,100,99,A_real,0.0,easy,8,0.9090909090909092
1277,1,0,0.1079330773095783,0.32957701225265346,0.09103661660010998,0.23789050163873018,0.14898271289970272,0.3893111764345423,0.6110548991103224,0.6365141682948128,0.9393939393939394,diversified,3,100,99,A_real,0.0,neutral,2,0.9393939393939394
1278,5,0,0.048713468823478996,0.29667097295210354,0.06051834399304327,0.16846037891525048,0.12700454039364448,0.3535330213452308,0.4765053580405044,1.0986122886681096,0.8383838383838383,diversified,3,100,99,A_real,0.0,hard,4,0.8383838383838383
1279,2,0,0.07437726495632532,0.29565696791893825,0.07735035301932358,0.16721982412715986,0.16232840137916887,0.3509295778221777,0.4765053580405044,1.0986122886681096,0.8585858585858586,diversified,3,100,99,A_real,0.0,easy,6,0.8585858585858586
1280,6,1,0.06762930887460875,0.29618938632498293,0.04741663815419405,0.19533785670087458,0.07759800015224697,0.3196731700953231,0.6110548991103224,0.6365141682948128,0.8766666666666667,diversified,3,300,300,A_real,0.0,easy,6,0.8766666666666667
1281,2,0,0.07732209962645015,0.3072646780339939,0.0977178783190868,0.19131038105404777,0.20507194026301062,0.40148631662980333,0.4765053580405044,1.0986122886681096,0.8933333333333333,diversified,3,300,300,A_real,0.0,neutral,6,0.8933333333333333
1282,2,0,0.056277257489100785,0.28691214693955186,0.047211076854494834,0.15599136520316395,0.09907774604809742,0.3273653959414748,0.4765053580405044,1.0986122886681096,0.8433333333333334,diversified,3,300,300,A_real,0.0,hard,4,0.8433333333333334
1283,8,0,0.08800549999779696,0.31896294500610506,0.10939575068918969,0.19923904413989446,0.22957926672440632,0.41812550641447044,0.4765053580405044,1.0986122886681096,0.89,diversified,3,300,300,A_real,0.0,easy,10,0.89
1284,1,0,0.08620772180211451,0.31435081944831195,0.13976815313718866,0.20014558373428248,0.2933191637381503,0.42002798154741733,0.4765053580405044,1.0986122886681096,0.8266666666666667,diversified,3,300,300,A_real,0.0,neutral,9,0.8266666666666667
1285,9,1,0.06144525448851977,0.285730157020653,0.05867934118663418,0.1669299560340735,0.12314518650521923,0.35032125707993395,0.4765053580405044,1.0986122886681096,0.9,diversified,3,300,300,A_real,0.0,hard,9,0.9
1286,1,1,0.07284535090448004,0.3065687030938579,0.07715604028893429,0.223085716926319,0.12626695310236635,0.365082936494127,0.6110548991103224,0.6365141682948128,0.9,diversified,3,300,300,A_real,0.0,easy,1,0.9
1287,0,0,0.12047777585508586,0.3184548342387535,0.10162639892642239,0.17874229927373841,0.2132744096400776,0.37511078576066037,0.4765053580405044,1.0986122886681096,0.8133333333333334,diversified,3,300,300,A_real,0.0,neutral,9,0.8133333333333334
1288,6,0,0.055498144626573334,0.28602847293394146,0.048396851541271414,0.1581448432536911,0.10156622737735833,0.33188471144168813,0.4765053580405044,1.0986122886681096,0.87,diversified,3,300,300,A_real,0.0,hard,4,0.87
1289,10,1,0.07803461107277393,0.3093801055644844,0.08058810090317613,0.18263338484665453,0.169123178875831,0.38327666576024133,0.4765053580405044,1.0986122886681096,0.89,diversified,3,300,300,A_real,0.0,easy,10,0.89
1290,10,0,0.13721288872655307,0.3289379261973928,0.14916368075069572,0.2597473815614684,0.24410847694351778,0.4250802701028219,0.6110548991103224,0.6365141682948128,0.9066666666666666,diversified,3,300,300,A_real,0.0,neutral,5,0.9066666666666666
1291,1,0,0.1555300597332311,0.33567650852730696,0.16786486375512596,0.2662516389423094,0.27471322789414204,0.4357245794608043,0.6110548991103224,0.6365141682948128,0.8666666666666667,diversified,3,300,300,A_real,0.0,hard,0,0.8666666666666667
1292,5,0,0.09459169254203996,0.3341846566204028,0.15785478433254946,0.2251758478993591,0.3312759902253425,0.4725568015128562,0.4765053580405044,1.0986122886681096,0.86,diversified,3,300,300,A_real,0.0,easy,2,0.86
1293,10,1,0.06887844089922177,0.3084478648306191,0.04896090510715695,0.16570775316610056,0.10274995712219279,0.3477563271219605,0.4765053580405044,1.0986122886681096,0.9266666666666666,diversified,3,300,300,A_real,0.0,neutral,10,0.9266666666666666
1294,9,1,0.06508191868600037,0.3053733288974269,0.042456223928434025,0.1623629225969192,0.0890991532666567,0.3407368245859637,0.4765053580405044,1.0986122886681096,0.8933333333333333,diversified,3,300,300,A_real,0.0,hard,9,0.8933333333333333
1295,9,0,0.10340651465091755,0.30704475276166426,0.10093796223270494,0.22877082579122357,0.16518640531262835,0.37438669769984173,0.6110548991103224,0.6365141682948128,0.8733333333333333,diversified,3,300,300,A_real,0.0,easy,10,0.8733333333333333
1296,0,0,0.07912947984862254,0.294707526819305,0.07156441429655949,0.20503178056376356,0.11711617794203948,0.3355374138433121,0.6110548991103224,0.6365141682948128,0.83,diversified,3,300,300,A_real,0.0,neutral,4,0.83
1297,7,1,0.0628150260762808,0.28689445872710917,0.04946231885823829,0.16017695958985573,0.10380223018191925,0.3361493357567664,0.4765053580405044,1.0986122886681096,0.8666666666666667,diversified,3,300,300,A_real,0.0,hard,7,0.8666666666666667
1298,5,0,0.1122364576835855,0.3121999172599058,0.11047165681616991,0.19866779052702319,0.23183717654394032,0.41692666656255273,0.4765053580405044,1.0986122886681096,0.87,diversified,3,300,300,A_real,0.0,easy,6,0.87
1299,9,0,0.11333685178493012,0.336817758865758,0.1671397096035175,0.23064942397673135,0.3507614484983611,0.4840437155317894,0.4765053580405044,1.0986122886681096,0.9133333333333333,diversified,3,300,300,A_real,0.0,neutral,8,0.9133333333333332
1300,10,0,0.0533494760091375,0.2906224608702717,0.03365340574298389,0.15086114354126867,0.07062545084775992,0.31659904971823005,0.4765053580405044,1.0986122886681096,0.8833333333333333,diversified,3,300,300,A_real,0.0,hard,9,0.8833333333333333
1301,10,1,0.07091759926233489,0.2905533273496551,0.05307602037929362,0.2083470736601505,0.08685965934741822,0.3409629379675993,0.6110548991103224,0.6365141682948128,0.8966666666666666,diversified,3,300,300,A_real,0.0,easy,10,0.8966666666666666
1302,8,0,0.11384574314549252,0.34509996424237316,0.12612317586131425,0.2039784692522873,0.26468364674840317,0.42807172219656026,0.4765053580405044,1.0986122886681096,0.8766666666666667,diversified,3,300,300,A_real,0.0,neutral,4,0.8766666666666667
1303,6,0,0.12541960358926815,0.31844889627457157,0.12974359506398805,0.2393780706001411,0.21232723156772138,0.3917456041162069,0.6110548991103224,0.6365141682948128,0.8266666666666667,diversified,3,300,300,A_real,0.0,hard,3,0.8266666666666667
1304,6,1,0.07977744240345998,0.299983186556356,0.05671965087845432,0.20483759697533632,0.09282251228332582,0.33521962964960056,0.6110548991103224,0.6365141682948128,0.8933333333333333,diversified,3,300,300,A_real,0.0,easy,6,0.8933333333333333
1305,5,1,0.07167361676498817,0.30455086922884245,0.05814471797455315,0.16987899324925088,0.12202321966253876,0.3565101428194447,0.4765053580405044,1.0986122886681096,0.8733333333333333,diversified,3,300,300,A_real,0.0,neutral,5,0.8733333333333333
1306,8,0,0.08483256178816127,0.32040538542360686,0.13645193351926402,0.21344449994815648,0.2863597044960514,0.44793725053982086,0.4765053580405044,1.0986122886681096,0.8866666666666667,diversified,3,300,300,A_real,0.0,hard,9,0.8866666666666667
1307,10,1,0.0839036815294639,0.3106804255917072,0.13051476589464406,0.24962146557974083,0.2135892635582656,0.4085090651317618,0.6110548991103224,0.6365141682948128,0.9133333333333333,diversified,3,300,300,A_real,0.0,easy,10,0.9133333333333332
1308,0,0,0.06010664745789756,0.2884952443387646,0.03731708388432512,0.15237293095905688,0.07831409081690337,0.3197717053710542,0.4765053580405044,1.0986122886681096,0.8833333333333333,diversified,3,300,300,A_real,0.0,neutral,6,0.8833333333333333
1309,3,0,0.08393215512762843,0.2945408679923673,0.08043886980517638,0.171371514410868,0.1688100006597173,0.35964236607031164,0.4765053580405044,1.0986122886681096,0.83,diversified,3,300,300,A_real,0.0,hard,4,0.83
1310,9,0,0.10108782709164063,0.30490306282980567,0.12724041533875957,0.2362911803322361,0.20823074248159668,0.386693864456809,0.6110548991103224,0.6365141682948128,0.9033333333333333,diversified,3,300,300,A_real,0.0,easy,8,0.9033333333333332
1311,5,1,0.08000404883236081,0.2946696196425632,0.05684012728511136,0.16677070346026265,0.11928538960999423,0.34998704767153244,0.4765053580405044,1.0986122886681096,0.88,diversified,3,300,300,A_real,0.0,neutral,5,0.88
1312,10,0,0.10301739614335623,0.3136571492491477,0.10800807217198063,0.23523808474690222,0.176756740399655,0.3849704586108414,0.6110548991103224,0.6365141682948128,0.9266666666666666,diversified,3,300,300,A_real,0.0,hard,9,0.9266666666666666
1313,10,0,0.0548926998329804,0.29705900049404693,0.055129954992854426,0.16501342982719752,0.1156964010217241,0.3462992116306295,0.4765053580405044,1.0986122886681096,0.8733333333333333,diversified,3,300,300,A_real,0.0,easy,2,0.8733333333333333
1314,0,0,0.045050558077057934,0.2780733391696406,0.0326677930723395,0.14856690903439415,0.06855703198527863,0.31178434098901675,0.4765053580405044,1.0986122886681096,0.8666666666666667,diversified,3,300,300,A_real,0.0,neutral,8,0.8666666666666667
1315,5,0,0.09907396718343858,0.33018648060238387,0.1185719511332622,0.2617528120699538,0.19404467799194378,0.4283621855434889,0.6110548991103224,0.6365141682948128,0.9266666666666666,diversified,3,300,300,A_real,0.0,hard,7,0.9266666666666666
1316,3,0,0.07734328211922813,0.2886308590334084,0.08605005950719084,0.17024462149279165,0.1805857123224128,0.3572774547444235,0.4765053580405044,1.0986122886681096,0.7966666666666666,diversified,3,300,300,A_real,0.0,easy,8,0.7966666666666666
1317,5,1,0.04531524933726585,0.28115744204655707,0.04606034274850218,0.15616947981173326,0.09666280131227173,0.32773918944780966,0.4765053580405044,1.0986122886681096,0.8733333333333333,diversified,3,300,300,A_real,0.0,neutral,5,0.8733333333333333
1318,6,0,0.06793634219287757,0.29664259001962245,0.06241376202861622,0.20884476134244329,0.10214100585641124,0.34177741091105723,0.6110548991103224,0.6365141682948128,0.85,diversified,3,300,300,A_real,0.0,hard,7,0.85
1319,0,0,0.08195978428756609,0.3036513307492076,0.09740120517007156,0.18440838126843667,0.204407366100996,0.38700169506333526,0.4765053580405044,1.0986122886681096,0.9066666666666666,diversified,3,300,300,A_real,0.0,easy,10,0.9066666666666666
1320,8,1,0.08180397840290494,0.30910218780728754,0.1278450041117817,0.1965835032349088,0.2981574389850742,0.4584679258955331,0.42878354652818723,1.3321790402101223,0.7666666666666667,diversified,5,30,30,A_real,0.0,easy,8,0.7666666666666667
1321,8,1,0.0618923966604698,0.2956137769981891,0.07724960672853981,0.18282838555631276,0.1801599136767754,0.42638852874988764,0.42878354652818723,1.3321790402101223,0.9666666666666667,diversified,5,30,30,A_real,0.0,neutral,8,0.9666666666666668
1322,2,0,0.07421205499797985,0.29263762687964145,0.10763860427442254,0.19621210906418082,0.2510324968062799,0.45760176819490506,0.42878354652818723,1.3321790402101223,0.8666666666666667,diversified,5,30,30,A_real,0.0,hard,4,0.8666666666666667
1323,5,1,0.06279030939212522,0.27734625750621555,0.07503535091424425,0.1624409208292162,0.1749958726770119,0.3788413108303299,0.42878354652818723,1.3321790402101223,0.7666666666666667,diversified,5,30,30,A_real,0.0,easy,5,0.7666666666666667
1324,3,0,0.07638682801365203,0.2959124275541277,0.112423998910443,0.19429557813443213,0.2621928938755408,0.45313207493063073,0.42878354652818723,1.3321790402101223,0.8,diversified,5,30,30,A_real,0.0,neutral,7,0.8
1325,10,0,0.1279095336644077,0.32983098764605745,0.14969107369512372,0.24868765353595648,0.2919380910137908,0.48500820416221774,0.5127493749626953,0.9502705392332347,0.8666666666666667,diversified,5,30,30,A_real,0.0,hard,4,0.8666666666666667
1326,6,1,0.09122796690604452,0.3219540253135462,0.08629695986899907,0.1856209504207598,0.2012599610403337,0.43290128999517824,0.42878354652818723,1.3321790402101223,0.8666666666666667,diversified,5,30,30,A_real,0.0,easy,6,0.8666666666666667
1327,10,0,0.06296861119313461,0.28002835437619533,0.06488086986663723,0.15605241668849085,0.15131380481357184,0.36394217537503465,0.42878354652818723,1.3321790402101223,0.8,diversified,5,30,30,A_real,0.0,neutral,3,0.8
1328,9,0,0.09261903396828869,0.3162487895991432,0.12352299208435721,0.19555556327739457,0.28807773312317875,0.45607058587202387,0.42878354652818723,1.3321790402101223,0.9333333333333333,diversified,5,30,30,A_real,0.0,hard,7,0.9333333333333332
1329,1,0,0.0781329785518589,0.31341212652338296,0.10709510052693094,0.1943421956816526,0.24976494875810437,0.45324079539716433,0.42878354652818723,1.3321790402101223,0.8666666666666667,diversified,5,30,30,A_real,0.0,easy,8,0.8666666666666667
1330,9,0,0.07530451897319201,0.29520329504612797,0.07937622841206833,0.17049301529029587,0.18511957619355696,0.39762023676225194,0.42878354652818723,1.3321790402101223,0.9,diversified,5,30,30,A_real,0.0,neutral,6,0.9
1331,10,0,0.11403495863255564,0.315766382747737,0.12609020042312644,0.22986773156142964,0.24591000317123743,0.44830426478462987,0.5127493749626953,0.9502705392332347,0.8333333333333334,diversified,5,30,30,A_real,0.0,hard,3,0.8333333333333334
1332,2,1,0.0886972839546278,0.3065089118915751,0.08654467817541117,0.17949191513897955,0.20183768448242434,0.41860728237430206,0.42878354652818723,1.3321790402101223,0.9,diversified,5,30,30,A_real,0.0,easy,2,0.9
1333,1,1,0.052982261719292385,0.2971120064505315,0.06384576101083524,0.15428657458796474,0.16660154932988036,0.40260123710942686,0.383224293337255,1.6094379124341005,0.9,diversified,5,30,30,A_real,0.0,neutral,1,0.9
1334,5,0,0.07717191968670159,0.3157239013965827,0.08763399125616499,0.18698462436273258,0.2043781576175851,0.43608162178032794,0.42878354652818723,1.3321790402101223,0.9333333333333333,diversified,5,30,30,A_real,0.0,hard,3,0.9333333333333332
1335,6,1,0.06684618769826399,0.32112686017005115,0.09724034226371513,0.195053042308353,0.22678188809029493,0.45489861700075906,0.42878354652818723,1.3321790402101223,0.9,diversified,5,30,30,A_real,0.0,easy,6,0.9
1336,9,0,0.10145211663243155,0.3073488811780083,0.1061426508126743,0.23912751432766974,0.17757789317689363,0.4000631213731146,0.5977244628470766,0.6730116670092565,0.8666666666666667,diversified,5,30,30,A_real,0.0,neutral,0,0.8666666666666667
1337,9,1,0.07787837980167045,0.3089218248536407,0.0790907703501791,0.1665768978479478,0.2063824546753762,0.4346720725800973,0.383224293337255,1.6094379124341005,0.9,diversified,5,30,30,A_real,0.0,hard,9,0.9
1338,10,0,0.07717191968670159,0.3220051718822367,0.0829933909739497,0.18441330335481806,0.19355544690540943,0.4300848408200177,0.42878354652818723,1.3321790402101223,0.9333333333333333,diversified,5,30,30,A_real,0.0,easy,8,0.9333333333333332
1339,10,0,0.09198806525490646,0.3119548873488577,0.14922103161413125,0.2254359274212349,0.30663730735157635,0.4632528338465562,0.48663690958856887,1.0549201679861442,0.7666666666666667,diversified,5,30,30,A_real,0.0,neutral,0,0.7666666666666667
1340,3,0,0.10626821779727581,0.327705817108983,0.1585520170822199,0.24758154367798613,0.30921932785145806,0.4828509906930627,0.5127493749626953,0.9502705392332347,0.9333333333333333,diversified,5,30,30,A_real,0.0,hard,9,0.9333333333333332
1341,1,1,0.06569723685347688,0.3045592371374145,0.09472857713306879,0.1739637513637418,0.24718834056196767,0.4539476081978073,0.383224293337255,1.6094379124341005,0.9,diversified,5,30,30,A_real,0.0,easy,1,0.9
1342,1,1,0.08914603319466119,0.3128208852056595,0.07039869457598215,0.17765058322236116,0.16418235994825958,0.41431296667229467,0.42878354652818723,1.3321790402101223,0.9,diversified,5,30,30,A_real,0.0,neutral,1,0.9
1343,1,0,0.07625830398291233,0.30231187756525674,0.09502608644941955,0.18350845422758674,0.2216178470905314,0.4279745706509364,0.42878354652818723,1.3321790402101223,0.8333333333333334,diversified,5,30,30,A_real,0.0,hard,7,0.8333333333333334
1344,4,0,0.08973849024937884,0.30428943458442537,0.10128149697714797,0.17871183051574613,0.23620658441120934,0.4167879853664068,0.42878354652818723,1.3321790402101223,0.8333333333333334,diversified,5,30,30,A_real,0.0,easy,5,0.8333333333333334
1345,5,1,0.05058067458239657,0.2732009086079367,0.08248259776002391,0.15532657192483307,0.2152332177110584,0.40531504558908155,0.383224293337255,1.6094379124341005,0.8333333333333334,diversified,5,30,30,A_real,0.0,neutral,5,0.8333333333333334
1346,8,0,0.050142892433874806,0.284171677351148,0.06608909862161987,0.155046276461289,0.17245539954185113,0.40458363197982633,0.383224293337255,1.6094379124341005,0.8666666666666667,diversified,5,30,30,A_real,0.0,hard,4,0.8666666666666667
1347,4,0,0.06545370766668972,0.29034778552620916,0.11502376898395489,0.1878360023247304,0.26825602315035074,0.43806718761859603,0.42878354652818723,1.3321790402101223,0.7333333333333333,diversified,5,30,30,A_real,0.0,easy,5,0.7333333333333333
1348,0,1,0.06650975969236736,0.3169399660391455,0.13453338311216234,0.20355491305540285,0.35105651038089797,0.5311639073889952,0.383224293337255,1.6094379124341005,0.9666666666666667,diversified,5,30,30,A_real,0.0,neutral,0,0.9666666666666668
1349,9,0,0.07785325780782575,0.3055880267924873,0.1024429434684281,0.18557575783521638,0.23891528557449845,0.432795892794401,0.42878354652818723,1.3321790402101223,0.8,diversified,5,30,30,A_real,0.0,hard,0,0.8
1350,10,0,0.07524848369098187,0.29397664064226,0.09204074411440896,0.1794755356860997,0.21465549426896774,0.41856908255760555,0.42878354652818723,1.3321790402101223,0.7666666666666667,diversified,5,30,30,A_real,0.0,easy,5,0.7666666666666667
1351,7,1,0.052502117874923544,0.28518092196970585,0.06488086986663721,0.15864956936995897,0.15131380481357182,0.3699992004229801,0.42878354652818723,1.3321790402101223,0.8333333333333334,diversified,5,30,30,A_real,0.0,neutral,7,0.8333333333333334
1352,0,0,0.09774442837634187,0.3055153986367475,0.09502608644941955,0.18461587014339134,0.2216178470905314,0.430557262838571,0.42878354652818723,1.3321790402101223,0.9666666666666667,diversified,5,30,30,A_real,0.0,hard,3,0.9666666666666668
1353,3,0,0.1039250126976998,0.31371682868796114,0.1297479803653985,0.2016807873553801,0.30259552031777687,0.4703557050832921,0.42878354652818723,1.3321790402101223,0.8,diversified,5,30,30,A_real,0.0,easy,5,0.8
1354,7,0,0.07667112560993034,0.298717107415277,0.05996611188475137,0.14792288343165974,0.15647784581333532,0.38599558014314295,0.383224293337255,1.6094379124341005,0.8333333333333334,diversified,5,30,30,A_real,0.0,neutral,8,0.8333333333333334
1355,1,0,0.06602547477620369,0.2953795786811654,0.11558276685104575,0.1910007391489704,0.2695597062595022,0.4454479205078697,0.42878354652818723,1.3321790402101223,0.8666666666666667,diversified,5,30,30,A_real,0.0,hard,9,0.8666666666666667
1356,3,0,0.07602501469048958,0.2853759219720643,0.10353225654918193,0.17673619875318272,0.24145575870965924,0.4121804583785831,0.42878354652818723,1.3321790402101223,0.8666666666666667,diversified,5,30,30,A_real,0.0,easy,6,0.8666666666666667
1357,1,0,0.09213473336248798,0.3299021841829839,0.12298180904366034,0.2058072439905969,0.2868155973787483,0.47997934075828075,0.42878354652818723,1.3321790402101223,0.9,diversified,5,30,30,A_real,0.0,neutral,10,0.9
1358,7,0,0.06471491078973143,0.29922104659391285,0.11858661296170392,0.19971651605827903,0.2765652131987959,0.46577467273490664,0.42878354652818723,1.3321790402101223,0.8,diversified,5,30,30,A_real,0.0,hard,9,0.8
1359,5,0,0.08921484928474648,0.3172228203773838,0.11029842787092012,0.2010237137574364,0.2572356816486879,0.4688232918102924,0.42878354652818723,1.3321790402101223,0.8666666666666667,diversified,5,30,30,A_real,0.0,easy,10,0.8666666666666667
1360,0,0,0.07497947984673037,0.29596007577477096,0.09069072019593609,0.15892942824162898,0.23665180358522858,0.4147164754551815,0.383224293337255,1.6094379124341005,0.84,diversified,5,100,100,A_real,0.0,easy,1,0.84
1361,8,0,0.10737609372264328,0.31481336491248474,0.10432584703579943,0.18474039618547056,0.24330655380905875,0.43084767986386846,0.42878354652818723,1.3321790402101223,0.91,diversified,5,100,100,A_real,0.0,neutral,0,0.91
1362,9,0,0.07056523200125261,0.2945432945613326,0.10532018512674315,0.19212995162537827,0.21642457251297884,0.39481171246919206,0.48663690958856887,1.0549201679861442,0.82,diversified,5,100,100,A_real,0.0,hard,7,0.82
1363,4,0,0.09176664438332333,0.314317545074707,0.1001865357197693,0.18361782874808047,0.2336529387169087,0.4282296516151649,0.42878354652818723,1.3321790402101223,0.86,diversified,5,100,100,A_real,0.0,easy,8,0.86
1364,10,0,0.08323712613108462,0.30035178961898024,0.08082349738539434,0.18130177251939106,0.1660858348244222,0.3725606688417328,0.48663690958856887,1.0549201679861442,0.87,diversified,5,100,100,A_real,0.0,neutral,4,0.87
1365,2,0,0.06768159488753964,0.2916384217384256,0.09860603071956077,0.19207174095554486,0.20262752121068672,0.3946920941897594,0.48663690958856887,1.0549201679861442,0.82,diversified,5,100,100,A_real,0.0,hard,7,0.82
1366,10,0,0.051597796809475106,0.2912794211734905,0.04924580735719376,0.15478101651442364,0.11485003973667272,0.36097704253735563,0.42878354652818723,1.3321790402101223,0.9,diversified,5,100,100,A_real,0.0,easy,1,0.9
1367,7,0,0.06500845925198347,0.298773026920648,0.08931641213205996,0.1588988193093217,0.23306563201998629,0.4146366033467598,0.383224293337255,1.6094379124341005,0.86,diversified,5,100,100,A_real,0.0,neutral,0,0.86
1368,8,0,0.08016098834657036,0.2904716415273038,0.0762355413461573,0.14999972144975568,0.19893191186360026,0.391414960005547,0.383224293337255,1.6094379124341005,0.81,diversified,5,100,100,A_real,0.0,hard,7,0.81
1369,5,0,0.08944760787947471,0.30659207422505813,0.08833804457187532,0.17892284516533055,0.20602013600367516,0.41728010930934495,0.42878354652818723,1.3321790402101223,0.89,diversified,5,100,100,A_real,0.0,easy,10,0.89
1370,7,0,0.08783636624665872,0.29929502030912836,0.0942904012515121,0.1750175867584489,0.2199020974917788,0.4081723475062111,0.42878354652818723,1.3321790402101223,0.84,diversified,5,100,100,A_real,0.0,neutral,8,0.84
1371,10,0,0.14375434172534082,0.33483548786943684,0.1627857793540737,0.24066967626541186,0.3345117810560285,0.49455697158049106,0.48663690958856887,1.0549201679861442,0.91,diversified,5,100,100,A_real,0.0,hard,3,0.91
1372,7,0,0.0850055665739399,0.30493207388632865,0.12576568789272596,0.18996143628477832,0.2933081012810234,0.44302408015157063,0.42878354652818723,1.3321790402101223,0.86,diversified,5,100,100,A_real,0.0,easy,10,0.86
1373,0,0,0.0988452895193121,0.2985701368398081,0.10849961075779335,0.19530427776711604,0.22295803836483596,0.40133469927761467,0.48663690958856887,1.0549201679861442,0.88,diversified,5,100,100,A_real,0.0,neutral,3,0.88
1374,8,0,0.09302317477417076,0.2928187058649711,0.08377202815430075,0.16723549531814957,0.19537136821735246,0.39002311696014647,0.42878354652818723,1.3321790402101223,0.86,diversified,5,100,100,A_real,0.0,hard,9,0.86
1375,6,1,0.05328458727960158,0.28613309263776027,0.04937876486707159,0.15031916897353773,0.11516012045444832,0.3505712152218884,0.42878354652818723,1.3321790402101223,0.89,diversified,5,100,100,A_real,0.0,easy,6,0.89
1376,10,1,0.06593787550372204,0.2922559610145602,0.06542438056088043,0.1634096086717038,0.1525813690628159,0.3811004643130858,0.42878354652818723,1.3321790402101223,0.87,diversified,5,100,100,A_real,0.0,neutral,10,0.87
1377,10,0,0.053532169895506757,0.29028921082406883,0.055359036672297975,0.15335523332023124,0.12910718501335686,0.3576518608559762,0.42878354652818723,1.3321790402101223,0.87,diversified,5,100,100,A_real,0.0,hard,4,0.87
1378,10,1,0.059312632003753515,0.2878711116320628,0.05492318705480861,0.1418205017449398,0.14331864657252738,0.3700717940136724,0.383224293337255,1.6094379124341005,0.84,diversified,5,100,100,A_real,0.0,easy,10,0.84
1379,10,0,0.0685018910187851,0.2943661770453804,0.10062098757529224,0.16365270897684106,0.26256421976552813,0.4270415832767135,0.383224293337255,1.6094379124341005,0.95,diversified,5,100,100,A_real,0.0,neutral,3,0.95
1380,2,0,0.05936317300555186,0.29090712816982023,0.05436555701808286,0.1573564371805557,0.12679021258692116,0.3669833846346328,0.42878354652818723,1.3321790402101223,0.84,diversified,5,100,100,A_real,0.0,hard,4,0.84
1381,9,0,0.05205067196593572,0.27944756326624776,0.06691173928971703,0.14432598316538853,0.17460202928949398,0.37660969222109053,0.383224293337255,1.6094379124341005,0.85,diversified,5,100,100,A_real,0.0,easy,2,0.85
1382,5,0,0.045808892907708905,0.28715554009697736,0.040041662938007885,0.13228844884210428,0.10448623334734519,0.34519849378568584,0.383224293337255,1.6094379124341005,0.89,diversified,5,100,100,A_real,0.0,neutral,4,0.89
1383,9,0,0.06339443553970069,0.28959279579097585,0.09000629359273424,0.16297217153958743,0.23486583485855517,0.4252657630871131,0.383224293337255,1.6094379124341005,0.87,diversified,5,100,100,A_real,0.0,hard,4,0.87
1384,2,1,0.06637499623383655,0.27959710539118005,0.07329247365054573,0.15798062203261987,0.1709311708529554,0.36843909546383347,0.42878354652818723,1.3321790402101223,0.83,diversified,5,100,100,A_real,0.0,easy,2,0.83
1385,9,1,0.05994064403360888,0.28751043598885095,0.05584119574812318,0.152331091620327,0.13023166630404348,0.3552633790492545,0.42878354652818723,1.3321790402101223,0.84,diversified,5,100,100,A_real,0.0,neutral,9,0.84
1386,1,0,0.05390603140103724,0.2998197631926743,0.07002942726903523,0.1692721608182928,0.16332116247476314,0.3947729855514996,0.42878354652818723,1.3321790402101223,0.9,diversified,5,100,100,A_real,0.0,hard,0,0.9
1387,10,0,0.058820058740882045,0.29088225005529833,0.07282554510494797,0.15276358582926033,0.19003373839053084,0.3986270925022526,0.383224293337255,1.6094379124341005,0.89,diversified,5,100,100,A_real,0.0,easy,8,0.89
1388,5,0,0.073348930288858,0.2903147003910462,0.10416457046769383,0.1773854250955429,0.24293042797724584,0.41369457044658775,0.42878354652818723,1.3321790402101223,0.9,diversified,5,100,100,A_real,0.0,neutral,4,0.9
1389,8,0,0.09582452785486173,0.2972508407797173,0.07903255043616533,0.1684709063296425,0.18431805762157413,0.3929043166271951,0.42878354652818723,1.3321790402101223,0.87,diversified,5,100,100,A_real,0.0,hard,4,0.87
1390,8,1,0.08858392219827477,0.30176418301263136,0.07576621152488634,0.170642529573409,0.17670037047446654,0.39796893083954044,0.42878354652818723,1.3321790402101223,0.88,diversified,5,100,100,A_real,0.0,easy,8,0.88
1391,8,0,0.08284828128537498,0.3156750557700813,0.1417605951890316,0.19634913406864155,0.3306110888275714,0.4579213350382931,0.42878354652818723,1.3321790402101223,0.85,diversified,5,100,100,A_real,0.0,neutral,2,0.85
1392,2,0,0.10399603899464066,0.31541957384258273,0.13916747978067573,0.20516744931123462,0.32456347942335795,0.47848722501703406,0.42878354652818723,1.3321790402101223,0.88,diversified,5,100,100,A_real,0.0,hard,7,0.88
1393,6,1,0.06982885526792733,0.3017454821842774,0.05604176928472528,0.14669435721874335,0.14623751745144703,0.38278981726673983,0.383224293337255,1.6094379124341005,0.89,diversified,5,100,100,A_real,0.0,easy,6,0.89
1394,1,0,0.06268756534675601,0.299482131487864,0.07626890620884912,0.1590506348033079,0.17787274448002957,0.3709345568203893,0.42878354652818723,1.3321790402101223,0.83,diversified,5,100,100,A_real,0.0,neutral,0,0.83
1395,3,0,0.07445831865392757,0.29095111533697965,0.10254957990946455,0.19624194178346932,0.2107311999744654,0.4032615239756139,0.48663690958856887,1.0549201679861442,0.83,diversified,5,100,100,A_real,0.0,hard,4,0.83
1396,1,0,0.0788138846674583,0.31666992344912226,0.07983353519543328,0.1835731465861103,0.1861860974886666,0.42812544481354675,0.42878354652818723,1.3321790402101223,0.92,diversified,5,100,100,A_real,0.0,easy,6,0.92
1397,8,0,0.12856599571829694,0.33489035629155384,0.11356035197227261,0.22040548950840652,0.22147340887648007,0.4298503328735251,0.5127493749626953,0.9502705392332347,0.93,diversified,5,100,100,A_real,0.0,neutral,5,0.93
1398,4,0,0.07230123164118354,0.3139143692219991,0.07494763008309709,0.1500598892640541,0.19557118738592003,0.39157196418128565,0.383224293337255,1.6094379124341005,0.8,diversified,5,100,100,A_real,0.0,hard,0,0.8
1399,10,0,0.052258432060272454,0.28579048577724375,0.08752972392904701,0.1763946747453248,0.20413498754270182,0.4113839632457283,0.42878354652818723,1.3321790402101223,0.84,diversified,5,100,100,A_real,0.0,easy,6,0.84
1400,10,0,0.06373584750096524,0.30345238884685427,0.10657222401639144,0.17806866120278822,0.2780936017607918,0.4646591155589388,0.383224293337255,1.6094379124341005,0.9366666666666666,diversified,5,300,300,A_real,0.0,easy,1,0.9366666666666666
1401,7,1,0.06880845203849412,0.30296734406612963,0.07108339163663863,0.15149927705740862,0.1854876970810459,0.39532795725995973,0.383224293337255,1.6094379124341005,0.9,diversified,5,300,300,A_real,0.0,neutral,7,0.9
1402,7,0,0.05998758317524114,0.2917695840563741,0.06449226775330157,0.1589454334713111,0.15040751510986905,0.3706892084789042,0.42878354652818723,1.3321790402101223,0.8933333333333333,diversified,5,300,300,A_real,0.0,hard,0,0.8933333333333333
1403,2,0,0.06406370945470498,0.2956547791811115,0.08580238217096944,0.1658142954940722,0.20010651729923362,0.3867086245184829,0.42878354652818723,1.3321790402101223,0.8566666666666667,diversified,5,300,300,A_real,0.0,easy,8,0.8566666666666667
1404,2,1,0.06227906564030607,0.28865962495331365,0.0916045597464873,0.18895273604010115,0.18824005730254847,0.38828278808496625,0.48663690958856887,1.0549201679861442,0.8633333333333333,diversified,5,300,300,A_real,0.0,neutral,2,0.8633333333333333
1405,8,0,0.05778571532520877,0.29301191440691876,0.1312975082217794,0.19023447382363057,0.30620929670665015,0.4436608525768724,0.42878354652818723,1.3321790402101223,0.87,diversified,5,300,300,A_real,0.0,hard,3,0.87
1406,1,1,0.06511493302509219,0.30259146147679805,0.09357292879073488,0.16333420788507058,0.24417274796403995,0.42621047445269594,0.383224293337255,1.6094379124341005,0.8933333333333333,diversified,5,300,300,A_real,0.0,easy,1,0.8933333333333333
1407,7,0,0.0944962755042749,0.30363375446019364,0.1065465800378902,0.18207175834609862,0.24848570077043775,0.4246239386289736,0.42878354652818723,1.3321790402101223,0.8733333333333333,diversified,5,300,300,A_real,0.0,neutral,8,0.8733333333333333
1408,2,0,0.09505587575697211,0.30965154937959355,0.10644994439189853,0.17797343987013717,0.2482603291423188,0.4150659261792304,0.42878354652818723,1.3321790402101223,0.85,diversified,5,300,300,A_real,0.0,hard,9,0.85
1409,6,1,0.059214079489262925,0.2908845797553082,0.07682334431387215,0.16271657878855267,0.17916579340765812,0.37948419454536153,0.42878354652818723,1.3321790402101223,0.8733333333333333,diversified,5,300,300,A_real,0.0,easy,6,0.8733333333333333
1410,0,0,0.0611896810031676,0.28701699084143356,0.054092260384697326,0.173792887628788,0.1054945418288082,0.33894314867069736,0.5127493749626953,0.9502705392332347,0.8766666666666667,diversified,5,300,300,A_real,0.0,neutral,4,0.8766666666666667
1411,9,1,0.06357324708956795,0.2908290648694189,0.07001091892787568,0.15884594278577424,0.1632779977094418,0.37045717838739894,0.42878354652818723,1.3321790402101223,0.8466666666666667,diversified,5,300,300,A_real,0.0,hard,9,0.8466666666666667
1412,8,1,0.0579239980352791,0.28977606835438,0.06282839272748991,0.1640870586590317,0.14652706064914206,0.3826803989743226,0.42878354652818723,1.3321790402101223,0.91,diversified,5,300,300,A_real,0.0,easy,8,0.91
1413,1,0,0.05927447182240068,0.2889891150848803,0.0485243862160632,0.15069200323166995,0.11316755647216356,0.3514407314641767,0.42878354652818723,1.3321790402101223,0.8533333333333334,diversified,5,300,300,A_real,0.0,neutral,9,0.8533333333333334
1414,9,1,0.06831302871955314,0.2813563282853263,0.05345944718658104,0.17073416312803358,0.10426038489168406,0.3329778083892451,0.5127493749626953,0.9502705392332347,0.8533333333333334,diversified,5,300,300,A_real,0.0,hard,9,0.8533333333333334
1415,2,1,0.07426792619042787,0.30379047526813374,0.06544045656875248,0.16594576396498492,0.15261886119142537,0.387015232530794,0.42878354652818723,1.3321790402101223,0.9066666666666666,diversified,5,300,300,A_real,0.0,easy,2,0.9066666666666666
1416,1,1,0.07003025804027899,0.28695992592787006,0.09895703201814568,0.2464633856329031,0.14847537066617184,0.36979426111703484,0.6664878597315517,0.5004024235381879,0.9066666666666666,diversified,5,300,300,A_real,0.0,neutral,1,0.9066666666666666
1417,5,0,0.08185022131509986,0.30340612225316244,0.06875907453742866,0.14737297306294875,0.17942253592184854,0.38456062317858786,0.383224293337255,1.6094379124341005,0.8633333333333333,diversified,5,300,300,A_real,0.0,hard,4,0.8633333333333333
1418,2,1,0.0733038476741385,0.29043924918798963,0.052696716881528785,0.14915637666280887,0.12289817859898834,0.3478593753666891,0.42878354652818723,1.3321790402101223,0.86,diversified,5,300,300,A_real,0.0,easy,2,0.86
1419,9,0,0.07076528152269602,0.29626718439319505,0.06461409631723608,0.14741078796412807,0.1686064726078644,0.3846592988153802,0.383224293337255,1.6094379124341005,0.8966666666666666,diversified,5,300,300,A_real,0.0,neutral,8,0.8966666666666666
1420,0,1,0.04609389081301715,0.2771802037369102,0.046484048911338394,0.136709726326458,0.12129723955268747,0.35673554287474973,0.383224293337255,1.6094379124341005,0.8866666666666667,diversified,5,300,300,A_real,0.0,hard,0,0.8866666666666667
1421,8,1,0.07651982490610681,0.29918011565779734,0.08793328781872144,0.17171405071992743,0.2050761707875862,0.4004679099985926,0.42878354652818723,1.3321790402101223,0.88,diversified,5,300,300,A_real,0.0,easy,8,0.88
1422,6,0,0.0903406047621794,0.32084402883900465,0.12112058216010035,0.19445751588803892,0.2824748830518341,0.4535097427654112,0.42878354652818723,1.3321790402101223,0.91,diversified,5,300,300,A_real,0.0,neutral,7,0.91
1423,0,1,0.07591734918772404,0.291546075429907,0.06300043907609143,0.15526105425705822,0.1469283035372952,0.36209657649923777,0.42878354652818723,1.3321790402101223,0.87,diversified,5,300,300,A_real,0.0,hard,0,0.87
1424,1,1,0.06756516667180734,0.2823107918804317,0.05096204754941027,0.17310400935073064,0.09938977995461812,0.33759964965988437,0.5127493749626953,0.9502705392332347,0.8633333333333333,diversified,5,300,300,A_real,0.0,easy,1,0.8633333333333333
1425,10,1,0.05916875368133934,0.2911952040691824,0.05196947624307505,0.13811530429115282,0.13561112159802333,0.3604033113047064,0.383224293337255,1.6094379124341005,0.8733333333333333,diversified,5,300,300,A_real,0.0,neutral,10,0.8733333333333333
1426,7,0,0.04680594565898299,0.2796136877479565,0.057074297394965945,0.1354987936140477,0.14893183544796296,0.35357568914557963,0.383224293337255,1.6094379124341005,0.8566666666666667,diversified,5,300,300,A_real,0.0,hard,0,0.8566666666666667
1427,8,0,0.08909133623922227,0.3033114868467419,0.07421074012665037,0.16574535792806414,0.17307273268185427,0.3865478497719558,0.42878354652818723,1.3321790402101223,0.9233333333333333,diversified,5,300,300,A_real,0.0,easy,6,0.9233333333333332
1428,0,1,0.048515742150802316,0.2781393256113686,0.037810275894825524,0.12654143283423538,0.0986635673995509,0.3302020123313871,0.383224293337255,1.6094379124341005,0.89,diversified,5,300,300,A_real,0.0,neutral,0,0.89
1429,2,0,0.06504988057143972,0.2864480207853853,0.04667063776602294,0.1380389324450388,0.12178413158413899,0.36020402371401383,0.383224293337255,1.6094379124341005,0.89,diversified,5,300,300,A_real,0.0,hard,0,0.89
1430,6,0,0.0845355350831852,0.3093629479742535,0.08054695755615479,0.17245152558348179,0.18784992616515853,0.40218783341805586,0.42878354652818723,1.3321790402101223,0.8966666666666666,diversified,5,300,300,A_real,0.0,easy,10,0.8966666666666666
1431,5,0,0.0822612369845026,0.3107445901770656,0.12757604156198188,0.18095430868158044,0.33290175957010404,0.4721890334920191,0.383224293337255,1.6094379124341005,0.8666666666666667,diversified,5,300,300,A_real,0.0,neutral,0,0.8666666666666667
1432,3,1,0.06734273817559983,0.2819353694573709,0.042338340579454944,0.14085592850290168,0.0987405904966825,0.32850124414380283,0.42878354652818723,1.3321790402101223,0.8433333333333334,diversified,5,300,300,A_real,0.0,hard,3,0.8433333333333334
1433,1,0,0.05946107820004389,0.2899243194267098,0.05781264501641609,0.18529221767918122,0.11275029837066539,0.3613699532888987,0.5127493749626953,0.9502705392332347,0.9066666666666666,diversified,5,300,300,A_real,0.0,easy,2,0.9066666666666666
1434,10,0,0.04391707542343283,0.2798963655388565,0.04263127265881762,0.13208618086276092,0.111243659131234,0.34467068805191586,0.383224293337255,1.6094379124341005,0.83,diversified,5,300,300,A_real,0.0,neutral,4,0.83
1435,2,0,0.06889819923604393,0.3052908683576623,0.08570534356618992,0.1567865709244099,0.223642772799806,0.4091248223306932,0.383224293337255,1.6094379124341005,0.8566666666666667,diversified,5,300,300,A_real,0.0,hard,3,0.8566666666666667
1436,10,0,0.05342156767745606,0.28533552707602405,0.05366168781068443,0.14160035395633175,0.14002684261840279,0.36949733202774004,0.383224293337255,1.6094379124341005,0.8733333333333333,diversified,5,300,300,A_real,0.0,easy,8,0.8733333333333333
1437,8,1,0.053278613238318485,0.28404777816027804,0.07220129404099151,0.15904636450982362,0.16838634463844843,0.3709245977314297,0.42878354652818723,1.3321790402101223,0.8666666666666667,diversified,5,300,300,A_real,0.0,neutral,8,0.8666666666666667
1438,6,0,0.10964726393652593,0.3316563951561694,0.15336664149817297,0.2165934361820657,0.35767846676945897,0.5051346721109023,0.42878354652818723,1.3321790402101223,0.91,diversified,5,300,300,A_real,0.0,hard,0,0.91
1439,6,1,0.0728057229470757,0.2920895455900555,0.05439625038087316,0.1515410964042504,0.12686179500429426,0.3534209687644543,0.42878354652818723,1.3321790402101223,0.84,diversified,5,300,300,A_real,0.0,easy,6,0.84
1440,1,1,0.3214530336660893,0.43197628436913704,0.3214530336660893,0.43197628436913704,0.3214530336660893,0.43197628436913704,1.0,-0.0,0.8333333333333334,focused,1,30,30,B_noise,0.15,easy,1,0.8333333333333334
1441,4,1,0.33113199395725723,0.4260647248411285,0.33113199395725723,0.4260647248411285,0.33113199395725723,0.4260647248411285,1.0,-0.0,0.7333333333333333,focused,1,30,30,B_noise,0.15,neutral,4,0.7333333333333333
1442,9,1,0.2789457089733075,0.39521754275150833,0.2789457089733075,0.39521754275150833,0.2789457089733075,0.39521754275150833,1.0,-0.0,0.8333333333333334,focused,1,30,30,B_noise,0.15,hard,9,0.8333333333333334
1443,10,1,0.24749162993189125,0.43057236454110753,0.24749162993189125,0.43057236454110753,0.24749162993189125,0.43057236454110753,1.0,-0.0,0.8333333333333334,focused,1,30,30,B_noise,0.15,easy,10,0.8333333333333334
1444,1,1,0.27133881542671995,0.40659013372533753,0.27133881542671995,0.40659013372533753,0.27133881542671995,0.40659013372533753,1.0,-0.0,0.7,focused,1,30,30,B_noise,0.15,neutral,1,0.7
1445,3,1,0.184756687071471,0.31988144084865494,0.184756687071471,0.31988144084865494,0.184756687071471,0.31988144084865494,1.0,-0.0,0.6333333333333333,focused,1,30,30,B_noise,0.15,hard,3,0.6333333333333333
1446,5,1,0.29883351030698757,0.4775136993235004,0.29883351030698757,0.4775136993235004,0.29883351030698757,0.4775136993235004,1.0,-0.0,0.9,focused,1,30,30,B_noise,0.15,easy,5,0.9
1447,0,1,0.182813337902983,0.3313934401520409,0.182813337902983,0.3313934401520409,0.182813337902983,0.3313934401520409,1.0,-0.0,0.6333333333333333,focused,1,30,30,B_noise,0.15,neutral,0,0.6333333333333333
1448,7,1,0.30927887965613565,0.4288182673186402,0.30927887965613565,0.4288182673186402,0.30927887965613565,0.4288182673186402,1.0,-0.0,0.7333333333333333,focused,1,30,30,B_noise,0.15,hard,7,0.7333333333333333
1449,8,1,0.22921172957928504,0.3776197684870844,0.229211729579285,0.3776197684870844,0.229211729579285,0.3776197684870844,1.0,-0.0,0.8,focused,1,30,30,B_noise,0.15,easy,8,0.8
1450,5,1,0.22437388625286261,0.40752153495273385,0.22437388625286261,0.40752153495273385,0.22437388625286261,0.40752153495273385,1.0,-0.0,0.7666666666666667,focused,1,30,30,B_noise,0.15,neutral,5,0.7666666666666667
1451,4,1,0.16165719703258616,0.33737603206466227,0.16165719703258616,0.33737603206466227,0.16165719703258616,0.33737603206466227,1.0,-0.0,0.6666666666666666,focused,1,30,30,B_noise,0.15,hard,4,0.6666666666666666
1452,6,1,0.21577487973508544,0.37169005914770065,0.21577487973508544,0.37169005914770065,0.21577487973508544,0.37169005914770065,1.0,-0.0,0.7333333333333333,focused,1,30,30,B_noise,0.15,easy,6,0.7333333333333333
1453,6,1,0.34330846905051887,0.4686775768811264,0.34330846905051887,0.4686775768811264,0.34330846905051887,0.4686775768811264,1.0,-0.0,0.7333333333333333,focused,1,30,30,B_noise,0.15,neutral,6,0.7333333333333333
1454,7,1,0.1998661890416236,0.3713872573521756,0.1998661890416236,0.3713872573521756,0.1998661890416236,0.3713872573521756,1.0,-0.0,0.7,focused,1,30,30,B_noise,0.15,hard,7,0.7
1455,6,1,0.2043155545744939,0.3567591405653169,0.20431555457449388,0.3567591405653169,0.20431555457449388,0.3567591405653169,1.0,-0.0,0.7333333333333333,focused,1,30,30,B_noise,0.15,easy,6,0.7333333333333333
1456,8,1,0.282525500956931,0.43478113696912435,0.282525500956931,0.43478113696912435,0.282525500956931,0.43478113696912435,1.0,-0.0,0.8,focused,1,30,30,B_noise,0.15,neutral,8,0.8
1457,4,1,0.19741392914317807,0.37506092672168084,0.19741392914317807,0.37506092672168084,0.19741392914317807,0.37506092672168084,1.0,-0.0,0.6666666666666666,focused,1,30,30,B_noise,0.15,hard,4,0.6666666666666666
1458,2,1,0.282514714429246,0.45271659013468024,0.282514714429246,0.45271659013468024,0.282514714429246,0.45271659013468024,1.0,-0.0,0.9333333333333333,focused,1,30,30,B_noise,0.15,easy,2,0.9333333333333332
1459,9,1,0.24343797974617504,0.3858270255664921,0.24343797974617504,0.3858270255664921,0.24343797974617504,0.3858270255664921,1.0,-0.0,0.7333333333333333,focused,1,30,30,B_noise,0.15,neutral,9,0.7333333333333333
1460,7,1,0.2923021792334204,0.431420492725197,0.2923021792334204,0.431420492725197,0.2923021792334204,0.431420492725197,1.0,-0.0,0.8666666666666667,focused,1,30,30,B_noise,0.15,hard,7,0.8666666666666667
1461,1,1,0.1912892705866741,0.36585088299386603,0.1912892705866741,0.365850882993866,0.1912892705866741,0.365850882993866,1.0,-0.0,0.6666666666666666,focused,1,30,30,B_noise,0.15,easy,1,0.6666666666666666
1462,8,1,0.164553247764332,0.35438937041859825,0.164553247764332,0.35438937041859825,0.164553247764332,0.35438937041859825,1.0,-0.0,0.6666666666666666,focused,1,30,30,B_noise,0.15,neutral,8,0.6666666666666666
1463,3,1,0.13316511192879382,0.30659621028185824,0.13316511192879382,0.30659621028185824,0.13316511192879382,0.30659621028185824,1.0,-0.0,0.6666666666666666,focused,1,30,30,B_noise,0.15,hard,3,0.6666666666666666
1464,8,1,0.28474094955437973,0.4244435296178088,0.28474094955437973,0.4244435296178088,0.28474094955437973,0.4244435296178088,1.0,-0.0,0.7333333333333333,focused,1,30,30,B_noise,0.15,easy,8,0.7333333333333333
1465,0,1,0.3290650873935751,0.45601704894315803,0.3290650873935751,0.45601704894315803,0.3290650873935751,0.45601704894315803,1.0,-0.0,0.8,focused,1,30,30,B_noise,0.15,neutral,0,0.8
1466,7,1,0.19741392914317807,0.3668686313820429,0.19741392914317807,0.3668686313820429,0.19741392914317807,0.3668686313820429,1.0,-0.0,0.7,focused,1,30,30,B_noise,0.15,hard,7,0.7
1467,5,1,0.2658745673108063,0.4575476312540277,0.2658745673108063,0.4575476312540277,0.2658745673108063,0.4575476312540277,1.0,-0.0,0.8333333333333334,focused,1,30,30,B_noise,0.15,easy,5,0.8333333333333334
1468,2,1,0.7497074640704259,0.7755653559255079,0.7497074640704259,0.7755653559255079,0.7497074640704259,0.7755653559255079,1.0,-0.0,1.0,focused,1,30,30,B_noise,0.15,neutral,2,1.0
1469,0,1,0.23416787665640404,0.36679268389849157,0.23416787665640404,0.36679268389849157,0.23416787665640404,0.36679268389849157,1.0,-0.0,0.6666666666666666,focused,1,30,30,B_noise,0.15,hard,0,0.6666666666666666
1470,10,1,0.32625630290000784,0.47390928709178903,0.32625630290000784,0.47390928709178903,0.32625630290000784,0.47390928709178903,1.0,-0.0,0.9,focused,1,30,30,B_noise,0.15,easy,10,0.9
1471,5,1,0.21597649722600035,0.3859948025724619,0.21597649722600035,0.3859948025724619,0.21597649722600035,0.3859948025724619,1.0,-0.0,0.8333333333333334,focused,1,30,30,B_noise,0.15,neutral,5,0.8333333333333334
1472,0,1,0.44136847268590484,0.489666071673651,0.4413684726859048,0.489666071673651,0.4413684726859048,0.489666071673651,1.0,-0.0,0.8333333333333334,focused,1,30,30,B_noise,0.15,hard,0,0.8333333333333334
1473,8,1,0.22859600828191176,0.39023275779158273,0.22859600828191176,0.39023275779158273,0.22859600828191176,0.39023275779158273,1.0,-0.0,0.8,focused,1,30,30,B_noise,0.15,easy,8,0.8
1474,3,1,0.23084030264629088,0.3635210581309253,0.23084030264629088,0.3635210581309253,0.23084030264629088,0.3635210581309253,1.0,-0.0,0.6333333333333333,focused,1,30,30,B_noise,0.15,neutral,3,0.6333333333333333
1475,9,1,0.25669650149571244,0.38414823714512986,0.25669650149571244,0.38414823714512986,0.25669650149571244,0.38414823714512986,1.0,-0.0,0.7333333333333333,focused,1,30,30,B_noise,0.15,hard,9,0.7333333333333333
1476,8,1,0.23526907144491466,0.39363617260260514,0.23526907144491466,0.39363617260260514,0.23526907144491466,0.39363617260260514,1.0,-0.0,0.7333333333333333,focused,1,30,30,B_noise,0.15,easy,8,0.7333333333333333
1477,3,1,0.13609971431696855,0.28434441151249973,0.13609971431696855,0.28434441151249973,0.13609971431696855,0.28434441151249973,1.0,-0.0,0.6666666666666666,focused,1,30,30,B_noise,0.15,neutral,3,0.6666666666666666
1478,7,1,0.25292189602106274,0.38851882271894966,0.25292189602106274,0.38851882271894966,0.25292189602106274,0.38851882271894966,1.0,-0.0,0.8,focused,1,30,30,B_noise,0.15,hard,7,0.8
1479,6,1,0.23271248643692488,0.3960583212899792,0.23271248643692488,0.3960583212899792,0.23271248643692488,0.3960583212899792,1.0,-0.0,0.7666666666666667,focused,1,30,30,B_noise,0.15,easy,6,0.7666666666666667
1480,6,1,0.27424446656157064,0.39672366227334294,0.27424446656157064,0.39672366227334294,0.27424446656157064,0.39672366227334294,1.0,-0.0,0.72,focused,1,100,100,B_noise,0.15,easy,6,0.72
1481,8,1,0.327931864302963,0.43722703129385465,0.327931864302963,0.43722703129385465,0.327931864302963,0.43722703129385465,1.0,-0.0,0.87,focused,1,100,100,B_noise,0.15,neutral,8,0.87
1482,3,1,0.11801054658912778,0.2776165967353446,0.11801054658912777,0.2776165967353446,0.11801054658912777,0.2776165967353446,1.0,-0.0,0.57,focused,1,100,100,B_noise,0.15,hard,3,0.57
1483,8,1,0.3270326462577062,0.443388807754814,0.3270326462577062,0.443388807754814,0.3270326462577062,0.443388807754814,1.0,-0.0,0.8,focused,1,100,100,B_noise,0.15,easy,8,0.8
1484,10,1,0.4302311126724214,0.5082159734810967,0.4302311126724214,0.5082159734810967,0.4302311126724214,0.5082159734810967,1.0,-0.0,0.84,focused,1,100,100,B_noise,0.15,neutral,10,0.84
1485,9,1,0.2072451220144556,0.36975382768746606,0.2072451220144556,0.36975382768746606,0.2072451220144556,0.36975382768746606,1.0,-0.0,0.73,focused,1,100,100,B_noise,0.15,hard,9,0.73
1486,8,1,0.24403926488716834,0.38218690427562974,0.24403926488716834,0.38218690427562974,0.24403926488716834,0.38218690427562974,1.0,-0.0,0.78,focused,1,100,100,B_noise,0.15,easy,8,0.78
1487,0,1,0.1635239653139748,0.30952983164736825,0.1635239653139748,0.30952983164736825,0.1635239653139748,0.30952983164736825,1.0,-0.0,0.67,focused,1,100,100,B_noise,0.15,neutral,0,0.67
1488,7,1,0.1691142693472471,0.3407239671756077,0.16911426934724708,0.3407239671756077,0.16911426934724708,0.3407239671756077,1.0,-0.0,0.71,focused,1,100,100,B_noise,0.15,hard,7,0.71
1489,8,1,0.2955480608931556,0.4069051451922612,0.2955480608931556,0.4069051451922612,0.2955480608931556,0.4069051451922612,1.0,-0.0,0.78,focused,1,100,100,B_noise,0.15,easy,8,0.78
1490,4,1,0.20183770388317746,0.36549764357771225,0.20183770388317746,0.36549764357771225,0.20183770388317746,0.36549764357771225,1.0,-0.0,0.81,focused,1,100,100,B_noise,0.15,neutral,4,0.81
1491,3,1,0.16220780473269808,0.29795509888971894,0.16220780473269808,0.29795509888971894,0.16220780473269808,0.29795509888971894,1.0,-0.0,0.62,focused,1,100,100,B_noise,0.15,hard,3,0.62
1492,2,1,0.19932065551774011,0.3460249648844781,0.19932065551774014,0.34602496488447815,0.19932065551774014,0.34602496488447815,1.0,-0.0,0.71,focused,1,100,100,B_noise,0.15,easy,2,0.71
1493,6,1,0.20991592081705152,0.3694022494176917,0.2099159208170515,0.3694022494176917,0.2099159208170515,0.3694022494176917,1.0,-0.0,0.82,focused,1,100,100,B_noise,0.15,neutral,6,0.82
1494,0,1,0.17779780565821557,0.33203685997255694,0.17779780565821557,0.33203685997255694,0.17779780565821557,0.33203685997255694,1.0,-0.0,0.7,focused,1,100,100,B_noise,0.15,hard,0,0.7
1495,5,1,0.23425047770652055,0.38486411400419623,0.23425047770652052,0.3848641140041963,0.23425047770652052,0.3848641140041963,1.0,-0.0,0.86,focused,1,100,100,B_noise,0.15,easy,5,0.86
1496,5,1,0.25316706781418413,0.42875102595947917,0.25316706781418413,0.42875102595947917,0.25316706781418413,0.42875102595947917,1.0,-0.0,0.81,focused,1,100,100,B_noise,0.15,neutral,5,0.81
1497,7,1,0.15550929883953094,0.3546534131720561,0.15550929883953094,0.3546534131720561,0.15550929883953094,0.3546534131720561,1.0,-0.0,0.7,focused,1,100,100,B_noise,0.15,hard,7,0.7
1498,10,1,0.4153656047070118,0.503995789188985,0.4153656047070118,0.503995789188985,0.4153656047070118,0.503995789188985,1.0,-0.0,0.86,focused,1,100,100,B_noise,0.15,easy,10,0.86
1499,9,1,0.3106548558581689,0.4286244464519701,0.3106548558581689,0.42862444645197006,0.3106548558581689,0.42862444645197006,1.0,-0.0,0.78,focused,1,100,100,B_noise,0.15,neutral,9,0.78
1500,4,1,0.15055171793098895,0.316622103666473,0.15055171793098895,0.316622103666473,0.15055171793098895,0.316622103666473,1.0,-0.0,0.64,focused,1,100,100,B_noise,0.15,hard,4,0.64
1501,2,1,0.16982235299780798,0.3531873209401891,0.16982235299780796,0.3531873209401891,0.16982235299780796,0.3531873209401891,1.0,-0.0,0.76,focused,1,100,100,B_noise,0.15,easy,2,0.76
1502,1,1,0.35695053613218664,0.4474166004910031,0.35695053613218664,0.4474166004910031,0.35695053613218664,0.4474166004910031,1.0,-0.0,0.79,focused,1,100,100,B_noise,0.15,neutral,1,0.79
1503,4,1,0.21515998677208142,0.3532737423328431,0.21515998677208142,0.3532737423328431,0.21515998677208142,0.3532737423328431,1.0,-0.0,0.72,focused,1,100,100,B_noise,0.15,hard,4,0.72
1504,6,1,0.265718780550974,0.40338013899114455,0.265718780550974,0.40338013899114455,0.265718780550974,0.40338013899114455,1.0,-0.0,0.78,focused,1,100,100,B_noise,0.15,easy,6,0.78
1505,4,1,0.23676842131473597,0.3603536091688246,0.23676842131473597,0.3603536091688246,0.23676842131473597,0.3603536091688246,1.0,-0.0,0.67,focused,1,100,100,B_noise,0.15,neutral,4,0.67
1506,7,1,0.19905885526470146,0.3506648817618942,0.19905885526470146,0.35066488176189414,0.19905885526470146,0.35066488176189414,1.0,-0.0,0.72,focused,1,100,100,B_noise,0.15,hard,7,0.72
1507,2,1,0.2422524946193167,0.41519493976918725,0.24225249461931667,0.41519493976918725,0.24225249461931667,0.41519493976918725,1.0,-0.0,0.8,focused,1,100,100,B_noise,0.15,easy,2,0.8
1508,6,1,0.2445597413812219,0.38994442518703043,0.2445597413812219,0.3899444251870305,0.2445597413812219,0.3899444251870305,1.0,-0.0,0.78,focused,1,100,100,B_noise,0.15,neutral,6,0.78
1509,0,1,0.20509438445145167,0.3401535802889179,0.20509438445145167,0.3401535802889179,0.20509438445145167,0.3401535802889179,1.0,-0.0,0.71,focused,1,100,100,B_noise,0.15,hard,0,0.71
1510,2,1,0.2029298488739832,0.35354599430946987,0.2029298488739832,0.3535459943094699,0.2029298488739832,0.3535459943094699,1.0,-0.0,0.76,focused,1,100,100,B_noise,0.15,easy,2,0.76
1511,5,1,0.2873593264367031,0.4216410883613257,0.2873593264367031,0.4216410883613257,0.2873593264367031,0.4216410883613257,1.0,-0.0,0.78,focused,1,100,100,B_noise,0.15,neutral,5,0.78
1512,4,1,0.16145793964790342,0.3163492093574666,0.16145793964790342,0.3163492093574666,0.16145793964790342,0.3163492093574666,1.0,-0.0,0.67,focused,1,100,100,B_noise,0.15,hard,4,0.67
1513,2,1,0.24987250238903133,0.38016537974672115,0.24987250238903133,0.3801653797467212,0.24987250238903133,0.3801653797467212,1.0,-0.0,0.7,focused,1,100,100,B_noise,0.15,easy,2,0.7
1514,4,1,0.1618583449367055,0.3300203180409028,0.1618583449367055,0.3300203180409028,0.1618583449367055,0.3300203180409028,1.0,-0.0,0.69,focused,1,100,100,B_noise,0.15,neutral,4,0.69
1515,0,1,0.25114700584156924,0.3650937154790134,0.25114700584156924,0.3650937154790135,0.25114700584156924,0.3650937154790135,1.0,-0.0,0.67,focused,1,100,100,B_noise,0.15,hard,0,0.67
1516,5,1,0.33501704409463756,0.4535301110588802,0.33501704409463756,0.45353011105888025,0.33501704409463756,0.45353011105888025,1.0,-0.0,0.84,focused,1,100,100,B_noise,0.15,easy,5,0.84
1517,0,1,0.28842562260944427,0.3992399853336428,0.28842562260944427,0.39923998533364286,0.28842562260944427,0.39923998533364286,1.0,-0.0,0.77,focused,1,100,100,B_noise,0.15,neutral,0,0.77
1518,0,1,0.18460124961054475,0.3286225157541983,0.18460124961054475,0.3286225157541983,0.18460124961054475,0.3286225157541983,1.0,-0.0,0.72,focused,1,100,100,B_noise,0.15,hard,0,0.72
1519,10,1,0.2689979015687815,0.4131464250400432,0.2689979015687815,0.4131464250400432,0.2689979015687815,0.4131464250400432,1.0,-0.0,0.81,focused,1,100,100,B_noise,0.15,easy,10,0.81
1520,5,1,0.41523539671766696,0.5035210314094172,0.41523539671766696,0.5035210314094172,0.41523539671766696,0.5035210314094172,1.0,-0.0,0.8566666666666667,focused,1,300,300,B_noise,0.15,easy,5,0.8566666666666667
1521,5,1,0.26383530758739693,0.3981777255615228,0.26383530758739693,0.3981777255615228,0.26383530758739693,0.3981777255615228,1.0,-0.0,0.8066666666666666,focused,1,300,300,B_noise,0.15,neutral,5,0.8066666666666666
1522,9,1,0.24080209097494495,0.39895220768894907,0.24080209097494493,0.39895220768894907,0.24080209097494493,0.39895220768894907,1.0,-0.0,0.7933333333333333,focused,1,300,300,B_noise,0.15,hard,9,0.7933333333333333
1523,10,1,0.21844421127562177,0.37096605024217494,0.21844421127562175,0.37096605024217494,0.21844421127562175,0.37096605024217494,1.0,-0.0,0.82,focused,1,300,300,B_noise,0.15,easy,10,0.82
1524,8,1,0.23064224061021046,0.3688157978561721,0.23064224061021046,0.3688157978561721,0.23064224061021046,0.3688157978561721,1.0,-0.0,0.7733333333333333,focused,1,300,300,B_noise,0.15,neutral,8,0.7733333333333333
1525,3,1,0.19735823020876683,0.3227304032172468,0.19735823020876683,0.3227304032172468,0.19735823020876683,0.3227304032172468,1.0,-0.0,0.68,focused,1,300,300,B_noise,0.15,hard,3,0.68
1526,1,1,0.29522622381021435,0.4308806319293857,0.29522622381021435,0.43088063192938575,0.29522622381021435,0.43088063192938575,1.0,-0.0,0.83,focused,1,300,300,B_noise,0.15,easy,1,0.83
1527,5,1,0.40756300179248756,0.49737773817320824,0.40756300179248756,0.4973777381732083,0.40756300179248756,0.4973777381732083,1.0,-0.0,0.82,focused,1,300,300,B_noise,0.15,neutral,5,0.82
1528,4,1,0.20196385604471556,0.33946851622427504,0.20196385604471556,0.33946851622427504,0.20196385604471556,0.33946851622427504,1.0,-0.0,0.7,focused,1,300,300,B_noise,0.15,hard,4,0.7
1529,2,1,0.23579756967433904,0.37264630336247917,0.23579756967433904,0.37264630336247917,0.23579756967433904,0.37264630336247917,1.0,-0.0,0.7466666666666667,focused,1,300,300,B_noise,0.15,easy,2,0.7466666666666667
1530,8,1,0.3551022193991445,0.4436069843598237,0.3551022193991445,0.44360698435982365,0.3551022193991445,0.44360698435982365,1.0,-0.0,0.7833333333333333,focused,1,300,300,B_noise,0.15,neutral,8,0.7833333333333333
1531,4,1,0.19950260847540488,0.33664273896178726,0.19950260847540488,0.33664273896178726,0.19950260847540488,0.33664273896178726,1.0,-0.0,0.6566666666666666,focused,1,300,300,B_noise,0.15,hard,4,0.6566666666666666
1532,6,1,0.1719281793722429,0.33096789817433525,0.1719281793722429,0.33096789817433525,0.1719281793722429,0.33096789817433525,1.0,-0.0,0.7133333333333334,focused,1,300,300,B_noise,0.15,easy,6,0.7133333333333334
1533,9,1,0.34613709483920596,0.432121960644058,0.34613709483920596,0.432121960644058,0.34613709483920596,0.432121960644058,1.0,-0.0,0.7866666666666666,focused,1,300,300,B_noise,0.15,neutral,9,0.7866666666666666
1534,9,1,0.2691424357745372,0.3812217808445742,0.2691424357745372,0.3812217808445742,0.2691424357745372,0.3812217808445742,1.0,-0.0,0.8033333333333333,focused,1,300,300,B_noise,0.15,hard,9,0.8033333333333333
1535,6,1,0.2680092499001737,0.39354520291349016,0.2680092499001737,0.39354520291349016,0.2680092499001737,0.39354520291349016,1.0,-0.0,0.7833333333333333,focused,1,300,300,B_noise,0.15,easy,6,0.7833333333333333
1536,8,1,0.2517294338904557,0.4076670846045179,0.2517294338904557,0.4076670846045179,0.2517294338904557,0.4076670846045179,1.0,-0.0,0.7966666666666666,focused,1,300,300,B_noise,0.15,neutral,8,0.7966666666666666
1537,0,1,0.16327032474916783,0.31930550774237226,0.16327032474916783,0.31930550774237226,0.16327032474916783,0.31930550774237226,1.0,-0.0,0.7466666666666667,focused,1,300,300,B_noise,0.15,hard,0,0.7466666666666667
1538,10,1,0.2990013461336434,0.4124038990009342,0.2990013461336434,0.4124038990009342,0.2990013461336434,0.4124038990009342,1.0,-0.0,0.79,focused,1,300,300,B_noise,0.15,easy,10,0.79
1539,7,1,0.21120144914382397,0.347338725333842,0.21120144914382397,0.347338725333842,0.21120144914382397,0.347338725333842,1.0,-0.0,0.74,focused,1,300,300,B_noise,0.15,neutral,7,0.74
1540,4,1,0.2682729137419855,0.376620962650008,0.2682729137419855,0.376620962650008,0.2682729137419855,0.376620962650008,1.0,-0.0,0.6633333333333333,focused,1,300,300,B_noise,0.15,hard,4,0.6633333333333333
1541,2,1,0.2739542800269914,0.3932799502963062,0.2739542800269914,0.3932799502963062,0.2739542800269914,0.3932799502963062,1.0,-0.0,0.74,focused,1,300,300,B_noise,0.15,easy,2,0.74
1542,3,1,0.1568315441876567,0.2998030586526239,0.1568315441876567,0.2998030586526239,0.1568315441876567,0.2998030586526239,1.0,-0.0,0.6566666666666666,focused,1,300,300,B_noise,0.15,neutral,3,0.6566666666666666
1543,7,1,0.20572939294837997,0.3431274082349391,0.20572939294837997,0.3431274082349391,0.20572939294837997,0.3431274082349391,1.0,-0.0,0.7333333333333333,focused,1,300,300,B_noise,0.15,hard,7,0.7333333333333333
1544,6,1,0.18669265772300345,0.3480713445056666,0.18669265772300345,0.3480713445056666,0.18669265772300345,0.3480713445056666,1.0,-0.0,0.7233333333333334,focused,1,300,300,B_noise,0.15,easy,6,0.7233333333333334
1545,9,1,0.3534258305895505,0.43563217057726905,0.3534258305895505,0.43563217057726905,0.3534258305895505,0.43563217057726905,1.0,-0.0,0.78,focused,1,300,300,B_noise,0.15,neutral,9,0.78
1546,0,1,0.2214216337646247,0.334135539127382,0.22142163376462473,0.334135539127382,0.22142163376462473,0.334135539127382,1.0,-0.0,0.67,focused,1,300,300,B_noise,0.15,hard,0,0.67
1547,6,1,0.27706022527385693,0.4040089966662426,0.27706022527385693,0.4040089966662426,0.27706022527385693,0.4040089966662426,1.0,-0.0,0.8066666666666666,focused,1,300,300,B_noise,0.15,easy,6,0.8066666666666666
1548,2,1,0.3566122304622186,0.4421406254822564,0.3566122304622186,0.44214062548225647,0.3566122304622186,0.44214062548225647,1.0,-0.0,0.7566666666666667,focused,1,300,300,B_noise,0.15,neutral,2,0.7566666666666667
1549,9,1,0.2741326155196606,0.3877359922855535,0.2741326155196606,0.3877359922855535,0.2741326155196606,0.3877359922855535,1.0,-0.0,0.7233333333333334,focused,1,300,300,B_noise,0.15,hard,9,0.7233333333333334
1550,8,1,0.19411463526439673,0.35329137818730083,0.19411463526439673,0.35329137818730083,0.19411463526439673,0.35329137818730083,1.0,-0.0,0.8166666666666667,focused,1,300,300,B_noise,0.15,easy,8,0.8166666666666667
1551,7,1,0.1903239419735601,0.3324712989764141,0.1903239419735601,0.3324712989764141,0.1903239419735601,0.3324712989764141,1.0,-0.0,0.6666666666666666,focused,1,300,300,B_noise,0.15,neutral,7,0.6666666666666666
1552,4,1,0.21470322105787945,0.3509996005224261,0.21470322105787942,0.3509996005224261,0.21470322105787942,0.3509996005224261,1.0,-0.0,0.7066666666666667,focused,1,300,300,B_noise,0.15,hard,4,0.7066666666666667
1553,1,1,0.30598775286996344,0.4144723899543481,0.30598775286996344,0.4144723899543481,0.30598775286996344,0.4144723899543481,1.0,-0.0,0.7833333333333333,focused,1,300,300,B_noise,0.15,easy,1,0.7833333333333333
1554,2,1,0.29222401610095516,0.4079072516400315,0.29222401610095516,0.4079072516400315,0.29222401610095516,0.4079072516400315,1.0,-0.0,0.7733333333333333,focused,1,300,300,B_noise,0.15,neutral,2,0.7733333333333333
1555,3,1,0.2151598376417567,0.31323851052169943,0.21515983764175667,0.31323851052169943,0.21515983764175667,0.31323851052169943,1.0,-0.0,0.58,focused,1,300,300,B_noise,0.15,hard,3,0.58
1556,8,1,0.24323198015021452,0.38301035384716037,0.24323198015021452,0.38301035384716037,0.24323198015021452,0.38301035384716037,1.0,-0.0,0.8133333333333334,focused,1,300,300,B_noise,0.15,easy,8,0.8133333333333334
1557,1,1,0.25566399593513783,0.3864759003319343,0.25566399593513783,0.3864759003319343,0.25566399593513783,0.3864759003319343,1.0,-0.0,0.7633333333333333,focused,1,300,300,B_noise,0.15,neutral,1,0.7633333333333333
1558,4,1,0.28342630700810556,0.38385887718689554,0.28342630700810556,0.38385887718689554,0.28342630700810556,0.38385887718689554,1.0,-0.0,0.7033333333333334,focused,1,300,300,B_noise,0.15,hard,4,0.7033333333333334
1559,10,1,0.18343439046170013,0.34823833629024586,0.18343439046170013,0.34823833629024586,0.18343439046170013,0.34823833629024586,1.0,-0.0,0.7833333333333333,focused,1,300,300,B_noise,0.15,easy,10,0.7833333333333333
1560,5,1,0.3706770447886082,0.4951977322242216,0.4361877026771212,0.5649900479358757,0.4361877026771212,0.5649900479358757,1.0,-0.0,0.9333333333333333,focused,2,30,30,B_noise,0.15,easy,5,0.9333333333333332
1561,0,1,0.16151816531864974,0.3298961083778477,0.17156837305531117,0.35038622765177957,0.17156837305531117,0.35038622765177957,1.0,-0.0,0.7,focused,2,30,30,B_noise,0.15,neutral,0,0.7
1562,3,1,0.18357357260837928,0.3143883658964964,0.21779641787985587,0.355749264903395,0.21779641787985587,0.355749264903395,1.0,-0.0,0.6,focused,2,30,30,B_noise,0.15,hard,3,0.6
1563,10,1,0.5123849897212139,0.5963111862607943,0.5722863140389983,0.6538112807221833,0.5722863140389983,0.6538112807221833,1.0,-0.0,0.9,focused,2,30,30,B_noise,0.15,easy,10,0.9
1564,8,1,0.264135790691096,0.39966228313836755,0.3187203720709412,0.45518604167107246,0.3187203720709412,0.45518604167107246,1.0,-0.0,0.7,focused,2,30,30,B_noise,0.15,neutral,8,0.7
1565,7,1,0.21704127074304425,0.35172885469324705,0.2568844253128418,0.40601103330581256,0.2568844253128418,0.40601103330581256,1.0,-0.0,0.7,focused,2,30,30,B_noise,0.15,hard,7,0.7
1566,5,1,0.30927887965613565,0.44824122467280264,0.3204244190566018,0.46439457544818846,0.3204244190566018,0.46439457544818846,1.0,-0.0,0.7333333333333333,focused,2,30,30,B_noise,0.15,easy,5,0.7333333333333333
1567,5,1,0.25292189602106274,0.4116748190929726,0.26665037925189206,0.43404296957273175,0.26665037925189206,0.43404296957273175,1.0,-0.0,0.7333333333333333,focused,2,30,30,B_noise,0.15,neutral,5,0.7333333333333333
1568,9,1,0.24346615284982903,0.3788861681377332,0.2739571388431658,0.42262842644246396,0.2739571388431658,0.42262842644246396,1.0,-0.0,0.7666666666666667,focused,2,30,30,B_noise,0.15,hard,9,0.7666666666666667
1569,8,1,0.3706770447886082,0.4695388528709971,0.3855059599277543,0.4880080368072084,0.3855059599277543,0.4880080368072084,1.0,-0.0,0.8,focused,2,30,30,B_noise,0.15,easy,8,0.8
1570,7,1,0.30520557601864473,0.42350090613231645,0.3241354385097902,0.4478176245336648,0.3241354385097902,0.4478176245336648,1.0,-0.0,0.7333333333333333,focused,2,30,30,B_noise,0.15,neutral,7,0.7333333333333333
1571,7,1,0.3134623794037412,0.4359108654355018,0.3240521298524329,0.4507912426013963,0.3240521298524329,0.4507912426013963,1.0,-0.0,0.7,focused,2,30,30,B_noise,0.15,hard,7,0.7
1572,10,1,0.359122703207285,0.45389886216340586,0.42237678908774146,0.512971903058316,0.42237678908774146,0.512971903058316,1.0,-0.0,0.8666666666666667,focused,2,30,30,B_noise,0.15,easy,10,0.8666666666666667
1573,6,1,0.20659238035972224,0.34250852246921015,0.22101931123564217,0.36497503889679056,0.22101931123564217,0.36497503889679056,1.0,-0.0,0.6666666666666666,focused,2,30,30,B_noise,0.15,neutral,6,0.6666666666666666
1574,0,1,0.27133881542671995,0.38261069972488027,0.2908005281943716,0.4089684354150529,0.2908005281943716,0.4089684354150529,1.0,-0.0,0.7666666666666667,focused,2,30,30,B_noise,0.15,hard,0,0.7666666666666667
1575,10,1,0.26935671282898566,0.420378476044791,0.2948416229017532,0.44876303554854236,0.2948416229017532,0.44876303554854236,1.0,-0.0,0.8333333333333334,focused,2,30,30,B_noise,0.15,easy,10,0.8333333333333334
1576,6,1,0.30278784158062844,0.4238738250425229,0.3473968586340216,0.4744907436918085,0.3473968586340216,0.4744907436918085,1.0,-0.0,0.8333333333333334,focused,2,30,30,B_noise,0.15,neutral,6,0.8333333333333334
1577,9,1,0.1906314851923283,0.3421876574527889,0.2156621894556159,0.37441909419696395,0.2156621894556159,0.37441909419696395,1.0,-0.0,0.7,focused,2,30,30,B_noise,0.15,hard,9,0.7
1578,10,1,0.300408111023424,0.4397166623531627,0.35620342988604603,0.5009542930333858,0.35620342988604603,0.5009542930333858,1.0,-0.0,0.9,focused,2,30,30,B_noise,0.15,easy,10,0.9
1579,0,1,0.21035775594994846,0.3439430342218721,0.23928708744777752,0.38127970722866567,0.23928708744777752,0.38127970722866567,1.0,-0.0,0.6666666666666666,focused,2,30,30,B_noise,0.15,neutral,0,0.6666666666666666
1580,9,1,0.35126934637758406,0.45886723544641655,0.3901439690444595,0.5030040981683648,0.3901439690444595,0.5030040981683648,1.0,-0.0,0.8,focused,2,30,30,B_noise,0.15,hard,9,0.8
1581,1,1,0.23416787665640407,0.40276134029260147,0.24652075368285836,0.4227294329722787,0.24652075368285836,0.4227294329722787,1.0,-0.0,0.6,focused,2,30,30,B_noise,0.15,easy,1,0.6
1582,7,1,0.24343797974617504,0.37740670573670193,0.26883761275104234,0.41680778641007554,0.26883761275104234,0.41680778641007554,1.0,-0.0,0.7333333333333333,focused,2,30,30,B_noise,0.15,neutral,7,0.7333333333333333
1583,4,1,0.359122703207285,0.4551645276108623,0.42237678908774146,0.5173106945044105,0.42237678908774146,0.5173106945044105,1.0,-0.0,0.8,focused,2,30,30,B_noise,0.15,hard,4,0.8
1584,8,1,0.21167806554903484,0.3797764394278566,0.2317779716449456,0.4073741563432044,0.2317779716449456,0.4073741563432044,1.0,-0.0,0.6,focused,2,30,30,B_noise,0.15,easy,8,0.6
1585,0,1,0.30520557601864473,0.4124363091388918,0.33252769655523606,0.44782787069454516,0.33252769655523606,0.44782787069454516,1.0,-0.0,0.7666666666666667,focused,2,30,30,B_noise,0.15,neutral,0,0.7666666666666667
1586,0,1,0.22581162505151403,0.3714220516520215,0.2449998969086926,0.40316169905993177,0.2449998969086926,0.40316169905993177,1.0,-0.0,0.7,focused,2,30,30,B_noise,0.15,hard,0,0.7
1587,1,1,0.359122703207285,0.45021369254987637,0.4853124251322499,0.562928524089044,0.4853124251322499,0.562928524089044,1.0,-0.0,0.8666666666666667,focused,2,30,30,B_noise,0.15,easy,1,0.8666666666666667
1588,8,1,0.3706770447886082,0.48203259595855824,0.39275346531448074,0.5051350975915535,0.39275346531448074,0.5051350975915535,1.0,-0.0,0.8333333333333334,focused,2,30,30,B_noise,0.15,neutral,8,0.8333333333333334
1589,3,1,0.2239986146641918,0.322995654927406,0.2695924432253347,0.3642842472506698,0.2695924432253347,0.3642842472506698,1.0,-0.0,0.6,focused,2,30,30,B_noise,0.15,hard,3,0.6
1590,2,1,0.16151816531864974,0.3377208173808395,0.18019244222755035,0.37549465162458706,0.18019244222755035,0.37549465162458706,1.0,-0.0,0.7666666666666667,focused,2,30,30,B_noise,0.15,easy,2,0.7666666666666667
1591,5,1,0.33113199395725723,0.4569737024910557,0.39718346255869136,0.533164187720611,0.39718346255869136,0.533164187720611,1.0,-0.0,0.9,focused,2,30,30,B_noise,0.15,neutral,5,0.9
1592,7,1,0.2747248415843698,0.40401776541152856,0.2908005281943716,0.42772814237398443,0.2908005281943716,0.42772814237398443,1.0,-0.0,0.6333333333333333,focused,2,30,30,B_noise,0.15,hard,7,0.6333333333333333
1593,5,1,0.5493877220963613,0.6307143901834807,0.6073949878213927,0.6888345611596608,0.6073949878213927,0.6888345611596608,1.0,-0.0,0.9,focused,2,30,30,B_noise,0.15,easy,5,0.9
1594,6,1,0.32842228798690054,0.4444129280733606,0.3557330741692836,0.48121958796352854,0.3557330741692836,0.48121958796352854,1.0,-0.0,0.7666666666666667,focused,2,30,30,B_noise,0.15,neutral,6,0.7666666666666667
1595,9,1,0.3004081110234241,0.4201536298433967,0.33824298638442285,0.47239834760227734,0.33824298638442285,0.47239834760227734,1.0,-0.0,0.8333333333333334,focused,2,30,30,B_noise,0.15,hard,9,0.8333333333333334
1596,5,1,0.40247106199983007,0.4797442314704302,0.4206146337101487,0.5019783402499931,0.4206146337101487,0.5019783402499931,1.0,-0.0,0.8,focused,2,30,30,B_noise,0.15,easy,5,0.8
1597,9,1,0.34330846905051887,0.4589144184381798,0.36720285328753405,0.4911179800577881,0.36720285328753405,0.4911179800577881,1.0,-0.0,0.8333333333333334,focused,2,30,30,B_noise,0.15,neutral,9,0.8333333333333334
1598,9,1,0.2560266931203813,0.38992551658416474,0.2845741948575359,0.43207751376276465,0.2845741948575359,0.43207751376276465,1.0,-0.0,0.7666666666666667,focused,2,30,30,B_noise,0.15,hard,9,0.7666666666666667
1599,8,1,0.13515942548213425,0.35410650896913887,0.14869493276528042,0.3885651840866385,0.14869493276528042,0.3885651840866385,1.0,-0.0,0.6333333333333333,focused,2,30,30,B_noise,0.15,easy,8,0.6333333333333333
1600,8,1,0.2937192340086444,0.40680530719709657,0.30674129049720134,0.42103556604092235,0.30674129049720134,0.42103556604092235,1.0,-0.0,0.84,focused,2,100,100,B_noise,0.15,easy,8,0.84
1601,7,1,0.20767602191598356,0.34616422505227235,0.21279654561557784,0.35327379943518666,0.21279654561557784,0.35327379943518666,1.0,-0.0,0.6,focused,2,100,100,B_noise,0.15,neutral,7,0.6
1602,0,1,0.27589315203388287,0.38938940807375444,0.2934017001606219,0.40900888249348605,0.2934017001606219,0.40900888249348605,1.0,-0.0,0.74,focused,2,100,100,B_noise,0.15,hard,0,0.74
1603,2,1,0.25377053337852506,0.39286860566592513,0.26724240743476796,0.41228100924553246,0.26724240743476796,0.41228100924553246,1.0,-0.0,0.78,focused,2,100,100,B_noise,0.15,easy,2,0.78
1604,10,1,0.34247817871166375,0.44667270603486375,0.34964581556530333,0.45597069836094106,0.34964581556530333,0.45597069836094106,1.0,-0.0,0.78,focused,2,100,100,B_noise,0.15,neutral,10,0.78
1605,0,1,0.29598602101147403,0.40847011852598114,0.31897857532654056,0.43951609109824913,0.31897857532654056,0.43951609109824913,1.0,-0.0,0.81,focused,2,100,100,B_noise,0.15,hard,0,0.81
1606,5,1,0.2383039405927835,0.3797537411250366,0.24616938439062502,0.3912999422079328,0.24616938439062502,0.3912999422079328,1.0,-0.0,0.77,focused,2,100,100,B_noise,0.15,easy,5,0.77
1607,7,1,0.2743431134452267,0.3794262067035025,0.28258754511242556,0.390696552645039,0.28258754511242556,0.390696552645039,1.0,-0.0,0.7,focused,2,100,100,B_noise,0.15,neutral,7,0.7
1608,7,1,0.31725403394138607,0.4175022454131634,0.33210328975192616,0.43734945190064534,0.33210328975192616,0.43734945190064534,1.0,-0.0,0.78,focused,2,100,100,B_noise,0.15,hard,7,0.78
1609,8,1,0.27094294349743525,0.40538590495191207,0.2960150848536158,0.4271447075689011,0.2960150848536158,0.4271447075689011,1.0,-0.0,0.83,focused,2,100,100,B_noise,0.15,easy,8,0.83
1610,2,1,0.26983215317147335,0.39412161578926963,0.2822254776716828,0.41160730942532453,0.2822254776716828,0.41160730942532453,1.0,-0.0,0.77,focused,2,100,100,B_noise,0.15,neutral,2,0.77
1611,0,1,0.20151784364060182,0.33752706288990786,0.213632279807801,0.35722144461269534,0.213632279807801,0.35722144461269534,1.0,-0.0,0.69,focused,2,100,100,B_noise,0.15,hard,0,0.69
1612,10,1,0.31788510284218224,0.43398220816201755,0.33939183670253037,0.4554924274798321,0.33939183670253037,0.4554924274798321,1.0,-0.0,0.82,focused,2,100,100,B_noise,0.15,easy,10,0.82
1613,3,1,0.18937261125172083,0.3117467082918468,0.19705395749281307,0.3243043799211115,0.19705395749281307,0.3243043799211115,1.0,-0.0,0.61,focused,2,100,100,B_noise,0.15,neutral,3,0.61
1614,9,1,0.217241583319308,0.35038880406747164,0.2292866033012817,0.36579119320036513,0.2292866033012817,0.36579119320036513,1.0,-0.0,0.74,focused,2,100,100,B_noise,0.15,hard,9,0.74
1615,2,1,0.2144859393752446,0.35894483175340697,0.22404597564301354,0.371692320029566,0.22404597564301354,0.371692320029566,1.0,-0.0,0.72,focused,2,100,100,B_noise,0.15,easy,2,0.72
1616,10,1,0.22234092923532536,0.3726504207116187,0.23433547878336358,0.3890717656768912,0.23433547878336358,0.3890717656768912,1.0,-0.0,0.7,focused,2,100,100,B_noise,0.15,neutral,10,0.7
1617,3,1,0.1854661895474611,0.30278108050873836,0.18822455347532277,0.3071474149279343,0.18822455347532277,0.3071474149279343,1.0,-0.0,0.65,focused,2,100,100,B_noise,0.15,hard,3,0.65
1618,1,1,0.34075305946048545,0.44024343790901044,0.3614117068586687,0.46514033139099054,0.3614117068586687,0.46514033139099054,1.0,-0.0,0.88,focused,2,100,100,B_noise,0.15,easy,1,0.88
1619,8,1,0.3582986702271302,0.45752550876608206,0.3639222535861852,0.4639420108025629,0.3639222535861852,0.4639420108025629,1.0,-0.0,0.83,focused,2,100,100,B_noise,0.15,neutral,8,0.83
1620,0,1,0.2500797384077933,0.37165002444314676,0.26908919435408174,0.3951203502283802,0.26908919435408174,0.3951203502283802,1.0,-0.0,0.74,focused,2,100,100,B_noise,0.15,hard,0,0.74
1621,6,1,0.22350115066303144,0.36226104997560693,0.23820545899755224,0.3855679437799236,0.23820545899755224,0.3855679437799236,1.0,-0.0,0.77,focused,2,100,100,B_noise,0.15,easy,6,0.77
1622,0,1,0.2542491665061854,0.3537370512040893,0.26150963020322093,0.36383309376077577,0.26150963020322093,0.36383309376077577,1.0,-0.0,0.7,focused,2,100,100,B_noise,0.15,neutral,0,0.7
1623,3,1,0.202355938141987,0.3379796852476952,0.21177331742884634,0.35357348355357554,0.21177331742884634,0.35357348355357554,1.0,-0.0,0.73,focused,2,100,100,B_noise,0.15,hard,3,0.73
1624,5,1,0.2210422198677978,0.3716117797390264,0.23068979386726887,0.38646101951183226,0.23068979386726887,0.38646101951183226,1.0,-0.0,0.74,focused,2,100,100,B_noise,0.15,easy,5,0.74
1625,7,1,0.18177945880714846,0.3432039352303581,0.19705644313735746,0.3719138685574299,0.19705644313735746,0.3719138685574299,1.0,-0.0,0.75,focused,2,100,100,B_noise,0.15,neutral,7,0.75
1626,4,1,0.26054027908579297,0.38996000783781226,0.2739765556543483,0.4043152612562234,0.2739765556543483,0.4043152612562234,1.0,-0.0,0.76,focused,2,100,100,B_noise,0.15,hard,4,0.76
1627,10,1,0.24914740249013476,0.3932642865293471,0.2671535409114479,0.42170988130190123,0.2671535409114479,0.42170988130190123,1.0,-0.0,0.78,focused,2,100,100,B_noise,0.15,easy,10,0.78
1628,3,1,0.11147615293019489,0.28857469854168427,0.11495938698189502,0.29760378017499933,0.11495938698189502,0.29760378017499933,1.0,-0.0,0.59,focused,2,100,100,B_noise,0.15,neutral,3,0.59
1629,7,1,0.2372055808873086,0.3579266317564298,0.252606160843675,0.37431039358534307,0.252606160843675,0.37431039358534307,1.0,-0.0,0.73,focused,2,100,100,B_noise,0.15,hard,7,0.73
1630,1,1,0.33965594972273006,0.4433914277390241,0.36051234844274527,0.46786097605716603,0.36051234844274527,0.46786097605716603,1.0,-0.0,0.78,focused,2,100,100,B_noise,0.15,easy,1,0.78
1631,6,1,0.2729906129939501,0.38662798518973707,0.29328427445365124,0.4086913099139743,0.29328427445365124,0.4086913099139743,1.0,-0.0,0.69,focused,2,100,100,B_noise,0.15,neutral,6,0.69
1632,4,1,0.22101245703260383,0.3784507998190801,0.23110628479297304,0.3956765749722143,0.23110628479297304,0.3956765749722143,1.0,-0.0,0.76,focused,2,100,100,B_noise,0.15,hard,4,0.76
1633,6,1,0.3064975474170078,0.4412841828171524,0.3227226636728328,0.4649930019638476,0.3227226636728328,0.4649930019638476,1.0,-0.0,0.83,focused,2,100,100,B_noise,0.15,easy,6,0.83
1634,7,1,0.2527952094216768,0.37203926564813333,0.2790653965627804,0.40205788538656534,0.2790653965627804,0.40205788538656534,1.0,-0.0,0.74,focused,2,100,100,B_noise,0.15,neutral,7,0.74
1635,9,1,0.24727613945864804,0.37925304132051696,0.27715251171150657,0.4091679538874617,0.27715251171150657,0.4091679538874617,1.0,-0.0,0.79,focused,2,100,100,B_noise,0.15,hard,9,0.79
1636,8,1,0.3100369633320665,0.42130442863815004,0.3243263527496293,0.43995164752927407,0.3243263527496293,0.43995164752927407,1.0,-0.0,0.85,focused,2,100,100,B_noise,0.15,easy,8,0.85
1637,10,1,0.2732289124643169,0.3982337030141168,0.2814258337579283,0.40958364470665487,0.2814258337579283,0.40958364470665487,1.0,-0.0,0.77,focused,2,100,100,B_noise,0.15,neutral,10,0.77
1638,9,1,0.23737439409321082,0.36584244247873093,0.24215194658942119,0.37319573603005024,0.24215194658942119,0.37319573603005024,1.0,-0.0,0.74,focused,2,100,100,B_noise,0.15,hard,9,0.74
1639,2,1,0.290837191226518,0.4032531033276762,0.2957373830710948,0.4083635274224915,0.2957373830710948,0.4083635274224915,1.0,-0.0,0.77,focused,2,100,100,B_noise,0.15,easy,2,0.77
1640,1,1,0.3323942115860555,0.4412097101042436,0.3436576093455432,0.45544320650701803,0.3436576093455432,0.45544320650701803,1.0,-0.0,0.85,focused,2,300,300,B_noise,0.15,easy,1,0.85
1641,2,1,0.34579624622968785,0.4374016471201907,0.3490508518109006,0.4410555425932279,0.3490508518109006,0.4410555425932279,1.0,-0.0,0.75,focused,2,300,300,B_noise,0.15,neutral,2,0.75
1642,0,1,0.2573835536284403,0.362646867102933,0.2675448067073258,0.37488059236958454,0.2675448067073258,0.37488059236958454,1.0,-0.0,0.72,focused,2,300,300,B_noise,0.15,hard,0,0.72
1643,5,1,0.29574718902500513,0.42595770154517715,0.3267805060336979,0.4572907240066503,0.3267805060336979,0.4572907240066503,1.0,-0.0,0.8366666666666667,focused,2,300,300,B_noise,0.15,easy,5,0.8366666666666667
1644,8,1,0.24065695145676325,0.36759554729402477,0.26776225161197353,0.392332725074834,0.26776225161197353,0.392332725074834,1.0,-0.0,0.75,focused,2,300,300,B_noise,0.15,neutral,8,0.75
1645,3,1,0.17795986663165908,0.30537852340698246,0.18268668178922642,0.31035514907185524,0.18268668178922642,0.31035514907185524,1.0,-0.0,0.6433333333333333,focused,2,300,300,B_noise,0.15,hard,3,0.6433333333333333
1646,6,1,0.28538286305712635,0.40867363350015584,0.29865291696833207,0.4241790974135632,0.29865291696833207,0.4241790974135632,1.0,-0.0,0.7766666666666666,focused,2,300,300,B_noise,0.15,easy,6,0.7766666666666666
1647,0,1,0.21950809607539165,0.3399023461519705,0.22185875306143601,0.34348264966983977,0.22185875306143601,0.34348264966983977,1.0,-0.0,0.6733333333333333,focused,2,300,300,B_noise,0.15,neutral,0,0.6733333333333333
1648,4,1,0.2272327837169089,0.3605607074633961,0.23083615234945057,0.36597155899386896,0.23083615234945057,0.36597155899386896,1.0,-0.0,0.7233333333333334,focused,2,300,300,B_noise,0.15,hard,4,0.7233333333333334
1649,5,1,0.22173015031637017,0.36688186258625544,0.22847713036794232,0.3780802681551994,0.22847713036794232,0.3780802681551994,1.0,-0.0,0.7733333333333333,focused,2,300,300,B_noise,0.15,easy,5,0.7733333333333333
1650,9,1,0.21941487119556238,0.359728365335857,0.22395269271888202,0.36675627324696763,0.22395269271888202,0.36675627324696763,1.0,-0.0,0.76,focused,2,300,300,B_noise,0.15,neutral,9,0.76
1651,4,1,0.2499910745305819,0.36346848114441943,0.25352975104367026,0.3686221962370533,0.25352975104367026,0.3686221962370533,1.0,-0.0,0.7166666666666667,focused,2,300,300,B_noise,0.15,hard,4,0.7166666666666667
1652,2,1,0.20734892524211365,0.35382016692587875,0.21626672730812221,0.366258428485097,0.21626672730812221,0.366258428485097,1.0,-0.0,0.7433333333333333,focused,2,300,300,B_noise,0.15,easy,2,0.7433333333333333
1653,4,1,0.21761618545848938,0.3434655091543484,0.22644326810161222,0.3541498530001441,0.22644326810161222,0.3541498530001441,1.0,-0.0,0.7233333333333334,focused,2,300,300,B_noise,0.15,neutral,4,0.7233333333333334
1654,3,1,0.18164741693219677,0.3068425979593411,0.1859116567315132,0.3141541411342272,0.1859116567315132,0.3141541411342272,1.0,-0.0,0.6166666666666667,focused,2,300,300,B_noise,0.15,hard,3,0.6166666666666667
1655,5,1,0.3232785794581784,0.43388527186749526,0.32528020136211167,0.43598622624869676,0.32528020136211167,0.43598622624869676,1.0,-0.0,0.7866666666666666,focused,2,300,300,B_noise,0.15,easy,5,0.7866666666666666
1656,4,1,0.19323642477036884,0.3314869637221627,0.20839540129540376,0.34862560673800874,0.20839540129540376,0.34862560673800874,1.0,-0.0,0.7233333333333334,focused,2,300,300,B_noise,0.15,neutral,4,0.7233333333333334
1657,7,1,0.21604717194421208,0.3482470133795276,0.22574006547670716,0.36104969089243005,0.22574006547670716,0.36104969089243005,1.0,-0.0,0.73,focused,2,300,300,B_noise,0.15,hard,7,0.73
1658,5,1,0.3072716316638229,0.42722055325417124,0.32006746753802684,0.4397100678895966,0.32006746753802684,0.4397100678895966,1.0,-0.0,0.8466666666666667,focused,2,300,300,B_noise,0.15,easy,5,0.8466666666666667
1659,9,1,0.3178590163468346,0.4150546694125555,0.3203213545219743,0.4178477483067292,0.3203213545219743,0.4178477483067292,1.0,-0.0,0.7533333333333333,focused,2,300,300,B_noise,0.15,neutral,9,0.7533333333333333
1660,9,1,0.20872724482067254,0.3518781868151479,0.2195042601445895,0.3685744421487641,0.2195042601445895,0.3685744421487641,1.0,-0.0,0.7633333333333333,focused,2,300,300,B_noise,0.15,hard,9,0.7633333333333333
1661,5,1,0.30193723107516257,0.4274135299185769,0.31401788551539667,0.443474849279236,0.31401788551539667,0.443474849279236,1.0,-0.0,0.8533333333333334,focused,2,300,300,B_noise,0.15,easy,5,0.8533333333333334
1662,1,1,0.2759152509243973,0.4019419280670305,0.28544126684786986,0.41365026999895077,0.28544126684786986,0.41365026999895077,1.0,-0.0,0.79,focused,2,300,300,B_noise,0.15,neutral,1,0.79
1663,7,1,0.15803961704425668,0.3349526728550687,0.1668828837941247,0.3534997027758244,0.1668828837941247,0.3534997027758244,1.0,-0.0,0.7166666666666667,focused,2,300,300,B_noise,0.15,hard,7,0.7166666666666667
1664,8,1,0.28461188707449503,0.3944603071964068,0.2976186080883674,0.4079680764934958,0.2976186080883674,0.4079680764934958,1.0,-0.0,0.82,focused,2,300,300,B_noise,0.15,easy,8,0.82
1665,3,1,0.1362399079214929,0.28509590646483257,0.13976042691037535,0.29242112145903043,0.13976042691037535,0.29242112145903043,1.0,-0.0,0.59,focused,2,300,300,B_noise,0.15,neutral,3,0.59
1666,9,1,0.2787513695872143,0.39676709607632804,0.2978066730846798,0.41414611231272014,0.2978066730846798,0.41414611231272014,1.0,-0.0,0.76,focused,2,300,300,B_noise,0.15,hard,9,0.76
1667,5,1,0.34811320887163283,0.45671417242723167,0.3633372978672454,0.4746249555673735,0.3633372978672454,0.4746249555673735,1.0,-0.0,0.8233333333333334,focused,2,300,300,B_noise,0.15,easy,5,0.8233333333333334
1668,4,1,0.17370367341287962,0.3325192536025904,0.18459230426736833,0.35334335669936334,0.18459230426736833,0.35334335669936334,1.0,-0.0,0.75,focused,2,300,300,B_noise,0.15,neutral,4,0.75
1669,3,1,0.1908439786857944,0.30913371059801,0.19619652638798302,0.3155287099825077,0.19619652638798302,0.3155287099825077,1.0,-0.0,0.6566666666666666,focused,2,300,300,B_noise,0.15,hard,3,0.6566666666666666
1670,2,1,0.27617605273258483,0.3901161649114642,0.2854647635421898,0.4016641995036445,0.2854647635421898,0.4016641995036445,1.0,-0.0,0.77,focused,2,300,300,B_noise,0.15,easy,2,0.77
1671,2,1,0.2711315013955728,0.39014109902882516,0.277448025909979,0.3972317017166216,0.277448025909979,0.3972317017166216,1.0,-0.0,0.7333333333333333,focused,2,300,300,B_noise,0.15,neutral,2,0.7333333333333333
1672,7,1,0.19579037225579504,0.3372071798478581,0.20129778482426394,0.3460433546281495,0.20129778482426394,0.3460433546281495,1.0,-0.0,0.71,focused,2,300,300,B_noise,0.15,hard,7,0.71
1673,6,1,0.25243197753838303,0.38517874575699107,0.2669883514702134,0.4003399128481908,0.2669883514702134,0.4003399128481908,1.0,-0.0,0.7633333333333333,focused,2,300,300,B_noise,0.15,easy,6,0.7633333333333333
1674,8,1,0.23182424279825872,0.36691450741127624,0.23588328475999787,0.37277072277954676,0.23588328475999787,0.37277072277954676,1.0,-0.0,0.8033333333333333,focused,2,300,300,B_noise,0.15,neutral,8,0.8033333333333333
1675,9,1,0.25724163725462,0.37307929844842114,0.26228602819655067,0.37924451828329936,0.26228602819655067,0.37924451828329936,1.0,-0.0,0.7533333333333333,focused,2,300,300,B_noise,0.15,hard,9,0.7533333333333333
1676,6,1,0.2084860445272405,0.3611787236634121,0.211135077201797,0.3654913628453294,0.211135077201797,0.3654913628453294,1.0,-0.0,0.76,focused,2,300,300,B_noise,0.15,easy,6,0.76
1677,10,1,0.290000151461218,0.42377473413958483,0.3139275403135941,0.44988503875087843,0.3139275403135941,0.44988503875087843,1.0,-0.0,0.7966666666666666,focused,2,300,300,B_noise,0.15,neutral,10,0.7966666666666666
1678,4,1,0.1603443074207085,0.32992178916475146,0.16645178366222008,0.3424721384568346,0.16645178366222008,0.3424721384568346,1.0,-0.0,0.71,focused,2,300,300,B_noise,0.15,hard,4,0.71
1679,10,1,0.2468696629224716,0.39070930550794963,0.25516661648192157,0.4009160631959395,0.25516661648192157,0.4009160631959395,1.0,-0.0,0.7533333333333333,focused,2,300,300,B_noise,0.15,easy,10,0.7533333333333333
1680,5,1,0.362216531053171,0.4801939868283665,0.4151809134393663,0.5409088683083598,0.4151809134393663,0.5409088683083598,1.0,-0.0,0.8333333333333334,focused,3,30,30,B_noise,0.15,easy,5,0.8333333333333334
1681,4,1,0.23895782977407176,0.35693418751855577,0.30357981463614814,0.43330457481019796,0.30357981463614814,0.43330457481019796,1.0,-0.0,0.7,focused,3,30,30,B_noise,0.15,neutral,4,0.7
1682,0,1,0.12464925197324923,0.2978918775738217,0.09885530988332959,0.21646777357010807,0.1617781152352431,0.35425257842671526,0.6110548991103224,0.6365141682948128,0.5,focused,3,30,30,B_noise,0.15,hard,0,0.5
1683,10,1,0.25107591735234547,0.39720361858687103,0.29234785601260754,0.4564672516862437,0.29234785601260754,0.4564672516862437,1.0,-0.0,0.8333333333333334,focused,3,30,30,B_noise,0.15,easy,10,0.8333333333333334
1684,4,1,0.2861983684437694,0.4001586256393423,0.3231275597451116,0.43987962910061823,0.3231275597451116,0.43987962910061823,1.0,-0.0,0.7333333333333333,focused,3,30,30,B_noise,0.15,neutral,4,0.7333333333333333
1685,0,1,0.21751280787822877,0.3644177667265653,0.24947568185555172,0.4175685601422322,0.24947568185555172,0.4175685601422322,1.0,-0.0,0.7,focused,3,30,30,B_noise,0.15,hard,0,0.7
1686,1,1,0.23721408426788623,0.4034534754947466,0.2844385612470837,0.4561749877418444,0.2844385612470837,0.4561749877418444,1.0,-0.0,0.7,focused,3,30,30,B_noise,0.15,easy,1,0.7
1687,7,1,0.2224648262175972,0.34371704227479344,0.26399616070982324,0.40213594743677183,0.26399616070982324,0.40213594743677183,1.0,-0.0,0.5666666666666667,focused,3,30,30,B_noise,0.15,neutral,7,0.5666666666666667
1688,4,1,0.25292189602106274,0.3836316414461041,0.30006560709885866,0.43407690208947497,0.30006560709885866,0.43407690208947497,1.0,-0.0,0.7,focused,3,30,30,B_noise,0.15,hard,4,0.7
1689,8,1,0.40247106199983007,0.49740439656504404,0.48484276074281013,0.5813638253803973,0.48484276074281013,0.5813638253803973,1.0,-0.0,0.8333333333333334,focused,3,30,30,B_noise,0.15,easy,8,0.8333333333333334
1690,8,1,0.3385320863838608,0.45024294640331686,0.403354333644279,0.5300348322949195,0.403354333644279,0.5300348322949195,1.0,-0.0,0.9333333333333333,focused,3,30,30,B_noise,0.15,neutral,8,0.9333333333333332
1691,3,1,0.1637886372373778,0.33451474920858393,0.13103991865762357,0.2480311205233492,0.21444868349540075,0.4059064429144993,0.6110548991103224,0.6365141682948128,0.5,focused,3,30,30,B_noise,0.15,hard,3,0.5
1692,1,1,0.2884720254674257,0.43552330911933623,0.3388292596059318,0.5105305141331834,0.3388292596059318,0.5105305141331834,1.0,-0.0,0.8333333333333334,focused,3,30,30,B_noise,0.15,easy,1,0.8333333333333334
1693,8,1,0.25794646674868366,0.4073183165099711,0.30822921382525587,0.47835382776276053,0.30822921382525587,0.47835382776276053,1.0,-0.0,0.7666666666666667,focused,3,30,30,B_noise,0.15,neutral,8,0.7666666666666667
1694,4,1,0.25292189602106274,0.3835474606083783,0.2872325181108016,0.4355783530753444,0.2872325181108016,0.4355783530753444,1.0,-0.0,0.7333333333333333,focused,3,30,30,B_noise,0.15,hard,4,0.7333333333333333
1695,6,1,0.2463129752759288,0.39875398365599785,0.3015995057267887,0.48120497682185376,0.3015995057267887,0.48120497682185376,1.0,-0.0,0.8333333333333334,focused,3,30,30,B_noise,0.15,easy,6,0.8333333333333334
1696,8,1,0.3706770447886082,0.48665875735459185,0.5356963219338524,0.6399953826752274,0.5356963219338524,0.6399953826752274,1.0,-0.0,0.8333333333333334,focused,3,30,30,B_noise,0.15,neutral,8,0.8333333333333334
1697,9,1,0.40247106199983007,0.4790219696766468,0.5585763021304551,0.6198669534915524,0.5585763021304551,0.6198669534915524,1.0,-0.0,0.8333333333333334,focused,3,30,30,B_noise,0.15,hard,9,0.8333333333333334
1698,1,1,0.2239986146641918,0.3769290996497212,0.26851598867472976,0.4463177704901885,0.26851598867472976,0.4463177704901885,1.0,-0.0,0.7,focused,3,30,30,B_noise,0.15,easy,1,0.7
1699,9,1,0.2787389895457153,0.43710174822636844,0.3270926219213689,0.5039642717835174,0.3270926219213689,0.5039642717835174,1.0,-0.0,0.9333333333333333,focused,3,30,30,B_noise,0.15,neutral,9,0.9333333333333332
1700,9,1,0.27681918654024035,0.41231636849973985,0.3246614583730415,0.48087024954402163,0.3246614583730415,0.48087024954402163,1.0,-0.0,0.8333333333333334,focused,3,30,30,B_noise,0.15,hard,9,0.8333333333333334
1701,5,1,0.4163843757383747,0.5327827026508913,0.5234461511359788,0.6307650529420683,0.5234461511359788,0.6307650529420683,1.0,-0.0,0.8333333333333334,focused,3,30,30,B_noise,0.15,easy,5,0.8333333333333334
1702,0,1,0.30278784158062844,0.40656583147009534,0.33953151341585674,0.45288942405465915,0.33953151341585674,0.45288942405465915,1.0,-0.0,0.8333333333333334,focused,3,30,30,B_noise,0.15,neutral,0,0.8333333333333334
1703,3,1,0.2081849917419741,0.36144757062822414,0.19633481575768888,0.2936562619844098,0.32130470771700953,0.48057263334598005,0.6110548991103224,0.6365141682948128,0.6,focused,3,30,30,B_noise,0.15,hard,3,0.6
1704,8,1,0.24343797974617504,0.38773914055485925,0.35160780644016076,0.5093454875516348,0.35160780644016076,0.5093454875516348,1.0,-0.0,0.7333333333333333,focused,3,30,30,B_noise,0.15,easy,8,0.7333333333333333
1705,3,1,0.264135790691096,0.3677693313742117,0.3231275597451116,0.4323017267779104,0.3231275597451116,0.4323017267779104,1.0,-0.0,0.7666666666666667,focused,3,30,30,B_noise,0.15,neutral,3,0.7666666666666667
1706,0,1,0.23084030264629088,0.3564382344160231,0.2659460083937543,0.4047140157265767,0.2659460083937543,0.4047140157265767,1.0,-0.0,0.7333333333333333,focused,3,30,30,B_noise,0.15,hard,0,0.7333333333333333
1707,8,1,0.3492840714808078,0.47313227065398744,0.37868899033112624,0.5077065290555319,0.37868899033112624,0.5077065290555319,1.0,-0.0,0.8,focused,3,30,30,B_noise,0.15,easy,8,0.8
1708,2,1,0.35117575894490244,0.43057608309098194,0.43643363411335945,0.5188702268146486,0.43643363411335945,0.5188702268146486,1.0,-0.0,0.8,focused,3,30,30,B_noise,0.15,neutral,2,0.8
1709,7,1,0.19896535157905537,0.3652193392181206,0.22592968018496584,0.4123554456070443,0.22592968018496584,0.4123554456070443,1.0,-0.0,0.6333333333333333,focused,3,30,30,B_noise,0.15,hard,7,0.6333333333333333
1710,2,1,0.22246482621759725,0.3691598738707619,0.26399616070982324,0.4305530091889938,0.26399616070982324,0.4305530091889938,1.0,-0.0,0.7,focused,3,30,30,B_noise,0.15,easy,2,0.7
1711,0,1,0.24989149948973194,0.3862541189440071,0.2806770348762662,0.4306430157406501,0.2806770348762662,0.4306430157406501,1.0,-0.0,0.7666666666666667,focused,3,30,30,B_noise,0.15,neutral,0,0.7666666666666667
1712,0,1,0.24343797974617504,0.3582862491103004,0.30487690549374347,0.43523242244409666,0.30487690549374347,0.43523242244409666,1.0,-0.0,0.7,focused,3,30,30,B_noise,0.15,hard,0,0.7
1713,10,1,0.30278784158062844,0.42758099238734143,0.3458713840952054,0.4886071866628716,0.3458713840952054,0.4886071866628716,1.0,-0.0,0.9,focused,3,30,30,B_noise,0.15,easy,10,0.9
1714,8,1,0.25794646674868366,0.40061408463467835,0.3191046175333045,0.47831013502635683,0.3191046175333045,0.47831013502635683,1.0,-0.0,0.7666666666666667,focused,3,30,30,B_noise,0.15,neutral,8,0.7666666666666667
1715,7,1,0.2566965014957125,0.3832929919988916,0.3228683515451445,0.4531110398643577,0.3228683515451445,0.4531110398643577,1.0,-0.0,0.7,focused,3,30,30,B_noise,0.15,hard,7,0.7
1716,10,1,0.3699923919536673,0.5066852553731683,0.4380155551057242,0.5764159135103344,0.4380155551057242,0.5764159135103344,1.0,-0.0,0.8333333333333334,focused,3,30,30,B_noise,0.15,easy,10,0.8333333333333334
1717,3,1,0.29656366600804973,0.38722434523989074,0.34822741489478126,0.44768145854006025,0.34822741489478126,0.44768145854006025,1.0,-0.0,0.7,focused,3,30,30,B_noise,0.15,neutral,3,0.7
1718,3,1,0.18716926378260612,0.31388232517529596,0.22657337066706393,0.37619107025504017,0.22657337066706393,0.37619107025504017,1.0,-0.0,0.6666666666666666,focused,3,30,30,B_noise,0.15,hard,3,0.6666666666666666
1719,1,1,0.3052055760186446,0.4295487969543533,0.36381893528831105,0.5031232025227576,0.36381893528831105,0.5031232025227576,1.0,-0.0,0.8,focused,3,30,30,B_noise,0.15,easy,1,0.8
1720,1,1,0.2304032001380744,0.36418318031116653,0.25040572151649165,0.3927575978822701,0.25040572151649165,0.3927575978822701,1.0,-0.0,0.797979797979798,focused,3,100,99,B_noise,0.15,easy,1,0.797979797979798
1721,9,1,0.2403994403228835,0.3633066515282462,0.265428748172776,0.3949116958246142,0.265428748172776,0.3949116958246142,1.0,-0.0,0.7474747474747475,focused,3,100,99,B_noise,0.15,neutral,9,0.7474747474747475
1722,4,1,0.21640106513324966,0.3491292491896466,0.23136464134875753,0.3684454845110121,0.23136464134875753,0.3684454845110121,1.0,-0.0,0.7272727272727273,focused,3,100,99,B_noise,0.15,hard,4,0.7272727272727273
1723,5,1,0.30545622619124696,0.4310173053222007,0.3406988393343479,0.4696945846538168,0.3406988393343479,0.4696945846538168,1.0,-0.0,0.8383838383838383,focused,3,100,99,B_noise,0.15,easy,5,0.8383838383838383
1724,9,1,0.2492200115571771,0.3746360024114534,0.2770070729958747,0.41235614521461156,0.2770070729958747,0.41235614521461156,1.0,-0.0,0.7474747474747475,focused,3,100,99,B_noise,0.15,neutral,9,0.7474747474747475
1725,7,1,0.21137335217629363,0.3351153374732365,0.2279170791213995,0.3566910273280293,0.2279170791213995,0.3566910273280293,1.0,-0.0,0.7474747474747475,focused,3,100,99,B_noise,0.15,hard,7,0.7474747474747475
1726,2,1,0.3543657653841933,0.44579633251862033,0.38116824947149663,0.4775984617536395,0.38116824947149663,0.4775984617536395,1.0,-0.0,0.8686868686868687,focused,3,100,99,B_noise,0.15,easy,2,0.8686868686868687
1727,4,1,0.19036145194431264,0.3383301016802666,0.20193257663350278,0.35903231529149976,0.20193257663350278,0.35903231529149976,1.0,-0.0,0.6767676767676768,focused,3,100,99,B_noise,0.15,neutral,4,0.6767676767676768
1728,7,1,0.221257561014903,0.34897538029600006,0.2391721080781012,0.374308706677111,0.2391721080781012,0.374308706677111,1.0,-0.0,0.6363636363636364,focused,3,100,99,B_noise,0.15,hard,7,0.6363636363636364
1729,1,1,0.3796817680649961,0.46101077939833424,0.40137902734421643,0.4858716736268521,0.40137902734421643,0.4858716736268521,1.0,-0.0,0.8181818181818182,focused,3,100,99,B_noise,0.15,easy,1,0.8181818181818182
1730,2,1,0.2673078553513213,0.4009200514761922,0.29465753431062186,0.4409087784461681,0.29465753431062186,0.4409087784461681,1.0,-0.0,0.8383838383838383,focused,3,100,99,B_noise,0.15,neutral,2,0.8383838383838383
1731,9,1,0.2940415613218373,0.4013140030132296,0.32255644983033566,0.4328681777511783,0.32255644983033566,0.4328681777511783,1.0,-0.0,0.797979797979798,focused,3,100,99,B_noise,0.15,hard,9,0.797979797979798
1732,2,1,0.25973312921619934,0.3793686535701588,0.27852470102195115,0.4042519053192482,0.27852470102195115,0.4042519053192482,1.0,-0.0,0.7676767676767676,focused,3,100,99,B_noise,0.15,easy,2,0.7676767676767676
1733,3,1,0.1945363569288996,0.31810952227494355,0.21074472491566276,0.3413941566263037,0.21074472491566276,0.3413941566263037,1.0,-0.0,0.5959595959595959,focused,3,100,99,B_noise,0.15,neutral,3,0.5959595959595959
1734,4,1,0.19258069123095262,0.3315353412941978,0.21782246056324558,0.3669799463571917,0.21782246056324558,0.3669799463571917,1.0,-0.0,0.6464646464646465,focused,3,100,99,B_noise,0.15,hard,4,0.6464646464646465
1735,8,1,0.31425958645891716,0.4214707117022802,0.33577164057185244,0.4501167151662889,0.33577164057185244,0.4501167151662889,1.0,-0.0,0.7777777777777778,focused,3,100,99,B_noise,0.15,easy,8,0.7777777777777778
1736,9,1,0.26265709860834796,0.390618247665584,0.2860447791567337,0.42280772049777515,0.2860447791567337,0.42280772049777515,1.0,-0.0,0.8282828282828283,focused,3,100,99,B_noise,0.15,neutral,9,0.8282828282828283
1737,0,1,0.20633991808884264,0.3309435428101224,0.22417580368149678,0.3543967417597902,0.22417580368149678,0.3543967417597902,1.0,-0.0,0.6464646464646465,focused,3,100,99,B_noise,0.15,hard,0,0.6464646464646465
1738,5,1,0.31330481876623245,0.43346174592478653,0.3618723124742397,0.48663901827231587,0.3618723124742397,0.48663901827231587,1.0,-0.0,0.8282828282828283,focused,3,100,99,B_noise,0.15,easy,5,0.8282828282828283
1739,0,1,0.22902619690777082,0.33900224308337223,0.25611688852915354,0.37477396305516086,0.25611688852915354,0.37477396305516086,1.0,-0.0,0.7474747474747475,focused,3,100,99,B_noise,0.15,neutral,0,0.7474747474747475
1740,0,1,0.22428668467259022,0.35274200646062354,0.25166152409797365,0.39295703281011674,0.25166152409797365,0.39295703281011674,1.0,-0.0,0.8181818181818182,focused,3,100,99,B_noise,0.15,hard,0,0.8181818181818182
1741,5,1,0.22078181269803196,0.3675117454927405,0.23574347196350717,0.3900380882097351,0.23574347196350717,0.3900380882097351,1.0,-0.0,0.7676767676767676,focused,3,100,99,B_noise,0.15,easy,5,0.7676767676767676
1742,7,1,0.19800343165611325,0.33669885220374823,0.21097821910020612,0.35601506698744434,0.21097821910020612,0.35601506698744434,1.0,-0.0,0.6868686868686869,focused,3,100,99,B_noise,0.15,neutral,7,0.6868686868686869
1743,4,1,0.2610596395517152,0.36193304414710487,0.27923709396947205,0.3845535346081232,0.27923709396947205,0.3845535346081232,1.0,-0.0,0.7171717171717171,focused,3,100,99,B_noise,0.15,hard,4,0.7171717171717171
1744,5,1,0.3547698019039069,0.4750530433616917,0.41882183069914103,0.5475051529730759,0.41882183069914103,0.5475051529730759,1.0,-0.0,0.8686868686868687,focused,3,100,99,B_noise,0.15,easy,5,0.8686868686868687
1745,8,1,0.25189601963286473,0.38473459638022184,0.2813207840401472,0.4258965009009933,0.2813207840401472,0.4258965009009933,1.0,-0.0,0.797979797979798,focused,3,100,99,B_noise,0.15,neutral,8,0.797979797979798
1746,3,1,0.1714011015226056,0.2944069967971689,0.1873466827771781,0.3145361011377277,0.1873466827771781,0.3145361011377277,1.0,-0.0,0.6262626262626263,focused,3,100,99,B_noise,0.15,hard,3,0.6262626262626263
1747,6,1,0.19248526581435094,0.3551269049913699,0.20997337397317037,0.38171854857496906,0.20997337397317037,0.38171854857496906,1.0,-0.0,0.7171717171717171,focused,3,100,99,B_noise,0.15,easy,6,0.7171717171717171
1748,8,1,0.308596482805294,0.41814746838269584,0.33065697854979015,0.44720073013348716,0.33065697854979015,0.44720073013348716,1.0,-0.0,0.7878787878787878,focused,3,100,99,B_noise,0.15,neutral,8,0.7878787878787878
1749,0,1,0.20300278461441293,0.33235641332568744,0.222064825330545,0.3629382425695656,0.222064825330545,0.3629382425695656,1.0,-0.0,0.7373737373737373,focused,3,100,99,B_noise,0.15,hard,0,0.7373737373737373
1750,1,1,0.40102414253856805,0.48849452291533635,0.43068359237007586,0.5230304471866194,0.43068359237007586,0.5230304471866194,1.0,-0.0,0.8585858585858586,focused,3,100,99,B_noise,0.15,easy,1,0.8585858585858586
1751,8,1,0.24278335385927763,0.37494800601031264,0.264023335387096,0.4056573041206337,0.264023335387096,0.4056573041206337,1.0,-0.0,0.7272727272727273,focused,3,100,99,B_noise,0.15,neutral,8,0.7272727272727273
1752,7,1,0.24706672933267423,0.36454565153982155,0.2689818530422818,0.3898929565709655,0.2689818530422818,0.3898929565709655,1.0,-0.0,0.7070707070707071,focused,3,100,99,B_noise,0.15,hard,7,0.7070707070707071
1753,10,1,0.26437313854199856,0.40113540583289153,0.27984224052848405,0.42350591527312514,0.27984224052848405,0.42350591527312514,1.0,-0.0,0.7575757575757576,focused,3,100,99,B_noise,0.15,easy,10,0.7575757575757576
1754,7,1,0.205969988725763,0.3513829601954468,0.21974616777639333,0.373280611457392,0.21974616777639333,0.373280611457392,1.0,-0.0,0.7272727272727273,focused,3,100,99,B_noise,0.15,neutral,7,0.7272727272727273
1755,7,1,0.21414273530501268,0.3488901216872491,0.23662773704199805,0.37498193420907266,0.23662773704199805,0.37498193420907266,1.0,-0.0,0.6767676767676768,focused,3,100,99,B_noise,0.15,hard,7,0.6767676767676768
1756,5,1,0.46156501151410856,0.540910045082626,0.5049734314736074,0.5875787901694712,0.5049734314736074,0.5875787901694712,1.0,-0.0,0.8686868686868687,focused,3,100,99,B_noise,0.15,easy,5,0.8686868686868687
1757,5,1,0.3213038633982162,0.4398932377065241,0.3877046642319116,0.503607276852836,0.3877046642319116,0.503607276852836,1.0,-0.0,0.8484848484848485,focused,3,100,99,B_noise,0.15,neutral,5,0.8484848484848485
1758,3,1,0.197960446397831,0.3139287193341131,0.22486868396669732,0.35455099697728487,0.22486868396669732,0.35455099697728487,1.0,-0.0,0.7171717171717171,focused,3,100,99,B_noise,0.15,hard,3,0.7171717171717171
1759,10,1,0.27731547973837517,0.4108364876548174,0.34413661186193667,0.4817809046775629,0.34413661186193667,0.4817809046775629,1.0,-0.0,0.7676767676767676,focused,3,100,99,B_noise,0.15,easy,10,0.7676767676767676
1760,10,1,0.2302761579334809,0.3655441760821944,0.23815708447248188,0.3779612967524866,0.23815708447248188,0.3779612967524866,1.0,-0.0,0.7866666666666666,focused,3,300,300,B_noise,0.15,easy,10,0.7866666666666666
1761,7,1,0.25838115494545005,0.3632902261290247,0.26281477881586335,0.369395276391779,0.26281477881586335,0.369395276391779,1.0,-0.0,0.6666666666666666,focused,3,300,300,B_noise,0.15,neutral,7,0.6666666666666666
1762,0,1,0.17225655863185982,0.31703314211911254,0.17893642240040047,0.3281725238223292,0.17893642240040047,0.3281725238223292,1.0,-0.0,0.7066666666666667,focused,3,300,300,B_noise,0.15,hard,0,0.7066666666666667
1763,6,1,0.2314066186554337,0.3648662733780873,0.24464038855925774,0.38386617859434596,0.24464038855925774,0.38386617859434596,1.0,-0.0,0.7766666666666666,focused,3,300,300,B_noise,0.15,easy,6,0.7766666666666666
1764,6,1,0.2494844348058395,0.3851509982749535,0.25716420662575606,0.39657063730695763,0.25716420662575606,0.39657063730695763,1.0,-0.0,0.7733333333333333,focused,3,300,300,B_noise,0.15,neutral,6,0.7733333333333333
1765,7,1,0.25223355050602597,0.37074419899997685,0.2614807248467169,0.38375484972672536,0.2614807248467169,0.38375484972672536,1.0,-0.0,0.7,focused,3,300,300,B_noise,0.15,hard,7,0.7
1766,5,1,0.3157585014017522,0.43557649230214374,0.36053469701639207,0.47754718010531233,0.36053469701639207,0.47754718010531233,1.0,-0.0,0.83,focused,3,300,300,B_noise,0.15,easy,5,0.83
1767,6,1,0.22597817885631755,0.3651282437858603,0.23579388537324864,0.37868278176561526,0.23579388537324864,0.37868278176561526,1.0,-0.0,0.76,focused,3,300,300,B_noise,0.15,neutral,6,0.76
1768,9,1,0.20590333237586542,0.3465727560775566,0.2161076312996148,0.36246348801890604,0.2161076312996148,0.36246348801890604,1.0,-0.0,0.77,focused,3,300,300,B_noise,0.15,hard,9,0.77
1769,6,1,0.286703010165921,0.41580088091842393,0.30488755544112733,0.441261964979138,0.30488755544112733,0.441261964979138,1.0,-0.0,0.79,focused,3,300,300,B_noise,0.15,easy,6,0.79
1770,8,1,0.21934944119565042,0.3595125546225677,0.23521685057731445,0.38373040668019476,0.23521685057731445,0.38373040668019476,1.0,-0.0,0.7866666666666666,focused,3,300,300,B_noise,0.15,neutral,8,0.7866666666666666
1771,3,1,0.16810318565590487,0.304312080109487,0.1738673164219453,0.31394512628197335,0.1738673164219453,0.31394512628197335,1.0,-0.0,0.66,focused,3,300,300,B_noise,0.15,hard,3,0.66
1772,2,1,0.2987621593801063,0.40761778421431666,0.30867007146199865,0.4190824360104857,0.30867007146199865,0.4190824360104857,1.0,-0.0,0.7866666666666666,focused,3,300,300,B_noise,0.15,easy,2,0.7866666666666666
1773,0,1,0.23753795547701217,0.35632468193144806,0.24813277257693234,0.3706118092340626,0.24813277257693234,0.3706118092340626,1.0,-0.0,0.71,focused,3,300,300,B_noise,0.15,neutral,0,0.71
1774,3,1,0.19811770937434367,0.3120690296491138,0.20499194445653135,0.32083951789847315,0.20499194445653135,0.32083951789847315,1.0,-0.0,0.6566666666666666,focused,3,300,300,B_noise,0.15,hard,3,0.6566666666666666
1775,5,1,0.3201825458482302,0.4305823477602168,0.35153014415653105,0.46215427200081566,0.35153014415653105,0.46215427200081566,1.0,-0.0,0.8233333333333334,focused,3,300,300,B_noise,0.15,easy,5,0.8233333333333334
1776,6,1,0.23090259092020907,0.36612715759348113,0.24153475007666156,0.3823985508143467,0.24153475007666156,0.3823985508143467,1.0,-0.0,0.7933333333333333,focused,3,300,300,B_noise,0.15,neutral,6,0.7933333333333333
1777,3,1,0.13675235945423408,0.29428352219238696,0.14619636094291508,0.31430373054192734,0.14619636094291508,0.31430373054192734,1.0,-0.0,0.65,focused,3,300,300,B_noise,0.15,hard,3,0.65
1778,10,1,0.28500989053165177,0.4090162744238196,0.29443484529874964,0.42241757884664505,0.29443484529874964,0.42241757884664505,1.0,-0.0,0.82,focused,3,300,300,B_noise,0.15,easy,10,0.82
1779,8,1,0.2656526804727509,0.38819751167204153,0.2765632335749266,0.4016271800900222,0.2765632335749266,0.4016271800900222,1.0,-0.0,0.82,focused,3,300,300,B_noise,0.15,neutral,8,0.82
1780,4,1,0.22197135756784364,0.3521577680759958,0.2301924210735817,0.3648850683925443,0.2301924210735817,0.3648850683925443,1.0,-0.0,0.7233333333333334,focused,3,300,300,B_noise,0.15,hard,4,0.7233333333333334
1781,8,1,0.2618330643388949,0.3884221009399929,0.2728008681494476,0.4036222628901821,0.2728008681494476,0.4036222628901821,1.0,-0.0,0.8033333333333333,focused,3,300,300,B_noise,0.15,easy,8,0.8033333333333333
1782,10,1,0.3002562429741519,0.4226441994367273,0.3102144154810604,0.43623389579847166,0.3102144154810604,0.43623389579847166,1.0,-0.0,0.8266666666666667,focused,3,300,300,B_noise,0.15,neutral,10,0.8266666666666667
1783,3,1,0.17276816939217463,0.29235426780056545,0.17691667877753767,0.2984955235721664,0.17691667877753767,0.2984955235721664,1.0,-0.0,0.59,focused,3,300,300,B_noise,0.15,hard,3,0.59
1784,2,1,0.27624152673623753,0.39510850852896084,0.2948088968569727,0.4171842600415424,0.2948088968569727,0.4171842600415424,1.0,-0.0,0.7733333333333333,focused,3,300,300,B_noise,0.15,easy,2,0.7733333333333333
1785,3,1,0.1753540661763271,0.3010939033874495,0.181933759433337,0.31135957029276295,0.181933759433337,0.31135957029276295,1.0,-0.0,0.62,focused,3,300,300,B_noise,0.15,neutral,3,0.62
1786,7,1,0.2568053498934889,0.3658292678784306,0.2660222369827899,0.3755350545972099,0.2660222369827899,0.3755350545972099,1.0,-0.0,0.7166666666666667,focused,3,300,300,B_noise,0.15,hard,7,0.7166666666666667
1787,2,1,0.20932177510721772,0.3512859023695289,0.22415977519372868,0.37368128106147885,0.22415977519372868,0.37368128106147885,1.0,-0.0,0.7833333333333333,focused,3,300,300,B_noise,0.15,easy,2,0.7833333333333333
1788,8,1,0.2746583646812213,0.3946511086451208,0.28993873866035613,0.4106434545037978,0.28993873866035613,0.4106434545037978,1.0,-0.0,0.7833333333333333,focused,3,300,300,B_noise,0.15,neutral,8,0.7833333333333333
1789,9,1,0.22112920535848224,0.36195477620898325,0.23795798303214,0.3880535540238844,0.23795798303214,0.3880535540238844,1.0,-0.0,0.79,focused,3,300,300,B_noise,0.15,hard,9,0.79
1790,8,1,0.30404864562076006,0.40823839628709213,0.3132521137803214,0.42003092190341124,0.3132521137803214,0.42003092190341124,1.0,-0.0,0.7933333333333333,focused,3,300,300,B_noise,0.15,easy,8,0.7933333333333333
1791,4,1,0.22067887340353093,0.347966490031664,0.23330717805744114,0.36657897488512786,0.23330717805744114,0.36657897488512786,1.0,-0.0,0.7266666666666667,focused,3,300,300,B_noise,0.15,neutral,4,0.7266666666666667
1792,4,1,0.2097186974228615,0.3437135103863552,0.2202162890850117,0.35859903015891065,0.2202162890850117,0.35859903015891065,1.0,-0.0,0.73,focused,3,300,300,B_noise,0.15,hard,4,0.73
1793,8,1,0.2793282640719496,0.3925434502349871,0.3002937532835532,0.41458912690580924,0.3002937532835532,0.41458912690580924,1.0,-0.0,0.7933333333333333,focused,3,300,300,B_noise,0.15,easy,8,0.7933333333333333
1794,5,1,0.3032456891447214,0.4271410228104071,0.3108013715499108,0.4368516746067862,0.3108013715499108,0.4368516746067862,1.0,-0.0,0.7966666666666666,focused,3,300,300,B_noise,0.15,neutral,5,0.7966666666666666
1795,3,1,0.18489045536662588,0.29956697908505703,0.19277832053495225,0.30791176235971934,0.19277832053495225,0.30791176235971934,1.0,-0.0,0.65,focused,3,300,300,B_noise,0.15,hard,3,0.65
1796,2,1,0.22949385170620176,0.3631178539997977,0.24021131302516618,0.378968043834043,0.24021131302516618,0.378968043834043,1.0,-0.0,0.7433333333333333,focused,3,300,300,B_noise,0.15,easy,2,0.7433333333333333
1797,9,1,0.2706820348245577,0.38430240579130304,0.2855009592885892,0.4018336197446193,0.2855009592885892,0.4018336197446193,1.0,-0.0,0.7866666666666666,focused,3,300,300,B_noise,0.15,neutral,9,0.7866666666666666
1798,4,1,0.26435080833237223,0.3768646938256171,0.27136639415118613,0.3855083331655718,0.27136639415118613,0.3855083331655718,1.0,-0.0,0.73,focused,3,300,300,B_noise,0.15,hard,4,0.73
1799,6,1,0.2827924910018408,0.39937946895668147,0.2966871827555481,0.41349606139609424,0.2966871827555481,0.41349606139609424,1.0,-0.0,0.75,focused,3,300,300,B_noise,0.15,easy,6,0.75
1800,1,1,0.4229933518777983,0.5113930874104209,0.5974622834796466,0.6522845811917046,0.5974622834796466,0.6522845811917046,1.0,-0.0,0.9,focused,5,30,30,B_noise,0.15,easy,1,0.9
1801,1,1,0.264135790691096,0.3907410564923131,0.3402508448519416,0.5002664749045709,0.3402508448519416,0.5002664749045709,1.0,-0.0,0.7333333333333333,focused,5,30,30,B_noise,0.15,neutral,1,0.7333333333333333
1802,7,1,0.3134623794037412,0.4428163473015901,0.37879741046135684,0.5277981103236556,0.37879741046135684,0.5277981103236556,1.0,-0.0,0.9,focused,5,30,30,B_noise,0.15,hard,7,0.9
1803,8,1,0.282525500956931,0.41894372273050623,0.3671993455176033,0.53427786416898,0.3671993455176033,0.53427786416898,1.0,-0.0,0.8666666666666667,focused,5,30,30,B_noise,0.15,easy,8,0.8666666666666667
1804,6,1,0.15370797192111488,0.3313624827711396,0.12022550783902028,0.24814909070439706,0.20113867728679374,0.4151563239061945,0.5977244628470766,0.6730116670092565,0.6,focused,5,30,30,B_noise,0.15,neutral,6,0.6
1805,3,1,0.20108266653236148,0.33932173502698487,0.17537530291026684,0.2707170002899032,0.2631335295153082,0.4061844433279591,0.6664878597315517,0.5004024235381879,0.7,focused,5,30,30,B_noise,0.15,hard,3,0.7
1806,10,1,0.3118018178241224,0.45034759590968426,0.37879741046135684,0.5365930417660771,0.37879741046135684,0.5365930417660771,1.0,-0.0,0.8333333333333334,focused,5,30,30,B_noise,0.15,easy,10,0.8333333333333334
1807,3,1,0.22399861466419174,0.3479040377455738,0.3167170132134718,0.4633991896299501,0.3167170132134718,0.4633991896299501,1.0,-0.0,0.8,focused,5,30,30,B_noise,0.15,neutral,3,0.8
1808,0,1,0.24989149948973194,0.3797418662243676,0.3084933681843972,0.4633576842492105,0.3084933681843972,0.4633576842492105,1.0,-0.0,0.8333333333333334,focused,5,30,30,B_noise,0.15,hard,0,0.8333333333333334
1809,6,1,0.21850093982051885,0.3640771296671464,0.2148871697569601,0.33532657644451674,0.32241723029060493,0.5031248079741164,0.6664878597315517,0.5004024235381879,0.7,focused,5,30,30,B_noise,0.15,easy,6,0.7
1810,2,1,0.2747248415843698,0.4057868064338475,0.3519971460206654,0.5065828626095276,0.3519971460206654,0.5065828626095276,1.0,-0.0,0.7333333333333333,focused,5,30,30,B_noise,0.15,neutral,2,0.7333333333333333
1811,9,1,0.21704127074304425,0.36016757901657753,0.2983966171392824,0.4748878373883257,0.2983966171392824,0.4748878373883257,1.0,-0.0,0.7666666666666667,focused,5,30,30,B_noise,0.15,hard,9,0.7666666666666667
1812,10,1,0.282525500956931,0.4124508389899458,0.24511895154928973,0.34655693393131537,0.367777068959694,0.5199748635645093,0.6664878597315517,0.5004024235381879,0.7666666666666667,focused,5,30,30,B_noise,0.15,easy,10,0.7666666666666667
1813,7,1,0.2942803975541933,0.4086184194946049,0.3736749168263144,0.5076525206138899,0.3736749168263144,0.5076525206138899,1.0,-0.0,0.8,focused,5,30,30,B_noise,0.15,neutral,7,0.8
1814,3,1,0.16599761324718246,0.3055513461792817,0.240177421318929,0.40037695272725354,0.240177421318929,0.40037695272725354,1.0,-0.0,0.6333333333333333,focused,5,30,30,B_noise,0.15,hard,3,0.6333333333333333
1815,8,1,0.3385320863838608,0.46482621727324847,0.4855600775613708,0.613710338650956,0.4855600775613708,0.613710338650956,1.0,-0.0,0.8,focused,5,30,30,B_noise,0.15,easy,8,0.8
1816,0,1,0.16599761324718246,0.3165373313301973,0.2203557113461009,0.41010654253322265,0.2203557113461009,0.41010654253322265,1.0,-0.0,0.5666666666666667,focused,5,30,30,B_noise,0.15,neutral,0,0.5666666666666667
1817,7,1,0.30278784158062844,0.41977923702094777,0.4538026008938264,0.5718519788129176,0.4538026008938264,0.5718519788129176,1.0,-0.0,0.8666666666666667,focused,5,30,30,B_noise,0.15,hard,7,0.8666666666666667
1818,2,1,0.40619021441460035,0.4859506771681975,0.5509069076114774,0.6325812961317887,0.5509069076114774,0.6325812961317887,1.0,-0.0,0.8333333333333334,focused,5,30,30,B_noise,0.15,easy,2,0.8333333333333334
1819,1,1,0.3277027389208802,0.467243587689419,0.4149257307532945,0.576453806258482,0.4149257307532945,0.576453806258482,1.0,-0.0,0.8666666666666667,focused,5,30,30,B_noise,0.15,neutral,1,0.8666666666666667
1820,3,1,0.20295943374373615,0.32176288843137324,0.25489283930301426,0.40061770388743906,0.25489283930301426,0.40061770388743906,1.0,-0.0,0.7,focused,5,30,30,B_noise,0.15,hard,3,0.7
1821,5,1,0.3118018178241224,0.4591559038785712,0.4464441885327153,0.610731702317391,0.4464441885327153,0.610731702317391,1.0,-0.0,0.9333333333333333,focused,5,30,30,B_noise,0.15,easy,5,0.9333333333333332
1822,4,1,0.23534705252079383,0.3987757713350745,0.21232508628921476,0.31589889565514573,0.3185730740462927,0.47397546863401785,0.6664878597315517,0.5004024235381879,0.7,focused,5,30,30,B_noise,0.15,neutral,4,0.7
1823,7,1,0.2665380154491925,0.4257324715357876,0.3685030286267548,0.5469325165490659,0.3685030286267548,0.5469325165490659,1.0,-0.0,0.7666666666666667,focused,5,30,30,B_noise,0.15,hard,7,0.7666666666666667
1824,6,1,0.359122703207285,0.4747821129424725,0.3253851693036652,0.4126696547422756,0.4882086966066029,0.6191705500959777,0.6664878597315517,0.5004024235381879,0.8,focused,5,30,30,B_noise,0.15,easy,6,0.8
1825,0,1,0.2733816603368727,0.38870095791361514,0.35769736309779854,0.49494884268388595,0.35769736309779854,0.49494884268388595,1.0,-0.0,0.7666666666666667,focused,5,30,30,B_noise,0.15,neutral,0,0.7666666666666667
1826,3,1,0.2547952200180608,0.3629685758321037,0.33839478401912076,0.4603491664100539,0.33839478401912076,0.4603491664100539,1.0,-0.0,0.8,focused,5,30,30,B_noise,0.15,hard,3,0.8
1827,5,1,0.4529152957423036,0.558624171514234,0.6343422537822334,0.7423167603572681,0.6343422537822334,0.7423167603572681,1.0,-0.0,1.0,focused,5,30,30,B_noise,0.15,easy,5,1.0
1828,9,1,0.2803442611279192,0.4125853396691176,0.26359656426325895,0.35431416485162087,0.3955009238569335,0.531613831637281,0.6664878597315517,0.5004024235381879,0.7,focused,5,30,30,B_noise,0.15,neutral,9,0.7
1829,4,1,0.15263871071659696,0.3270875368359818,0.15691565369129562,0.2887112130955326,0.23543662708949895,0.43318300383118735,0.6664878597315517,0.5004024235381879,0.5666666666666667,focused,5,30,30,B_noise,0.15,hard,4,0.5666666666666667
1830,10,1,0.3118018178241224,0.44199676419151235,0.27411369132962093,0.37090209696395776,0.41128084679596205,0.5565024051801182,0.6664878597315517,0.5004024235381879,0.8,focused,5,30,30,B_noise,0.15,easy,10,0.8
1831,2,1,0.34330846905051887,0.4699234359587006,0.4906825711964133,0.6238753318949093,0.4906825711964133,0.6238753318949093,1.0,-0.0,0.8333333333333334,focused,5,30,30,B_noise,0.15,neutral,2,0.8333333333333334
1832,9,1,0.27133881542671995,0.4031141148412261,0.36207685188256084,0.5241714408686303,0.36207685188256084,0.5241714408686303,1.0,-0.0,0.7666666666666667,focused,5,30,30,B_noise,0.15,hard,9,0.7666666666666667
1833,5,1,0.40247106199983007,0.5136311919451185,0.487482736939542,0.6133397097364823,0.487482736939542,0.6133397097364823,1.0,-0.0,0.8,focused,5,30,30,B_noise,0.15,easy,5,0.8
1834,1,1,0.2352690714449147,0.3832942042421182,0.303519110774325,0.4687297982050832,0.303519110774325,0.4687297982050832,1.0,-0.0,0.7,focused,5,30,30,B_noise,0.15,neutral,1,0.7
1835,9,1,0.34330846905051887,0.43874689288102525,0.4272584005244779,0.528232013747752,0.4272584005244779,0.528232013747752,1.0,-0.0,0.7666666666666667,focused,5,30,30,B_noise,0.15,hard,9,0.7666666666666667
1836,6,1,0.2803442611279192,0.3983303781537286,0.28949020220840843,0.3811385741757253,0.43435180098405607,0.5718612403971476,0.6664878597315517,0.5004024235381879,0.8333333333333334,focused,5,30,30,B_noise,0.15,easy,6,0.8333333333333334
1837,7,1,0.20799765253379737,0.3551372469530127,0.1614747998256716,0.24598029792918302,0.3149195449285912,0.4797281282830995,0.5127493749626953,0.9502705392332347,0.7,focused,5,30,30,B_noise,0.15,neutral,7,0.7
1838,4,1,0.20942217338193095,0.33707121836787596,0.18089531370675976,0.28378200650257496,0.2714157670923231,0.42578721031299327,0.6664878597315517,0.5004024235381879,0.6,focused,5,30,30,B_noise,0.15,hard,4,0.6
1839,2,1,0.44136847268590484,0.5325760322864341,0.5826643842790219,0.6795929941453808,0.5826643842790219,0.6795929941453808,1.0,-0.0,0.8666666666666667,focused,5,30,30,B_noise,0.15,easy,2,0.8666666666666667
1840,6,1,0.24954808451828772,0.3822682431636147,0.31438037636189503,0.4617753464044687,0.31438037636189503,0.4617753464044687,1.0,-0.0,0.81,focused,5,100,100,B_noise,0.15,easy,6,0.81
1841,4,1,0.23506136685853307,0.3577211361682185,0.26327343841412476,0.3983304357773565,0.26327343841412476,0.3983304357773565,1.0,-0.0,0.79,focused,5,100,100,B_noise,0.15,neutral,4,0.79
1842,3,1,0.19517475964923822,0.3216723395062167,0.22018228408222076,0.3616711058267553,0.22018228408222076,0.3616711058267553,1.0,-0.0,0.61,focused,5,100,100,B_noise,0.15,hard,3,0.61
1843,2,1,0.2731678035727493,0.39496483149904377,0.3239966195532185,0.4569680736916268,0.3239966195532185,0.4569680736916268,1.0,-0.0,0.78,focused,5,100,100,B_noise,0.15,easy,2,0.78
1844,4,1,0.18317368788379612,0.33644309007998835,0.2215608511147041,0.38403796628100556,0.2215608511147041,0.38403796628100556,1.0,-0.0,0.7,focused,5,100,100,B_noise,0.15,neutral,4,0.7
1845,0,1,0.2444108994940435,0.3688381337077475,0.2863414460845238,0.42414145984529017,0.2863414460845238,0.42414145984529017,1.0,-0.0,0.74,focused,5,100,100,B_noise,0.15,hard,0,0.74
1846,6,1,0.22086742005442497,0.358703210411467,0.26166165887920007,0.418512490450551,0.26166165887920007,0.418512490450551,1.0,-0.0,0.78,focused,5,100,100,B_noise,0.15,easy,6,0.78
1847,9,1,0.2756140999681586,0.3916345879664843,0.32466816488269984,0.4461010675091508,0.32466816488269984,0.4461010675091508,1.0,-0.0,0.69,focused,5,100,100,B_noise,0.15,neutral,9,0.69
1848,7,1,0.19345161146907638,0.3434239071932897,0.21920532031345238,0.3863061441574163,0.21920532031345238,0.3863061441574163,1.0,-0.0,0.71,focused,5,100,100,B_noise,0.15,hard,7,0.71
1849,1,1,0.24617988122374415,0.38243261716265037,0.2939723828652205,0.4512070731138754,0.2939723828652205,0.4512070731138754,1.0,-0.0,0.77,focused,5,100,100,B_noise,0.15,easy,1,0.77
1850,8,1,0.228215883939614,0.3576684910190043,0.274658108611631,0.4119037295247658,0.274658108611631,0.4119037295247658,1.0,-0.0,0.76,focused,5,100,100,B_noise,0.15,neutral,8,0.76
1851,7,1,0.24378636228849815,0.3706410072648308,0.2918742687783592,0.43842560952686044,0.2918742687783592,0.43842560952686044,1.0,-0.0,0.8,focused,5,100,100,B_noise,0.15,hard,7,0.8
1852,6,1,0.2505431228806016,0.3913185509473886,0.2918005535812672,0.4473742973060827,0.2918005535812672,0.4473742973060827,1.0,-0.0,0.78,focused,5,100,100,B_noise,0.15,easy,6,0.78
1853,7,1,0.20668475221252264,0.3420348627440245,0.24008701780363167,0.3878233065078876,0.24008701780363167,0.3878233065078876,1.0,-0.0,0.73,focused,5,100,100,B_noise,0.15,neutral,7,0.73
1854,3,1,0.18542699624988007,0.3057774301263841,0.2068149130037315,0.339456280160408,0.2068149130037315,0.339456280160408,1.0,-0.0,0.67,focused,5,100,100,B_noise,0.15,hard,3,0.67
1855,10,1,0.2581920314681059,0.3989995296420498,0.2982802533664453,0.4589753556659149,0.2982802533664453,0.4589753556659149,1.0,-0.0,0.79,focused,5,100,100,B_noise,0.15,easy,10,0.79
1856,2,1,0.3464321450329605,0.4532077631625961,0.3893390335418735,0.5047595552484418,0.3893390335418735,0.5047595552484418,1.0,-0.0,0.8,focused,5,100,100,B_noise,0.15,neutral,2,0.8
1857,0,1,0.1977329275664256,0.33021602915473797,0.2318858366184058,0.3756082081062479,0.2318858366184058,0.3756082081062479,1.0,-0.0,0.71,focused,5,100,100,B_noise,0.15,hard,0,0.71
1858,6,1,0.302370395325678,0.42287789711549073,0.4052769967564474,0.5280145644107023,0.4052769967564474,0.5280145644107023,1.0,-0.0,0.81,focused,5,100,100,B_noise,0.15,easy,6,0.81
1859,9,1,0.24318236586003794,0.3756783056500265,0.27742997695363136,0.4273631412111871,0.27742997695363136,0.4273631412111871,1.0,-0.0,0.78,focused,5,100,100,B_noise,0.15,neutral,9,0.78
1860,0,1,0.23188407678081974,0.3487684814869251,0.2636207363157369,0.3905915277544686,0.2636207363157369,0.3905915277544686,1.0,-0.0,0.71,focused,5,100,100,B_noise,0.15,hard,0,0.71
1861,10,1,0.28463625549733695,0.408442151118623,0.3232645443812016,0.46156176100234,0.3232645443812016,0.46156176100234,1.0,-0.0,0.83,focused,5,100,100,B_noise,0.15,easy,10,0.83
1862,3,1,0.21287106527946287,0.31214865660251295,0.238410925369541,0.3485223895059795,0.238410925369541,0.3485223895059795,1.0,-0.0,0.64,focused,5,100,100,B_noise,0.15,neutral,3,0.64
1863,7,1,0.21469371110209612,0.34405754137029154,0.24803820478913818,0.38889192107243065,0.24803820478913818,0.38889192107243065,1.0,-0.0,0.7,focused,5,100,100,B_noise,0.15,hard,7,0.7
1864,6,1,0.25480564485484497,0.3775979570781152,0.30328240618698116,0.4366941410172327,0.30328240618698116,0.4366941410172327,1.0,-0.0,0.76,focused,5,100,100,B_noise,0.15,easy,6,0.76
1865,8,1,0.24362332920167382,0.36965386384495164,0.2892448424034585,0.4271416023847803,0.2892448424034585,0.4271416023847803,1.0,-0.0,0.75,focused,5,100,100,B_noise,0.15,neutral,8,0.75
1866,9,1,0.2916442271555033,0.3995010865278209,0.3389779795754756,0.45204560284733264,0.3389779795754756,0.45204560284733264,1.0,-0.0,0.76,focused,5,100,100,B_noise,0.15,hard,9,0.76
1867,1,1,0.30059005842409614,0.41573482600920947,0.3424578637286946,0.46687728602039796,0.3424578637286946,0.46687728602039796,1.0,-0.0,0.81,focused,5,100,100,B_noise,0.15,easy,1,0.81
1868,6,1,0.25307586347233285,0.381123895701981,0.306165114375785,0.45811934946497934,0.306165114375785,0.45811934946497934,1.0,-0.0,0.82,focused,5,100,100,B_noise,0.15,neutral,6,0.82
1869,0,1,0.2151957137599489,0.3382281220264068,0.2462716471984897,0.3746159986937992,0.2462716471984897,0.3746159986937992,1.0,-0.0,0.71,focused,5,100,100,B_noise,0.15,hard,0,0.71
1870,6,1,0.2815784904786768,0.4162714948442358,0.3300775578956018,0.47621536003178727,0.3300775578956018,0.47621536003178727,1.0,-0.0,0.76,focused,5,100,100,B_noise,0.15,easy,6,0.76
1871,8,1,0.38540171424806974,0.4708783727962951,0.4486879721927702,0.536155071813369,0.4486879721927702,0.536155071813369,1.0,-0.0,0.84,focused,5,100,100,B_noise,0.15,neutral,8,0.84
1872,7,1,0.2490360243358971,0.37359919992171936,0.2787996949405357,0.4134669241124381,0.2787996949405357,0.4134669241124381,1.0,-0.0,0.75,focused,5,100,100,B_noise,0.15,hard,7,0.75
1873,8,1,0.2130627451379102,0.3633790570450519,0.26071758750271185,0.43805728079789075,0.26071758750271185,0.43805728079789075,1.0,-0.0,0.74,focused,5,100,100,B_noise,0.15,easy,8,0.74
1874,10,1,0.290837191226518,0.4150478591574672,0.32473263637226296,0.4624190664176146,0.32473263637226296,0.4624190664176146,1.0,-0.0,0.78,focused,5,100,100,B_noise,0.15,neutral,10,0.78
1875,3,1,0.1705408128017321,0.29909836024410397,0.20193206342770825,0.3395581389879574,0.20193206342770825,0.3395581389879574,1.0,-0.0,0.58,focused,5,100,100,B_noise,0.15,hard,3,0.58
1876,2,1,0.21903537600553466,0.3531822470092067,0.24268277735457108,0.3919797746221495,0.24268277735457108,0.3919797746221495,1.0,-0.0,0.74,focused,5,100,100,B_noise,0.15,easy,2,0.74
1877,2,1,0.23406010218549023,0.37366986679102115,0.2780736583029183,0.4352653028325378,0.2780736583029183,0.4352653028325378,1.0,-0.0,0.78,focused,5,100,100,B_noise,0.15,neutral,2,0.78
1878,4,1,0.20386508555035446,0.35371569910049233,0.2303093811498441,0.3994818457208565,0.2303093811498441,0.3994818457208565,1.0,-0.0,0.76,focused,5,100,100,B_noise,0.15,hard,4,0.76
1879,5,1,0.35144651299721485,0.46401638227164993,0.4581125420587779,0.5685133076528761,0.4581125420587779,0.5685133076528761,1.0,-0.0,0.83,focused,5,100,100,B_noise,0.15,easy,5,0.83
1880,8,1,0.2765046656406674,0.3947014633070709,0.2996859380494823,0.42568825382361053,0.2996859380494823,0.42568825382361053,1.0,-0.0,0.83,focused,5,300,300,B_noise,0.15,easy,8,0.83
1881,2,1,0.24396077407767974,0.37589010407109624,0.26548304082810054,0.4042119824493799,0.26548304082810054,0.4042119824493799,1.0,-0.0,0.77,focused,5,300,300,B_noise,0.15,neutral,2,0.77
1882,3,1,0.17589985634404112,0.30370236639085507,0.18828398063024393,0.3248850548491301,0.18828398063024393,0.3248850548491301,1.0,-0.0,0.68,focused,5,300,300,B_noise,0.15,hard,3,0.68
1883,5,1,0.2600241657680834,0.39469727288643136,0.2926819069376062,0.4345887111380373,0.2926819069376062,0.4345887111380373,1.0,-0.0,0.8033333333333333,focused,5,300,300,B_noise,0.15,easy,5,0.8033333333333333
1884,2,1,0.2958239713126373,0.407977019595719,0.31137193341568403,0.4283701418037543,0.31137193341568403,0.4283701418037543,1.0,-0.0,0.7766666666666666,focused,5,300,300,B_noise,0.15,neutral,2,0.7766666666666666
1885,0,1,0.2133856973646152,0.3449382772419868,0.23084743328730695,0.3668782201171762,0.23084743328730695,0.3668782201171762,1.0,-0.0,0.7133333333333334,focused,5,300,300,B_noise,0.15,hard,0,0.7133333333333334
1886,6,1,0.2623009219507205,0.38578540577197173,0.28097028538119356,0.41137795549927303,0.28097028538119356,0.41137795549927303,1.0,-0.0,0.7866666666666666,focused,5,300,300,B_noise,0.15,easy,6,0.7866666666666666
1887,6,1,0.29107282722426164,0.4116382850246164,0.31608151255024547,0.4418598714358493,0.31608151255024547,0.4418598714358493,1.0,-0.0,0.7733333333333333,focused,5,300,300,B_noise,0.15,neutral,6,0.7733333333333333
1888,9,1,0.2246231423659145,0.3570729931845264,0.2380492492017172,0.3774260619133142,0.2380492492017172,0.3774260619133142,1.0,-0.0,0.7566666666666667,focused,5,300,300,B_noise,0.15,hard,9,0.7566666666666667
1889,10,1,0.3186620184109645,0.4285140986916328,0.34306937451767294,0.45986820583611093,0.34306937451767294,0.45986820583611093,1.0,-0.0,0.8333333333333334,focused,5,300,300,B_noise,0.15,easy,10,0.8333333333333334
1890,0,1,0.19950671990451613,0.32490324569149226,0.20957026282408597,0.339473079895944,0.20957026282408597,0.339473079895944,1.0,-0.0,0.71,focused,5,300,300,B_noise,0.15,neutral,0,0.71
1891,9,1,0.3211390118434759,0.41781493353398597,0.3406404226140411,0.44246006192274695,0.3406404226140411,0.44246006192274695,1.0,-0.0,0.8133333333333334,focused,5,300,300,B_noise,0.15,hard,9,0.8133333333333334
1892,8,1,0.33906486360040733,0.4425920459634934,0.3927243800823988,0.49399285552067246,0.3927243800823988,0.49399285552067246,1.0,-0.0,0.81,focused,5,300,300,B_noise,0.15,easy,8,0.81
1893,1,1,0.30683090433967697,0.41728988206525214,0.3378247769387834,0.4547105051686879,0.3378247769387834,0.4547105051686879,1.0,-0.0,0.8333333333333334,focused,5,300,300,B_noise,0.15,neutral,1,0.8333333333333334
1894,0,1,0.2400235371677797,0.354556426305208,0.2612602031318934,0.3803356971996668,0.2612602031318934,0.3803356971996668,1.0,-0.0,0.7633333333333333,focused,5,300,300,B_noise,0.15,hard,0,0.7633333333333333
1895,1,1,0.29008627282049604,0.40841472803459966,0.319948970956847,0.4459635958257164,0.319948970956847,0.4459635958257164,1.0,-0.0,0.8333333333333334,focused,5,300,300,B_noise,0.15,easy,1,0.8333333333333334
1896,10,1,0.2592620280811949,0.38718257358172076,0.2913379331280602,0.4274552841716987,0.2913379331280602,0.4274552841716987,1.0,-0.0,0.7966666666666666,focused,5,300,300,B_noise,0.15,neutral,10,0.7966666666666666
1897,4,1,0.2608785505268618,0.37345996961022343,0.28010562306092496,0.39679212919069906,0.28010562306092496,0.39679212919069906,1.0,-0.0,0.7366666666666667,focused,5,300,300,B_noise,0.15,hard,4,0.7366666666666667
1898,2,1,0.26011434726617333,0.3787269326538913,0.28008907527816984,0.4035748889874941,0.28008907527816984,0.4035748889874941,1.0,-0.0,0.7666666666666667,focused,5,300,300,B_noise,0.15,easy,2,0.7666666666666667
1899,7,1,0.19417641699793184,0.33027662244577216,0.21074064961640557,0.35254500862200555,0.21074064961640557,0.35254500862200555,1.0,-0.0,0.6733333333333333,focused,5,300,300,B_noise,0.15,neutral,7,0.6733333333333333
1900,3,1,0.1915910490860263,0.30940559990147354,0.20229762893073613,0.3235251581767821,0.20229762893073613,0.3235251581767821,1.0,-0.0,0.6233333333333333,focused,5,300,300,B_noise,0.15,hard,3,0.6233333333333333
1901,2,1,0.23031112482311425,0.36361304258196997,0.2601136460116956,0.4030553476938804,0.2601136460116956,0.4030553476938804,1.0,-0.0,0.7233333333333334,focused,5,300,300,B_noise,0.15,easy,2,0.7233333333333334
1902,5,1,0.28995301735079376,0.4225240604274869,0.3438479205555994,0.4871815680638003,0.3438479205555994,0.4871815680638003,1.0,-0.0,0.85,focused,5,300,300,B_noise,0.15,neutral,5,0.85
1903,7,1,0.23731414924757518,0.36255220430887036,0.24921791032398963,0.3789771833053296,0.24921791032398963,0.3789771833053296,1.0,-0.0,0.7133333333333334,focused,5,300,300,B_noise,0.15,hard,7,0.7133333333333334
1904,1,1,0.30381297362227383,0.4251331207667035,0.3388296844288151,0.46343516584315797,0.3388296844288151,0.46343516584315797,1.0,-0.0,0.8466666666666667,focused,5,300,300,B_noise,0.15,easy,1,0.8466666666666667
1905,1,1,0.31118562453970045,0.4253923061857857,0.34494700113883453,0.4602930518547146,0.34494700113883453,0.4602930518547146,1.0,-0.0,0.81,focused,5,300,300,B_noise,0.15,neutral,1,0.81
1906,7,1,0.20389798655068564,0.3480504681281115,0.22906421333282811,0.3811854181051115,0.22906421333282811,0.3811854181051115,1.0,-0.0,0.73,focused,5,300,300,B_noise,0.15,hard,7,0.73
1907,6,1,0.2735204519725012,0.3955019343740505,0.3007632617442437,0.4277539125003838,0.3007632617442437,0.4277539125003838,1.0,-0.0,0.7733333333333333,focused,5,300,300,B_noise,0.15,easy,6,0.7733333333333333
1908,6,1,0.22080851248203814,0.35690764110063383,0.2369046540836193,0.37875973887895825,0.2369046540836193,0.37875973887895825,1.0,-0.0,0.6933333333333334,focused,5,300,300,B_noise,0.15,neutral,6,0.6933333333333334
1909,0,1,0.18212797415972223,0.32032146707155706,0.20014127039322097,0.3503655990743882,0.20014127039322097,0.3503655990743882,1.0,-0.0,0.7433333333333333,focused,5,300,300,B_noise,0.15,hard,0,0.7433333333333333
1910,6,1,0.25357421316469714,0.3879732973633746,0.28480111875054465,0.4285234873791845,0.28480111875054465,0.4285234873791845,1.0,-0.0,0.7633333333333333,focused,5,300,300,B_noise,0.15,easy,6,0.7633333333333333
1911,4,1,0.19427628219820506,0.33297742058577834,0.20618381889764248,0.3501303362631821,0.20618381889764248,0.3501303362631821,1.0,-0.0,0.6766666666666666,focused,5,300,300,B_noise,0.15,neutral,4,0.6766666666666666
1912,0,1,0.20097934355053457,0.32799636963189477,0.21964150898381907,0.35574344952058273,0.21964150898381907,0.35574344952058273,1.0,-0.0,0.7133333333333334,focused,5,300,300,B_noise,0.15,hard,0,0.7133333333333334
1913,2,1,0.19643742187001625,0.33833027992063935,0.2139108742471676,0.36588614452274165,0.2139108742471676,0.36588614452274165,1.0,-0.0,0.74,focused,5,300,300,B_noise,0.15,easy,2,0.74
1914,6,1,0.29784084079114065,0.4118872707206344,0.32965540382681763,0.4458400689117337,0.32965540382681763,0.4458400689117337,1.0,-0.0,0.76,focused,5,300,300,B_noise,0.15,neutral,6,0.76
1915,7,1,0.2066357918270497,0.34112537595542025,0.2316756937555012,0.37463464986620354,0.2316756937555012,0.37463464986620354,1.0,-0.0,0.7233333333333334,focused,5,300,300,B_noise,0.15,hard,7,0.7233333333333334
1916,1,1,0.29837363199203376,0.4157878379965124,0.3214023304765745,0.4448193852149802,0.3214023304765745,0.4448193852149802,1.0,-0.0,0.8066666666666666,focused,5,300,300,B_noise,0.15,easy,1,0.8066666666666666
1917,6,1,0.23095810552218926,0.36630843943419966,0.23924862276888678,0.3789078894155395,0.23924862276888678,0.3789078894155395,1.0,-0.0,0.72,focused,5,300,300,B_noise,0.15,neutral,6,0.72
1918,4,1,0.2304443346107662,0.35098567560722266,0.24824725667354386,0.37095322230710315,0.24824725667354386,0.37095322230710315,1.0,-0.0,0.7266666666666667,focused,5,300,300,B_noise,0.15,hard,4,0.7266666666666667
1919,8,1,0.24800293196560402,0.3711724278211443,0.26715227269835506,0.39709858124987774,0.26715227269835506,0.39709858124987774,1.0,-0.0,0.8,focused,5,300,300,B_noise,0.15,easy,8,0.8
1920,6,0,0.17501479494885044,0.3756993880394327,0.17501479494885044,0.3756993880394327,0.17501479494885044,0.3756993880394327,1.0,-0.0,0.7333333333333333,cross,1,30,30,B_noise,0.15,easy,8,0.7333333333333333
1921,5,1,0.24535317742903393,0.4462532824261235,0.24535317742903393,0.4462532824261235,0.24535317742903393,0.4462532824261235,1.0,-0.0,0.8666666666666667,cross,1,30,30,B_noise,0.15,neutral,5,0.8666666666666667
1922,0,0,0.15328971733490201,0.3182719278518085,0.15328971733490201,0.3182719278518085,0.15328971733490201,0.3182719278518085,1.0,-0.0,0.6333333333333333,cross,1,30,30,B_noise,0.15,hard,7,0.6333333333333333
1923,2,1,0.13355568993505323,0.3478445935273652,0.13355568993505323,0.3478445935273652,0.13355568993505323,0.3478445935273652,1.0,-0.0,0.7333333333333333,cross,1,30,30,B_noise,0.15,easy,2,0.7333333333333333
1924,5,1,0.20884501142130885,0.3836418755529337,0.20884501142130885,0.3836418755529337,0.20884501142130885,0.3836418755529337,1.0,-0.0,0.6666666666666666,cross,1,30,30,B_noise,0.15,neutral,5,0.6666666666666666
1925,5,0,0.21914739408869943,0.43402432896607834,0.21914739408869943,0.43402432896607834,0.21914739408869943,0.43402432896607834,1.0,-0.0,0.8333333333333334,cross,1,30,30,B_noise,0.15,hard,3,0.8333333333333334
1926,1,1,0.1308141876776184,0.3393124595528691,0.1308141876776184,0.3393124595528691,0.1308141876776184,0.3393124595528691,1.0,-0.0,0.8,cross,1,30,30,B_noise,0.15,easy,1,0.8
1927,0,0,0.24352116551489036,0.44707623072538355,0.24352116551489036,0.44707623072538355,0.24352116551489036,0.44707623072538355,1.0,-0.0,0.8333333333333334,cross,1,30,30,B_noise,0.15,neutral,4,0.8333333333333334
1928,3,1,0.10497113271863874,0.317461015705754,0.10497113271863874,0.317461015705754,0.10497113271863874,0.317461015705754,1.0,-0.0,0.7,cross,1,30,30,B_noise,0.15,hard,3,0.7
1929,3,0,0.1929929527109955,0.36391023917368337,0.1929929527109955,0.36391023917368337,0.1929929527109955,0.36391023917368337,1.0,-0.0,0.7,cross,1,30,30,B_noise,0.15,easy,6,0.7
1930,3,1,0.08980822442862244,0.2940161614589929,0.08980822442862244,0.2940161614589929,0.08980822442862244,0.2940161614589929,1.0,-0.0,0.7666666666666667,cross,1,30,30,B_noise,0.15,neutral,3,0.7666666666666667
1931,0,1,0.11471472774318123,0.357150434925585,0.11471472774318123,0.357150434925585,0.11471472774318123,0.357150434925585,1.0,-0.0,0.8,cross,1,30,30,B_noise,0.15,hard,0,0.8
1932,1,1,0.09512825669650639,0.341266828776987,0.09512825669650639,0.341266828776987,0.09512825669650639,0.341266828776987,1.0,-0.0,0.8333333333333334,cross,1,30,30,B_noise,0.15,easy,1,0.8333333333333334
1933,10,1,0.16304124941189635,0.3900250609766912,0.16304124941189635,0.3900250609766912,0.16304124941189635,0.3900250609766912,1.0,-0.0,0.9,cross,1,30,30,B_noise,0.15,neutral,10,0.9
1934,9,1,0.15878328540873593,0.342712300346004,0.15878328540873593,0.342712300346004,0.15878328540873593,0.342712300346004,1.0,-0.0,0.8333333333333334,cross,1,30,30,B_noise,0.15,hard,9,0.8333333333333334
1935,8,1,0.13864838007256608,0.3417939160303994,0.13864838007256608,0.3417939160303994,0.13864838007256608,0.3417939160303994,1.0,-0.0,0.6666666666666666,cross,1,30,30,B_noise,0.15,easy,8,0.6666666666666666
1936,8,1,0.06296861119313461,0.28690249230760567,0.06296861119313461,0.28690249230760567,0.06296861119313461,0.28690249230760567,1.0,-0.0,0.7333333333333333,cross,1,30,30,B_noise,0.15,neutral,8,0.7333333333333333
1937,0,0,0.24346615284982906,0.38436633101603007,0.24346615284982906,0.38436633101603007,0.24346615284982906,0.38436633101603007,1.0,-0.0,0.7666666666666667,cross,1,30,30,B_noise,0.15,hard,3,0.7666666666666667
1938,10,1,0.25659816829235593,0.4721831399557282,0.25659816829235593,0.4721831399557282,0.25659816829235593,0.4721831399557282,1.0,-0.0,0.9333333333333333,cross,1,30,30,B_noise,0.15,easy,10,0.9333333333333332
1939,9,1,0.17632574023489483,0.3785634071105679,0.17632574023489483,0.3785634071105679,0.17632574023489483,0.3785634071105679,1.0,-0.0,0.7333333333333333,cross,1,30,30,B_noise,0.15,neutral,9,0.7333333333333333
1940,9,1,0.13944639455591543,0.3534665766150945,0.13944639455591543,0.3534665766150945,0.13944639455591543,0.3534665766150945,1.0,-0.0,0.9333333333333333,cross,1,30,30,B_noise,0.15,hard,9,0.9333333333333332
1941,10,1,0.24686471216199338,0.4138532015023263,0.24686471216199338,0.4138532015023263,0.24686471216199338,0.4138532015023263,1.0,-0.0,0.8333333333333334,cross,1,30,30,B_noise,0.15,easy,10,0.8333333333333334
1942,5,1,0.1260663250946043,0.36922316551430545,0.1260663250946043,0.36922316551430545,0.1260663250946043,0.36922316551430545,1.0,-0.0,0.8666666666666667,cross,1,30,30,B_noise,0.15,neutral,5,0.8666666666666667
1943,0,1,0.1014725972613819,0.3172565455189698,0.1014725972613819,0.3172565455189698,0.1014725972613819,0.3172565455189698,1.0,-0.0,0.7,cross,1,30,30,B_noise,0.15,hard,0,0.7
1944,8,1,0.1926313881423934,0.3898024221153085,0.1926313881423934,0.3898024221153085,0.1926313881423934,0.3898024221153085,1.0,-0.0,0.8333333333333334,cross,1,30,30,B_noise,0.15,easy,8,0.8333333333333334
1945,4,1,0.15531217503083722,0.3716536886313609,0.15531217503083722,0.3716536886313609,0.15531217503083722,0.3716536886313609,1.0,-0.0,0.7666666666666667,cross,1,30,30,B_noise,0.15,neutral,4,0.7666666666666667
1946,7,0,0.128588414330234,0.3144644406340183,0.128588414330234,0.3144644406340183,0.128588414330234,0.3144644406340183,1.0,-0.0,0.5666666666666667,cross,1,30,30,B_noise,0.15,hard,4,0.5666666666666667
1947,10,1,0.14523366612651376,0.34191607067363,0.14523366612651376,0.34191607067363,0.14523366612651376,0.34191607067363,1.0,-0.0,0.7,cross,1,30,30,B_noise,0.15,easy,10,0.7
1948,4,1,0.12261700006237822,0.3452449059234314,0.12261700006237822,0.3452449059234314,0.12261700006237822,0.3452449059234314,1.0,-0.0,0.7333333333333333,cross,1,30,30,B_noise,0.15,neutral,4,0.7333333333333333
1949,3,1,0.0757308071431762,0.2794050503236892,0.0757308071431762,0.2794050503236892,0.0757308071431762,0.2794050503236892,1.0,-0.0,0.6666666666666666,cross,1,30,30,B_noise,0.15,hard,3,0.6666666666666666
1950,2,1,0.15777494501483122,0.3528698916600191,0.15777494501483122,0.3528698916600191,0.15777494501483122,0.3528698916600191,1.0,-0.0,0.8333333333333334,cross,1,30,30,B_noise,0.15,easy,2,0.8333333333333334
1951,5,1,0.1714945192252884,0.37176233532713815,0.1714945192252884,0.37176233532713815,0.1714945192252884,0.37176233532713815,1.0,-0.0,0.8,cross,1,30,30,B_noise,0.15,neutral,5,0.8
1952,3,1,0.12970471736421418,0.3363322834136959,0.12970471736421418,0.3363322834136959,0.12970471736421418,0.3363322834136959,1.0,-0.0,0.7666666666666667,cross,1,30,30,B_noise,0.15,hard,3,0.7666666666666667
1953,2,0,0.17834325662368838,0.3879770137702656,0.17834325662368838,0.38797701377026556,0.17834325662368838,0.38797701377026556,1.0,-0.0,0.7333333333333333,cross,1,30,30,B_noise,0.15,easy,5,0.7333333333333333
1954,6,1,0.09329026076527577,0.3384670870630063,0.09329026076527577,0.3384670870630063,0.09329026076527577,0.3384670870630063,1.0,-0.0,0.7666666666666667,cross,1,30,30,B_noise,0.15,neutral,6,0.7666666666666667
1955,3,1,0.11541225572519614,0.30536484451310014,0.11541225572519614,0.30536484451310014,0.11541225572519614,0.30536484451310014,1.0,-0.0,0.7666666666666667,cross,1,30,30,B_noise,0.15,hard,3,0.7666666666666667
1956,10,1,0.13139044884841802,0.3373126565623552,0.13139044884841802,0.3373126565623552,0.13139044884841802,0.3373126565623552,1.0,-0.0,0.7666666666666667,cross,1,30,30,B_noise,0.15,easy,10,0.7666666666666667
1957,4,0,0.08914603319466119,0.31832877364661943,0.08914603319466119,0.31832877364661943,0.08914603319466119,0.31832877364661943,1.0,-0.0,0.8,cross,1,30,30,B_noise,0.15,neutral,3,0.8
1958,0,1,0.20508425694041296,0.38002145733917897,0.20508425694041296,0.38002145733917897,0.20508425694041296,0.38002145733917897,1.0,-0.0,0.8,cross,1,30,30,B_noise,0.15,hard,0,0.8
1959,2,1,0.11292359353686016,0.30789223443518854,0.11292359353686016,0.30789223443518854,0.11292359353686016,0.30789223443518854,1.0,-0.0,0.6666666666666666,cross,1,30,30,B_noise,0.15,easy,2,0.6666666666666666
1960,8,1,0.11589773928193642,0.3282444123869,0.11589773928193642,0.3282444123869,0.11589773928193642,0.3282444123869,1.0,-0.0,0.79,cross,1,100,100,B_noise,0.15,easy,8,0.79
1961,8,1,0.1577983612597465,0.33463918432932976,0.1577983612597465,0.33463918432932976,0.1577983612597465,0.33463918432932976,1.0,-0.0,0.79,cross,1,100,100,B_noise,0.15,neutral,8,0.79
1962,9,1,0.11595893981024763,0.3143337435177777,0.11595893981024762,0.3143337435177777,0.11595893981024762,0.3143337435177777,1.0,-0.0,0.76,cross,1,100,100,B_noise,0.15,hard,9,0.76
1963,9,0,0.19150115716167065,0.38508449825617475,0.19150115716167065,0.38508449825617475,0.19150115716167065,0.38508449825617475,1.0,-0.0,0.77,cross,1,100,100,B_noise,0.15,easy,1,0.77
1964,9,1,0.1449894309624399,0.3472317930427723,0.1449894309624399,0.3472317930427723,0.1449894309624399,0.3472317930427723,1.0,-0.0,0.78,cross,1,100,100,B_noise,0.15,neutral,9,0.78
1965,3,1,0.12377121544134433,0.30375197051333636,0.12377121544134433,0.30375197051333636,0.12377121544134433,0.30375197051333636,1.0,-0.0,0.71,cross,1,100,100,B_noise,0.15,hard,3,0.71
1966,1,1,0.24094336208724468,0.4368568532904218,0.24094336208724468,0.4368568532904218,0.24094336208724468,0.4368568532904218,1.0,-0.0,0.86,cross,1,100,100,B_noise,0.15,easy,1,0.86
1967,8,1,0.10157561323124462,0.3171606250457512,0.10157561323124462,0.3171606250457512,0.10157561323124462,0.3171606250457512,1.0,-0.0,0.73,cross,1,100,100,B_noise,0.15,neutral,8,0.73
1968,0,1,0.11993151804933605,0.3381427563030708,0.11993151804933605,0.3381427563030708,0.11993151804933605,0.3381427563030708,1.0,-0.0,0.82,cross,1,100,100,B_noise,0.15,hard,0,0.82
1969,2,1,0.15305152290146273,0.34810942675498235,0.15305152290146273,0.3481094267549823,0.15305152290146273,0.3481094267549823,1.0,-0.0,0.79,cross,1,100,100,B_noise,0.15,easy,2,0.79
1970,6,1,0.11535969287411896,0.3229176706004456,0.11535969287411894,0.3229176706004456,0.11535969287411894,0.3229176706004456,1.0,-0.0,0.78,cross,1,100,100,B_noise,0.15,neutral,6,0.78
1971,10,0,0.08956461348695062,0.3129227956644892,0.0895646134869506,0.3129227956644892,0.0895646134869506,0.3129227956644892,1.0,-0.0,0.73,cross,1,100,100,B_noise,0.15,hard,3,0.73
1972,6,1,0.16677028196406818,0.3571183621110548,0.16677028196406815,0.3571183621110548,0.16677028196406815,0.3571183621110548,1.0,-0.0,0.8,cross,1,100,100,B_noise,0.15,easy,6,0.8
1973,8,1,0.14792190823140344,0.3604641960170885,0.14792190823140344,0.36046419601708846,0.14792190823140344,0.36046419601708846,1.0,-0.0,0.72,cross,1,100,100,B_noise,0.15,neutral,8,0.72
1974,9,1,0.16250982311315812,0.3634737711379033,0.16250982311315812,0.3634737711379033,0.16250982311315812,0.3634737711379033,1.0,-0.0,0.74,cross,1,100,100,B_noise,0.15,hard,9,0.74
1975,2,1,0.16108555718089002,0.33080604286689114,0.16108555718089002,0.33080604286689114,0.16108555718089002,0.33080604286689114,1.0,-0.0,0.73,cross,1,100,100,B_noise,0.15,easy,2,0.73
1976,5,1,0.17770687845170166,0.3517141047233499,0.17770687845170166,0.3517141047233499,0.17770687845170166,0.3517141047233499,1.0,-0.0,0.77,cross,1,100,100,B_noise,0.15,neutral,5,0.77
1977,7,1,0.13680966680966528,0.3101262533750139,0.13680966680966528,0.3101262533750139,0.13680966680966528,0.3101262533750139,1.0,-0.0,0.66,cross,1,100,100,B_noise,0.15,hard,7,0.66
1978,1,1,0.09833984168771012,0.3187465412388392,0.09833984168771012,0.3187465412388392,0.09833984168771012,0.3187465412388392,1.0,-0.0,0.79,cross,1,100,100,B_noise,0.15,easy,1,0.79
1979,2,1,0.1459302490273052,0.3245002270153453,0.1459302490273052,0.3245002270153453,0.1459302490273052,0.3245002270153453,1.0,-0.0,0.78,cross,1,100,100,B_noise,0.15,neutral,2,0.78
1980,10,0,0.11387702136234838,0.3372903045989776,0.11387702136234838,0.3372903045989776,0.11387702136234838,0.3372903045989776,1.0,-0.0,0.73,cross,1,100,100,B_noise,0.15,hard,7,0.73
1981,8,1,0.12952523153841866,0.3359620911974572,0.12952523153841866,0.3359620911974572,0.12952523153841866,0.3359620911974572,1.0,-0.0,0.75,cross,1,100,100,B_noise,0.15,easy,8,0.75
1982,10,0,0.2259814928677208,0.39933807241921554,0.22598149286772076,0.39933807241921554,0.22598149286772076,0.39933807241921554,1.0,-0.0,0.83,cross,1,100,100,B_noise,0.15,neutral,4,0.83
1983,7,1,0.1439227762275711,0.32731366899634645,0.1439227762275711,0.32731366899634645,0.1439227762275711,0.32731366899634645,1.0,-0.0,0.66,cross,1,100,100,B_noise,0.15,hard,7,0.66
1984,10,1,0.17325049165441833,0.3592370793651368,0.17325049165441833,0.35923707936513677,0.17325049165441833,0.35923707936513677,1.0,-0.0,0.78,cross,1,100,100,B_noise,0.15,easy,10,0.78
1985,3,1,0.1294006237833365,0.2905294101969938,0.1294006237833365,0.2905294101969938,0.1294006237833365,0.2905294101969938,1.0,-0.0,0.62,cross,1,100,100,B_noise,0.15,neutral,3,0.62
1986,4,1,0.10345537578373648,0.30045460192746304,0.10345537578373648,0.30045460192746304,0.10345537578373648,0.30045460192746304,1.0,-0.0,0.69,cross,1,100,100,B_noise,0.15,hard,4,0.69
1987,1,0,0.2583752152083048,0.44427586968597754,0.2583752152083048,0.4442758696859775,0.2583752152083048,0.4442758696859775,1.0,-0.0,0.86,cross,1,100,100,B_noise,0.15,easy,6,0.86
1988,9,1,0.09349469415470033,0.3094858758408651,0.09349469415470033,0.3094858758408651,0.09349469415470033,0.3094858758408651,1.0,-0.0,0.78,cross,1,100,100,B_noise,0.15,neutral,9,0.78
1989,6,0,0.15284315149464583,0.36640245209567945,0.15284315149464583,0.36640245209567945,0.15284315149464583,0.36640245209567945,1.0,-0.0,0.74,cross,1,100,100,B_noise,0.15,hard,0,0.74
1990,2,0,0.2691524286174759,0.4286356247405024,0.2691524286174759,0.42863562474050243,0.2691524286174759,0.42863562474050243,1.0,-0.0,0.84,cross,1,100,100,B_noise,0.15,easy,8,0.84
1991,4,1,0.12447351003111248,0.31538693802738615,0.12447351003111247,0.31538693802738615,0.12447351003111247,0.31538693802738615,1.0,-0.0,0.72,cross,1,100,100,B_noise,0.15,neutral,4,0.72
1992,1,0,0.177503094379201,0.36627384204979957,0.177503094379201,0.3662738420497995,0.177503094379201,0.3662738420497995,1.0,-0.0,0.76,cross,1,100,100,B_noise,0.15,hard,4,0.76
1993,5,1,0.21803940129944605,0.4005066970494021,0.21803940129944605,0.4005066970494021,0.21803940129944605,0.4005066970494021,1.0,-0.0,0.84,cross,1,100,100,B_noise,0.15,easy,5,0.84
1994,0,0,0.20634043672653316,0.38333971452023474,0.20634043672653316,0.38333971452023474,0.20634043672653316,0.38333971452023474,1.0,-0.0,0.77,cross,1,100,100,B_noise,0.15,neutral,5,0.77
1995,8,0,0.23517017793386302,0.3777925154092666,0.23517017793386302,0.37779251540926656,0.23517017793386302,0.37779251540926656,1.0,-0.0,0.75,cross,1,100,100,B_noise,0.15,hard,0,0.75
1996,10,1,0.15729978508444234,0.3391757308049668,0.15729978508444234,0.3391757308049668,0.15729978508444234,0.3391757308049668,1.0,-0.0,0.85,cross,1,100,100,B_noise,0.15,easy,10,0.85
1997,8,1,0.14010282141270353,0.3576089066758877,0.14010282141270353,0.3576089066758877,0.14010282141270353,0.3576089066758877,1.0,-0.0,0.81,cross,1,100,100,B_noise,0.15,neutral,8,0.81
1998,10,0,0.0718192866674718,0.30318097015621837,0.0718192866674718,0.30318097015621837,0.0718192866674718,0.30318097015621837,1.0,-0.0,0.74,cross,1,100,100,B_noise,0.15,hard,9,0.74
1999,9,0,0.17476555558021603,0.372878833702862,0.174765555580216,0.372878833702862,0.174765555580216,0.372878833702862,1.0,-0.0,0.76,cross,1,100,100,B_noise,0.15,easy,8,0.76
2000,8,1,0.17935533875755125,0.348692800270105,0.17935533875755125,0.348692800270105,0.17935533875755125,0.348692800270105,1.0,-0.0,0.7666666666666667,cross,1,300,300,B_noise,0.15,easy,8,0.7666666666666667
2001,7,1,0.1374364825283588,0.3219226383358567,0.1374364825283588,0.3219226383358567,0.1374364825283588,0.3219226383358567,1.0,-0.0,0.7666666666666667,cross,1,300,300,B_noise,0.15,neutral,7,0.7666666666666667
2002,9,1,0.14663951330776898,0.3260512618237694,0.14663951330776898,0.3260512618237694,0.14663951330776898,0.3260512618237694,1.0,-0.0,0.73,cross,1,300,300,B_noise,0.15,hard,9,0.73
2003,10,1,0.10772308669408526,0.3177910149224516,0.10772308669408526,0.3177910149224516,0.10772308669408526,0.3177910149224516,1.0,-0.0,0.7466666666666667,cross,1,300,300,B_noise,0.15,easy,10,0.7466666666666667
2004,6,1,0.10066750043175876,0.3156458354263492,0.10066750043175876,0.3156458354263492,0.10066750043175876,0.3156458354263492,1.0,-0.0,0.7733333333333333,cross,1,300,300,B_noise,0.15,neutral,6,0.7733333333333333
2005,4,0,0.10038754051459388,0.31506079910161566,0.10038754051459388,0.31506079910161566,0.10038754051459388,0.31506079910161566,1.0,-0.0,0.7333333333333333,cross,1,300,300,B_noise,0.15,hard,7,0.7333333333333333
2006,6,1,0.1188209624162752,0.31437740504159045,0.1188209624162752,0.31437740504159045,0.1188209624162752,0.31437740504159045,1.0,-0.0,0.7233333333333334,cross,1,300,300,B_noise,0.15,easy,6,0.7233333333333334
2007,5,1,0.17314394134556274,0.3395297472392446,0.17314394134556274,0.3395297472392446,0.17314394134556274,0.3395297472392446,1.0,-0.0,0.7866666666666666,cross,1,300,300,B_noise,0.15,neutral,5,0.7866666666666666
2008,4,1,0.1462823754106344,0.3249678052403906,0.1462823754106344,0.3249678052403906,0.1462823754106344,0.3249678052403906,1.0,-0.0,0.7733333333333333,cross,1,300,300,B_noise,0.15,hard,4,0.7733333333333333
2009,2,1,0.14014038268995208,0.3546520701750949,0.14014038268995208,0.3546520701750949,0.14014038268995208,0.3546520701750949,1.0,-0.0,0.8033333333333333,cross,1,300,300,B_noise,0.15,easy,2,0.8033333333333333
2010,7,1,0.14679138949554288,0.3115683401847816,0.14679138949554288,0.3115683401847816,0.14679138949554288,0.3115683401847816,1.0,-0.0,0.7066666666666667,cross,1,300,300,B_noise,0.15,neutral,7,0.7066666666666667
2011,7,1,0.11686150477103693,0.3169424504849156,0.11686150477103692,0.3169424504849156,0.11686150477103692,0.3169424504849156,1.0,-0.0,0.7033333333333334,cross,1,300,300,B_noise,0.15,hard,7,0.7033333333333334
2012,8,1,0.1051865661687218,0.31013917251329043,0.1051865661687218,0.31013917251329043,0.1051865661687218,0.31013917251329043,1.0,-0.0,0.7033333333333334,cross,1,300,300,B_noise,0.15,easy,8,0.7033333333333334
2013,0,1,0.10271852874661994,0.30732345872484423,0.10271852874661994,0.30732345872484423,0.10271852874661994,0.30732345872484423,1.0,-0.0,0.7733333333333333,cross,1,300,300,B_noise,0.15,neutral,0,0.7733333333333333
2014,0,1,0.16255119641884175,0.32109713426150954,0.16255119641884175,0.32109713426150954,0.16255119641884175,0.32109713426150954,1.0,-0.0,0.69,cross,1,300,300,B_noise,0.15,hard,0,0.69
2015,1,1,0.10454540541368625,0.3223506690433744,0.10454540541368625,0.3223506690433744,0.10454540541368625,0.3223506690433744,1.0,-0.0,0.7866666666666666,cross,1,300,300,B_noise,0.15,easy,1,0.7866666666666666
2016,8,1,0.15888688019380598,0.34323281945046713,0.15888688019380598,0.34323281945046713,0.15888688019380598,0.34323281945046713,1.0,-0.0,0.81,cross,1,300,300,B_noise,0.15,neutral,8,0.81
2017,9,1,0.11038792135318004,0.3045314054680127,0.11038792135318004,0.3045314054680127,0.11038792135318004,0.3045314054680127,1.0,-0.0,0.7066666666666667,cross,1,300,300,B_noise,0.15,hard,9,0.7066666666666667
2018,10,1,0.15006131600505995,0.32428759697972337,0.15006131600505995,0.32428759697972337,0.15006131600505995,0.32428759697972337,1.0,-0.0,0.7333333333333333,cross,1,300,300,B_noise,0.15,easy,10,0.7333333333333333
2019,7,0,0.20868161067564794,0.36744585775839045,0.20868161067564794,0.36744585775839045,0.20868161067564794,0.36744585775839045,1.0,-0.0,0.7533333333333333,cross,1,300,300,B_noise,0.15,neutral,8,0.7533333333333333
2020,4,0,0.16200756752827536,0.36867264814198447,0.16200756752827536,0.36867264814198447,0.16200756752827536,0.36867264814198447,1.0,-0.0,0.74,cross,1,300,300,B_noise,0.15,hard,9,0.74
2021,8,1,0.1585413541064525,0.33593055277926087,0.1585413541064525,0.33593055277926087,0.1585413541064525,0.33593055277926087,1.0,-0.0,0.8233333333333334,cross,1,300,300,B_noise,0.15,easy,8,0.8233333333333334
2022,8,1,0.18853826854351324,0.39540203851590017,0.18853826854351324,0.39540203851590017,0.18853826854351324,0.39540203851590017,1.0,-0.0,0.8233333333333334,cross,1,300,300,B_noise,0.15,neutral,8,0.8233333333333334
2023,10,0,0.21864328307752548,0.39078758166688016,0.21864328307752548,0.39078758166688016,0.21864328307752548,0.39078758166688016,1.0,-0.0,0.7633333333333333,cross,1,300,300,B_noise,0.15,hard,9,0.7633333333333333
2024,5,1,0.18119417898295967,0.34658636796322806,0.18119417898295967,0.34658636796322806,0.18119417898295967,0.34658636796322806,1.0,-0.0,0.8033333333333333,cross,1,300,300,B_noise,0.15,easy,5,0.8033333333333333
2025,7,0,0.18355003382904017,0.35403317054435635,0.18355003382904017,0.35403317054435635,0.18355003382904017,0.35403317054435635,1.0,-0.0,0.7266666666666667,cross,1,300,300,B_noise,0.15,neutral,4,0.7266666666666667
2026,4,1,0.16057688190923802,0.337616941608812,0.16057688190923802,0.337616941608812,0.16057688190923802,0.337616941608812,1.0,-0.0,0.7433333333333333,cross,1,300,300,B_noise,0.15,hard,4,0.7433333333333333
2027,2,1,0.10333507431956072,0.3418665019553629,0.10333507431956072,0.3418665019553629,0.10333507431956072,0.3418665019553629,1.0,-0.0,0.77,cross,1,300,300,B_noise,0.15,easy,2,0.77
2028,8,1,0.10796461975826424,0.3392766801518875,0.10796461975826425,0.3392766801518875,0.10796461975826425,0.3392766801518875,1.0,-0.0,0.74,cross,1,300,300,B_noise,0.15,neutral,8,0.74
2029,4,1,0.13170005637244941,0.3287996188608322,0.13170005637244941,0.3287996188608322,0.13170005637244941,0.3287996188608322,1.0,-0.0,0.7433333333333333,cross,1,300,300,B_noise,0.15,hard,4,0.7433333333333333
2030,8,1,0.16216317100237523,0.3319856675122175,0.16216317100237523,0.3319856675122175,0.16216317100237523,0.3319856675122175,1.0,-0.0,0.79,cross,1,300,300,B_noise,0.15,easy,8,0.79
2031,7,1,0.11655422743747426,0.31220334231173275,0.11655422743747428,0.31220334231173275,0.11655422743747428,0.31220334231173275,1.0,-0.0,0.74,cross,1,300,300,B_noise,0.15,neutral,7,0.74
2032,4,1,0.08763421014926606,0.31210430538217115,0.08763421014926606,0.31210430538217115,0.08763421014926606,0.31210430538217115,1.0,-0.0,0.7333333333333333,cross,1,300,300,B_noise,0.15,hard,4,0.7333333333333333
2033,2,0,0.20565547552508087,0.37607466162779596,0.20565547552508087,0.37607466162779596,0.20565547552508087,0.37607466162779596,1.0,-0.0,0.7533333333333333,cross,1,300,300,B_noise,0.15,easy,6,0.7533333333333333
2034,8,1,0.12300907843472456,0.31847035664845674,0.12300907843472456,0.31847035664845674,0.12300907843472456,0.31847035664845674,1.0,-0.0,0.81,cross,1,300,300,B_noise,0.15,neutral,8,0.81
2035,3,1,0.12411665236130476,0.3104330125449493,0.12411665236130477,0.3104330125449493,0.12411665236130477,0.3104330125449493,1.0,-0.0,0.72,cross,1,300,300,B_noise,0.15,hard,3,0.72
2036,8,1,0.18106441254812616,0.37149373108980543,0.18106441254812616,0.37149373108980543,0.18106441254812616,0.37149373108980543,1.0,-0.0,0.7933333333333333,cross,1,300,300,B_noise,0.15,easy,8,0.7933333333333333
2037,4,1,0.1384364489744434,0.3236553667037509,0.1384364489744434,0.3236553667037509,0.1384364489744434,0.3236553667037509,1.0,-0.0,0.73,cross,1,300,300,B_noise,0.15,neutral,4,0.73
2038,2,0,0.19520997629134298,0.3753905047870422,0.19520997629134298,0.3753905047870422,0.19520997629134298,0.3753905047870422,1.0,-0.0,0.77,cross,1,300,300,B_noise,0.15,hard,7,0.77
2039,5,1,0.1257041782588442,0.32445894983420465,0.1257041782588442,0.32445894983420465,0.1257041782588442,0.32445894983420465,1.0,-0.0,0.79,cross,1,300,300,B_noise,0.15,easy,5,0.79
2040,8,1,0.12056755353346738,0.3435486563696149,0.11436839990182353,0.24178062396980718,0.19364253383892482,0.4093701817885034,0.5906161091496412,0.6931471805599453,0.7666666666666667,cross,2,30,30,B_noise,0.15,easy,8,0.7666666666666667
2041,10,0,0.10509153074446831,0.3319761664889195,0.10971162717052324,0.22836959023753695,0.18575793221841533,0.3866633278363157,0.5906161091496412,0.6931471805599453,0.8,cross,2,30,30,B_noise,0.15,neutral,7,0.8
2042,0,1,0.12812879477067235,0.34946143053256956,0.10000071753582007,0.22728688651978976,0.16931593294974523,0.3848301510892303,0.5906161091496412,0.6931471805599453,0.8333333333333334,cross,2,30,30,B_noise,0.15,hard,0,0.8333333333333334
2043,8,1,0.12780665992477633,0.31508195321105,0.0828025314984797,0.20443121907210118,0.14019687274987697,0.34613214219036065,0.5906161091496412,0.6931471805599453,0.7666666666666667,cross,2,30,30,B_noise,0.15,easy,8,0.7666666666666667
2044,10,1,0.13027890094612332,0.3748248152948827,0.11683295267457594,0.2536853633901893,0.19781538441745178,0.42952665777342425,0.5906161091496412,0.6931471805599453,0.8333333333333334,cross,2,30,30,B_noise,0.15,neutral,10,0.8333333333333334
2045,9,1,0.1061250801819859,0.33677407494705514,0.10826107350732121,0.23371807326698424,0.1833019313733139,0.3957190967978971,0.5906161091496412,0.6931471805599453,0.7666666666666667,cross,2,30,30,B_noise,0.15,hard,9,0.7666666666666667
2046,1,1,0.16558919251523335,0.3745398350335796,0.18260873514956077,0.4138860158497387,0.18260873514956077,0.4138860158497387,1.0,-0.0,0.8333333333333334,cross,2,30,30,B_noise,0.15,easy,1,0.8333333333333334
2047,5,1,0.1672806417044653,0.3819034738110642,0.18737568787661035,0.4102370176997893,0.18737568787661035,0.4102370176997893,1.0,-0.0,0.8333333333333334,cross,2,30,30,B_noise,0.15,neutral,5,0.8333333333333334
2048,9,1,0.13922424529439933,0.3288028926360442,0.15568899035375489,0.367766985816674,0.15568899035375489,0.367766985816674,1.0,-0.0,0.8666666666666667,cross,2,30,30,B_noise,0.15,hard,9,0.8666666666666667
2049,10,1,0.16749234204791955,0.37253291312432457,0.18092241919881452,0.4019749352242181,0.18092241919881452,0.4019749352242181,1.0,-0.0,0.8666666666666667,cross,2,30,30,B_noise,0.15,easy,10,0.8666666666666667
2050,6,1,0.13344353766494646,0.3512550959842529,0.14781103399102447,0.38748679296540683,0.14781103399102447,0.38748679296540683,1.0,-0.0,0.8666666666666667,cross,2,30,30,B_noise,0.15,neutral,6,0.8666666666666667
2051,4,1,0.10137301566759513,0.32047390997544656,0.11255970967162368,0.3510975317751914,0.11255970967162368,0.3510975317751914,1.0,-0.0,0.6,cross,2,30,30,B_noise,0.15,hard,4,0.6
2052,10,1,0.1101263445073156,0.3068326308313097,0.12337184260421342,0.3437604488200145,0.12337184260421342,0.3437604488200145,1.0,-0.0,0.7333333333333333,cross,2,30,30,B_noise,0.15,easy,10,0.7333333333333333
2053,10,1,0.13042229214023715,0.3285838071314035,0.08820628716925648,0.21866136563907132,0.1493462264282875,0.3702258747291809,0.5906161091496412,0.6931471805599453,0.8333333333333334,cross,2,30,30,B_noise,0.15,neutral,10,0.8333333333333334
2054,0,1,0.11368418390145246,0.305149498487598,0.08431620163850893,0.20549334944846914,0.14275973907976525,0.34793048524249515,0.5906161091496412,0.6931471805599453,0.7666666666666667,cross,2,30,30,B_noise,0.15,hard,0,0.7666666666666667
2055,10,1,0.17053833631547224,0.3842089691712158,0.13925641630466423,0.27112438824562696,0.23578160864112424,0.4590534935391233,0.5906161091496412,0.6931471805599453,0.9,cross,2,30,30,B_noise,0.15,easy,10,0.9
2056,9,0,0.12173265074251112,0.33151473337352766,0.14380205672433669,0.2399279089842444,0.24347804690153196,0.4062332626343166,0.5906161091496412,0.6931471805599453,0.8,cross,2,30,30,B_noise,0.15,neutral,4,0.8
2057,9,1,0.1521074292646782,0.3347275349409915,0.1583475571623306,0.34847538586970356,0.1583475571623306,0.34847538586970356,1.0,-0.0,0.6666666666666666,cross,2,30,30,B_noise,0.15,hard,9,0.6666666666666666
2058,10,1,0.21730831320272678,0.3922181271667697,0.23007576331006224,0.4151727112364244,0.23007576331006224,0.4151727112364244,1.0,-0.0,0.7666666666666667,cross,2,30,30,B_noise,0.15,easy,10,0.7666666666666667
2059,2,1,0.12096216549384031,0.32186396418162067,0.0900568098380905,0.2108867994430036,0.15247943366758607,0.35706238989423217,0.5906161091496412,0.6931471805599453,0.7666666666666667,cross,2,30,30,B_noise,0.15,neutral,2,0.7666666666666667
2060,7,1,0.10961944438042816,0.3300585855478583,0.098497631819126,0.22012575704131554,0.16677098760638476,0.3727053049031269,0.5906161091496412,0.6931471805599453,0.6666666666666666,cross,2,30,30,B_noise,0.15,hard,7,0.6666666666666666
2061,1,1,0.1548280900285887,0.3729723317870094,0.11926586258880961,0.24618593210387285,0.20193465897929286,0.41682901683519447,0.5906161091496412,0.6931471805599453,0.8333333333333334,cross,2,30,30,B_noise,0.15,easy,1,0.8333333333333334
2062,0,1,0.1467113697496048,0.36645183646238916,0.10776470183088019,0.23565556168220894,0.18246150106883796,0.39899954984550234,0.5906161091496412,0.6931471805599453,0.8,cross,2,30,30,B_noise,0.15,neutral,0,0.8
2063,4,1,0.18232581343142948,0.36546453184158467,0.19534398421096294,0.39131896541958355,0.19534398421096294,0.39131896541958355,1.0,-0.0,0.8333333333333334,cross,2,30,30,B_noise,0.15,hard,4,0.8333333333333334
2064,1,1,0.15466484059032948,0.33039144412578714,0.1752612085458054,0.3744734940853846,0.1752612085458054,0.3744734940853846,1.0,-0.0,0.7666666666666667,cross,2,30,30,B_noise,0.15,easy,1,0.7666666666666667
2065,4,1,0.10497113271863874,0.32157134399020004,0.07105351448335555,0.21651335191343132,0.12030405771636868,0.3665889713458095,0.5906161091496412,0.6931471805599453,0.8,cross,2,30,30,B_noise,0.15,neutral,4,0.8
2066,5,0,0.0977425755058044,0.33119896628753454,0.11182465074604565,0.22912584118845958,0.1893355921277678,0.38794377200166613,0.5906161091496412,0.6931471805599453,0.7666666666666667,cross,2,30,30,B_noise,0.15,hard,7,0.7666666666666667
2067,2,1,0.10584355305002255,0.3040573134728809,0.12731637031941526,0.21560543080784111,0.21556535344544384,0.36505172728570856,0.5906161091496412,0.6931471805599453,0.7666666666666667,cross,2,30,30,B_noise,0.15,easy,2,0.7666666666666667
2068,1,1,0.12464925197324923,0.32412918972355165,0.09081899521249343,0.21670843439504464,0.1537699256853204,0.36691927469952973,0.5906161091496412,0.6931471805599453,0.8333333333333334,cross,2,30,30,B_noise,0.15,neutral,1,0.8333333333333334
2069,3,1,0.13321463838609168,0.30338440799928557,0.15078019413798077,0.3395541598065871,0.15078019413798077,0.3395541598065871,1.0,-0.0,0.7666666666666667,cross,2,30,30,B_noise,0.15,hard,3,0.7666666666666667
2070,1,1,0.14993190865890624,0.36726612216681065,0.18091913864893203,0.42695226836331734,0.18091913864893203,0.42695226836331734,1.0,-0.0,0.8333333333333334,cross,2,30,30,B_noise,0.15,easy,1,0.8333333333333334
2071,1,1,0.14021720457482145,0.34553825885196393,0.17114667192786726,0.4023938360866533,0.17114667192786726,0.4023938360866533,1.0,-0.0,0.8,cross,2,30,30,B_noise,0.15,neutral,1,0.8
2072,9,1,0.17347574005676464,0.34794436491831815,0.19229984182937276,0.3855438470574767,0.19229984182937276,0.3855438470574767,1.0,-0.0,0.8,cross,2,30,30,B_noise,0.15,hard,9,0.8
2073,1,1,0.1906314851923283,0.36542395425512203,0.21096951179473586,0.40204643466717266,0.21096951179473586,0.40204643466717266,1.0,-0.0,0.8666666666666667,cross,2,30,30,B_noise,0.15,easy,1,0.8666666666666667
2074,1,1,0.11682322912986845,0.3241975844064757,0.12994674355069025,0.35816538146395493,0.12994674355069025,0.35816538146395493,1.0,-0.0,0.8333333333333334,cross,2,30,30,B_noise,0.15,neutral,1,0.8333333333333334
2075,3,1,0.14277733970198986,0.3292783166067459,0.11357538437135557,0.20602517892357652,0.19229984182937276,0.3488309508188119,0.5906161091496412,0.6931471805599453,0.7666666666666667,cross,2,30,30,B_noise,0.15,hard,3,0.7666666666666667
2076,2,1,0.14929805662142948,0.3553967421478463,0.10285198844895112,0.22360806168129949,0.17414355425732564,0.37860135918616655,0.5906161091496412,0.6931471805599453,0.8333333333333334,cross,2,30,30,B_noise,0.15,easy,2,0.8333333333333334
2077,1,1,0.12780665992477633,0.3247769759255035,0.09329805054409908,0.21254008612949682,0.15796733123048062,0.3598616475861255,0.5906161091496412,0.6931471805599453,0.7333333333333333,cross,2,30,30,B_noise,0.15,neutral,1,0.7333333333333333
2078,7,1,0.12520222213811583,0.35002641836527804,0.10423410388989189,0.23889221259073337,0.17648367911936289,0.4044796762057273,0.5906161091496412,0.6931471805599453,0.9,cross,2,30,30,B_noise,0.15,hard,7,0.9
2079,5,1,0.22446518393727144,0.3902784065515071,0.23169521705075713,0.4031977096452826,0.23169521705075713,0.4031977096452826,1.0,-0.0,0.8333333333333334,cross,2,30,30,B_noise,0.15,easy,5,0.8333333333333334
2080,2,1,0.18653722182141194,0.34503985076309424,0.19775145667612634,0.3627161588852946,0.19775145667612634,0.3627161588852946,1.0,-0.0,0.79,cross,2,100,100,B_noise,0.15,easy,2,0.79
2081,8,1,0.15188329026109068,0.3338701914136617,0.16870011720547107,0.3699755904785167,0.16870011720547107,0.3699755904785167,1.0,-0.0,0.74,cross,2,100,100,B_noise,0.15,neutral,8,0.74
2082,7,1,0.11497390851131399,0.31449575573560706,0.0826177612345425,0.20582946010027434,0.13988402949844037,0.34849957004495524,0.5906161091496412,0.6931471805599453,0.76,cross,2,100,100,B_noise,0.15,hard,7,0.76
2083,1,1,0.17883786642609945,0.35011354375228654,0.18522623287560513,0.36259666856948014,0.18522623287560513,0.36259666856948014,1.0,-0.0,0.8,cross,2,100,100,B_noise,0.15,easy,1,0.8
2084,6,1,0.0805565001018803,0.31694950366651253,0.08722267633268918,0.21295038525705412,0.14768082851358535,0.36055634439713535,0.5906161091496412,0.6931471805599453,0.75,cross,2,100,100,B_noise,0.15,neutral,6,0.75
2085,7,1,0.09453214401640792,0.3002849033898739,0.062193082548831144,0.1906762128754195,0.10530204236788539,0.32284289222986445,0.5906161091496412,0.6931471805599453,0.75,cross,2,100,100,B_noise,0.15,hard,7,0.75
2086,2,1,0.10114695748672978,0.3183637330348397,0.10792105029870395,0.34049640187060803,0.10792105029870395,0.34049640187060803,1.0,-0.0,0.81,cross,2,100,100,B_noise,0.15,easy,2,0.81
2087,6,1,0.11588885506226869,0.30960338648012004,0.12122490561479717,0.3236920531556759,0.12122490561479717,0.3236920531556759,1.0,-0.0,0.71,cross,2,100,100,B_noise,0.15,neutral,6,0.71
2088,3,1,0.1033587863691027,0.2955489801338715,0.10767077885743297,0.30789184659293645,0.10767077885743297,0.30789184659293645,1.0,-0.0,0.71,cross,2,100,100,B_noise,0.15,hard,3,0.71
2089,6,1,0.12817424227667396,0.3138846681668048,0.14607585353698294,0.3398725937037937,0.14607585353698294,0.3398725937037937,1.0,-0.0,0.82,cross,2,100,100,B_noise,0.15,easy,6,0.82
2090,4,1,0.12350341823797187,0.3130591670161223,0.08558395589618327,0.19422655255901453,0.14490623362678942,0.3288541398551735,0.5906161091496412,0.6931471805599453,0.71,cross,2,100,100,B_noise,0.15,neutral,4,0.71
2091,0,1,0.12032058728832681,0.3063804012672201,0.12832617481982486,0.3265144947335436,0.12832617481982486,0.3265144947335436,1.0,-0.0,0.79,cross,2,100,100,B_noise,0.15,hard,0,0.79
2092,8,1,0.1303182799925842,0.309097039440844,0.13677801457554636,0.321515862578176,0.13677801457554636,0.321515862578176,1.0,-0.0,0.74,cross,2,100,100,B_noise,0.15,easy,8,0.74
2093,8,1,0.13408333732337957,0.3520203145486926,0.12489456101113679,0.2429900759412041,0.21146487384327833,0.4114179619838967,0.5906161091496412,0.6931471805599453,0.89,cross,2,100,100,B_noise,0.15,neutral,8,0.89
2094,4,1,0.11053837637010189,0.32741347863402387,0.08199873452272609,0.20889568718026116,0.13883592616663712,0.3536911437803915,0.5906161091496412,0.6931471805599453,0.72,cross,2,100,100,B_noise,0.15,hard,4,0.72
2095,1,0,0.13274396307524525,0.36313480269773396,0.10956141566945152,0.23485191023707402,0.18550360203888805,0.39763884966701923,0.5906161091496412,0.6931471805599453,0.85,cross,2,100,100,B_noise,0.15,easy,2,0.85
2096,0,1,0.14809616591737707,0.3341031685321216,0.16435164372556252,0.37091203833490494,0.16435164372556252,0.37091203833490494,1.0,-0.0,0.8,cross,2,100,100,B_noise,0.15,neutral,0,0.8
2097,0,1,0.13236524342259737,0.3349091743325005,0.13959224047038885,0.35451150446052593,0.13959224047038885,0.35451150446052593,1.0,-0.0,0.82,cross,2,100,100,B_noise,0.15,hard,0,0.82
2098,2,1,0.18151129218897924,0.35711023985984297,0.18879974295690602,0.3714730334737692,0.18879974295690602,0.3714730334737692,1.0,-0.0,0.79,cross,2,100,100,B_noise,0.15,easy,2,0.79
2099,6,1,0.11582597644871806,0.32097094359412265,0.12571057318226664,0.3499594684043824,0.12571057318226664,0.3499594684043824,1.0,-0.0,0.8,cross,2,100,100,B_noise,0.15,neutral,6,0.8
2100,4,1,0.12844041480618412,0.31319139546038866,0.13160201330510854,0.31936646437867966,0.13160201330510854,0.31936646437867966,1.0,-0.0,0.73,cross,2,100,100,B_noise,0.15,hard,4,0.73
2101,6,1,0.11478922236251983,0.32723974957152535,0.08982607919090135,0.21417128495419313,0.152088772722829,0.36262350727709275,0.5906161091496412,0.6931471805599453,0.75,cross,2,100,100,B_noise,0.15,easy,6,0.75
2102,5,1,0.11059792136417565,0.29973758751373325,0.12044756077601085,0.3264992555505911,0.12044756077601085,0.3264992555505911,1.0,-0.0,0.71,cross,2,100,100,B_noise,0.15,neutral,5,0.71
2103,0,1,0.0927435254939377,0.29817716924198695,0.0992169240222898,0.3182704662019253,0.0992169240222898,0.3182704662019253,1.0,-0.0,0.71,cross,2,100,100,B_noise,0.15,hard,0,0.71
2104,10,1,0.12267235705474228,0.3514837518682371,0.1320381075726239,0.3721244707826233,0.1320381075726239,0.3721244707826233,1.0,-0.0,0.84,cross,2,100,100,B_noise,0.15,easy,10,0.84
2105,7,1,0.10545749239258076,0.29436855470783896,0.11318947241512355,0.31451704188070123,0.11318947241512355,0.31451704188070123,1.0,-0.0,0.71,cross,2,100,100,B_noise,0.15,neutral,7,0.71
2106,7,1,0.1103315302480834,0.3315940886452777,0.08177814761477101,0.2052939302442912,0.13846244006536454,0.34759283917919176,0.5906161091496412,0.6931471805599453,0.71,cross,2,100,100,B_noise,0.15,hard,7,0.71
2107,6,1,0.12035052458115228,0.3278664146103764,0.1312014229366591,0.35696898453582127,0.1312014229366591,0.35696898453582127,1.0,-0.0,0.86,cross,2,100,100,B_noise,0.15,easy,6,0.86
2108,10,1,0.13107865738851168,0.3322900759763951,0.09354958869479427,0.21780245055682018,0.15839322234113346,0.368771605079327,0.5906161091496412,0.6931471805599453,0.75,cross,2,100,100,B_noise,0.15,neutral,10,0.75
2109,4,1,0.12999415331356035,0.32473758656677604,0.1483368228682786,0.3608055378603149,0.1483368228682786,0.3608055378603149,1.0,-0.0,0.79,cross,2,100,100,B_noise,0.15,hard,4,0.79
2110,5,1,0.11881594052326493,0.31647855691481275,0.12325271640115165,0.3278944788288841,0.12325271640115165,0.3278944788288841,1.0,-0.0,0.81,cross,2,100,100,B_noise,0.15,easy,5,0.81
2111,9,1,0.1096574905180118,0.3176199251001005,0.07679777842226758,0.20342285630078144,0.13002994200892976,0.344424835607119,0.5906161091496412,0.6931471805599453,0.73,cross,2,100,100,B_noise,0.15,neutral,9,0.73
2112,0,1,0.1427674508629023,0.35485753866631725,0.12228004598690591,0.22212552346032227,0.2070381151014702,0.37609120377724664,0.5906161091496412,0.6931471805599453,0.72,cross,2,100,100,B_noise,0.15,hard,0,0.72
2113,2,1,0.14094077110812633,0.31800146943967245,0.1519577585219476,0.3425400036501166,0.1519577585219476,0.3425400036501166,1.0,-0.0,0.8,cross,2,100,100,B_noise,0.15,easy,2,0.8
2114,2,1,0.15411605500359704,0.3345067215533383,0.16651792227213127,0.36181449970408325,0.16651792227213127,0.36181449970408325,1.0,-0.0,0.8,cross,2,100,100,B_noise,0.15,neutral,2,0.8
2115,7,1,0.09562534446307969,0.3172231522540862,0.0682102895893036,0.19739095578462076,0.11549005950330678,0.3342119402547635,0.5906161091496412,0.6931471805599453,0.74,cross,2,100,100,B_noise,0.15,hard,7,0.74
2116,6,1,0.13933566422796767,0.32640044992650613,0.14516750128229103,0.33964980141856393,0.14516750128229103,0.33964980141856393,1.0,-0.0,0.8,cross,2,100,100,B_noise,0.15,easy,6,0.8
2117,5,1,0.16434036998857962,0.36166825968971555,0.1803051092957129,0.3952929984035427,0.1803051092957129,0.3952929984035427,1.0,-0.0,0.8,cross,2,100,100,B_noise,0.15,neutral,5,0.8
2118,3,1,0.07663261247676348,0.28200189010663584,0.08092333362826679,0.29639754067646645,0.08092333362826679,0.29639754067646645,1.0,-0.0,0.69,cross,2,100,100,B_noise,0.15,hard,3,0.69
2119,8,1,0.12471751458844105,0.32263163095462555,0.13033062879002938,0.3363090693574477,0.13033062879002938,0.3363090693574477,1.0,-0.0,0.73,cross,2,100,100,B_noise,0.15,easy,8,0.73
2120,10,1,0.14297866484410232,0.32088604514031493,0.14926027404543887,0.33496000934666814,0.14926027404543887,0.33496000934666814,1.0,-0.0,0.7466666666666667,cross,2,300,300,B_noise,0.15,easy,10,0.7466666666666667
2121,9,1,0.09274956465596192,0.3053074697394784,0.08267154171426914,0.1966563891769835,0.13997508776605871,0.33296821087410894,0.5906161091496412,0.6931471805599453,0.7433333333333333,cross,2,300,300,B_noise,0.15,neutral,9,0.7433333333333333
2122,4,1,0.1115640148612471,0.30199223112715645,0.11565855998849635,0.31196299535054495,0.11565855998849635,0.31196299535054495,1.0,-0.0,0.7366666666666667,cross,2,300,300,B_noise,0.15,hard,4,0.7366666666666667
2123,5,1,0.1437408407591041,0.3408713572355349,0.15725670690846305,0.37235654858404044,0.15725670690846305,0.37235654858404044,1.0,-0.0,0.8166666666666667,cross,2,300,300,B_noise,0.15,easy,5,0.8166666666666667
2124,9,1,0.11247328360748428,0.30625111289902474,0.12138519823542197,0.3306312518917977,0.12138519823542197,0.3306312518917977,1.0,-0.0,0.7633333333333333,cross,2,300,300,B_noise,0.15,neutral,9,0.7633333333333333
2125,9,1,0.09970620232471863,0.2955566266941132,0.06967371660560814,0.18504577913549786,0.11796785682991806,0.31330973921778654,0.5906161091496412,0.6931471805599453,0.71,cross,2,300,300,B_noise,0.15,hard,9,0.71
2126,1,1,0.13503978578239795,0.3200274452411874,0.13655142734139955,0.3234185611056471,0.13655142734139955,0.3234185611056471,1.0,-0.0,0.7233333333333334,cross,2,300,300,B_noise,0.15,easy,1,0.7233333333333334
2127,3,1,0.13106639988301877,0.28996565108867234,0.13539554482057017,0.2997408684452431,0.13539554482057017,0.2997408684452431,1.0,-0.0,0.68,cross,2,300,300,B_noise,0.15,neutral,3,0.68
2128,6,0,0.09281446095177938,0.29900073941160643,0.09683474326127575,0.1955797455312655,0.1639554725330752,0.33114529472089377,0.5906161091496412,0.6931471805599453,0.7166666666666667,cross,2,300,300,B_noise,0.15,hard,3,0.7166666666666667
2129,2,1,0.1377233340217145,0.3193898719259908,0.14889633655072393,0.3407086308937109,0.14889633655072393,0.3407086308937109,1.0,-0.0,0.7766666666666666,cross,2,300,300,B_noise,0.15,easy,2,0.7766666666666666
2130,10,1,0.10107190268153227,0.3115351262934151,0.1046024002336813,0.3226869998598957,0.1046024002336813,0.3226869998598957,1.0,-0.0,0.8066666666666666,cross,2,300,300,B_noise,0.15,neutral,10,0.8066666666666666
2131,7,1,0.11253680607380406,0.32372562049993403,0.08622545226458489,0.2107699324979306,0.14599238139428805,0.3568645169556812,0.5906161091496412,0.6931471805599453,0.7633333333333333,cross,2,300,300,B_noise,0.15,hard,7,0.7633333333333333
2132,2,1,0.10424935975174336,0.29424853799207035,0.11301100673034069,0.3156699173429781,0.11301100673034069,0.3156699173429781,1.0,-0.0,0.7066666666666667,cross,2,300,300,B_noise,0.15,easy,2,0.7066666666666667
2133,2,1,0.10577129954660934,0.30243549832812877,0.11194910710582462,0.3199784827426578,0.11194910710582462,0.3199784827426578,1.0,-0.0,0.7666666666666667,cross,2,300,300,B_noise,0.15,neutral,2,0.7666666666666667
2134,3,1,0.10808002805286238,0.30312275771465835,0.11351586692618575,0.3192046164464026,0.11351586692618575,0.3192046164464026,1.0,-0.0,0.7166666666666667,cross,2,300,300,B_noise,0.15,hard,3,0.7166666666666667
2135,1,1,0.09763414297158107,0.31311283806814555,0.0937507970152979,0.20317948439341746,0.15873389764169937,0.34401277114833817,0.5906161091496412,0.6931471805599453,0.8033333333333333,cross,2,300,300,B_noise,0.15,easy,1,0.8033333333333333
2136,8,1,0.14112194111887463,0.33104670493801275,0.16300426292156686,0.3639230543863432,0.16300426292156686,0.3639230543863432,1.0,-0.0,0.8166666666666667,cross,2,300,300,B_noise,0.15,neutral,8,0.8166666666666667
2137,3,1,0.11315248556067445,0.2874741252006437,0.11676378338814397,0.29655747191960036,0.11676378338814397,0.29655747191960036,1.0,-0.0,0.6966666666666667,cross,2,300,300,B_noise,0.15,hard,3,0.6966666666666667
2138,2,1,0.12643111824667227,0.3026931155317426,0.13463985061623482,0.3214298084883407,0.13463985061623482,0.3214298084883407,1.0,-0.0,0.7433333333333333,cross,2,300,300,B_noise,0.15,easy,2,0.7433333333333333
2139,2,1,0.11445568135560318,0.30523402476761474,0.0797473741022589,0.18664221897550826,0.13502404161829887,0.3160127468318337,0.5906161091496412,0.6931471805599453,0.68,cross,2,300,300,B_noise,0.15,neutral,2,0.68
2140,0,1,0.13523682244245747,0.2995662990248992,0.1419280536321558,0.3113594931924866,0.1419280536321558,0.3113594931924866,1.0,-0.0,0.69,cross,2,300,300,B_noise,0.15,hard,0,0.69
2141,2,1,0.08750492956182135,0.2940914907731307,0.0921303034769567,0.30940526911318206,0.0921303034769567,0.30940526911318206,1.0,-0.0,0.79,cross,2,300,300,B_noise,0.15,easy,2,0.79
2142,0,1,0.12624764300775557,0.32278091467647574,0.09377610600689677,0.20622901262995344,0.15877674948946782,0.349176071284067,0.5906161091496412,0.6931471805599453,0.7366666666666667,cross,2,300,300,B_noise,0.15,neutral,0,0.7366666666666667
2143,7,1,0.14166657511273828,0.3253081447170295,0.1462793921635068,0.3364324978732555,0.1462793921635068,0.3364324978732555,1.0,-0.0,0.7533333333333333,cross,2,300,300,B_noise,0.15,hard,7,0.7533333333333333
2144,2,0,0.12233719624816909,0.3372052212179869,0.11011341599813783,0.21150536774074602,0.18643821983907144,0.35810971706353856,0.5906161091496412,0.6931471805599453,0.7566666666666667,cross,2,300,300,B_noise,0.15,easy,8,0.7566666666666667
2145,0,0,0.1366894835076011,0.33236668482687454,0.09637005342358451,0.20659610124819974,0.1631686842445534,0.3497976063430664,0.5906161091496412,0.6931471805599453,0.76,cross,2,300,300,B_noise,0.15,neutral,5,0.76
2146,0,1,0.14415062214754654,0.3304009938307775,0.1111542289078867,0.21247030041599219,0.18820046928270315,0.35974349010206175,0.5906161091496412,0.6931471805599453,0.7566666666666667,cross,2,300,300,B_noise,0.15,hard,0,0.7566666666666667
2147,6,1,0.10586738842066269,0.31385514886401944,0.11070973085582601,0.3262576235175758,0.11070973085582601,0.3262576235175758,1.0,-0.0,0.7733333333333333,cross,2,300,300,B_noise,0.15,easy,6,0.7733333333333333
2148,3,1,0.12385072293369437,0.29828720194683234,0.12954155726461963,0.3112354131208154,0.12954155726461963,0.3112354131208154,1.0,-0.0,0.6966666666666667,cross,2,300,300,B_noise,0.15,neutral,3,0.6966666666666667
2149,4,1,0.10458161862461206,0.308330153292036,0.08422995543345897,0.2037533495932594,0.1426137115608509,0.344984409393472,0.5906161091496412,0.6931471805599453,0.7266666666666667,cross,2,300,300,B_noise,0.15,hard,4,0.7266666666666667
2150,6,1,0.13267782350795715,0.31086573887269736,0.1420398877750923,0.3326743912588722,0.1420398877750923,0.3326743912588722,1.0,-0.0,0.7333333333333333,cross,2,300,300,B_noise,0.15,easy,6,0.7333333333333333
2151,5,1,0.14755458121322568,0.32495979769922595,0.1535023532391152,0.33761862229571415,0.1535023532391152,0.33761862229571415,1.0,-0.0,0.77,cross,2,300,300,B_noise,0.15,neutral,5,0.77
2152,3,1,0.10075969847189688,0.2877311350871757,0.1042797286761562,0.2962000953349773,0.1042797286761562,0.2962000953349773,1.0,-0.0,0.69,cross,2,300,300,B_noise,0.15,hard,3,0.69
2153,1,0,0.1257692509497903,0.3448803789630867,0.09914459014706425,0.21677779308720832,0.16786638327527317,0.367036709173614,0.5906161091496412,0.6931471805599453,0.8366666666666667,cross,2,300,300,B_noise,0.15,easy,8,0.8366666666666667
2154,3,1,0.12341736140737988,0.28433660233228075,0.12773477499850022,0.29428547707005265,0.12773477499850022,0.29428547707005265,1.0,-0.0,0.7066666666666667,cross,2,300,300,B_noise,0.15,neutral,3,0.7066666666666667
2155,10,0,0.10705279364744555,0.31254159951314603,0.08649626756940407,0.1949743179329981,0.14645091156409512,0.33012021668985414,0.5906161091496412,0.6931471805599453,0.7533333333333333,cross,2,300,300,B_noise,0.15,hard,3,0.7533333333333333
2156,5,1,0.1304233900486236,0.3384581394146343,0.0991966193175238,0.21266020674214223,0.16795447631854363,0.3600650294627532,0.5906161091496412,0.6931471805599453,0.78,cross,2,300,300,B_noise,0.15,easy,5,0.78
2157,9,1,0.15491423131904797,0.3244612924673412,0.16618497406692587,0.3459447134187831,0.16618497406692587,0.3459447134187831,1.0,-0.0,0.75,cross,2,300,300,B_noise,0.15,neutral,9,0.75
2158,3,1,0.08135999740169922,0.287137829462651,0.08434972043522215,0.29689142792861956,0.08434972043522215,0.29689142792861956,1.0,-0.0,0.6866666666666666,cross,2,300,300,B_noise,0.15,hard,3,0.6866666666666666
2159,5,1,0.18022313436808715,0.3515246512477716,0.19041972062240495,0.37142105997194763,0.19041972062240495,0.37142105997194763,1.0,-0.0,0.7833333333333333,cross,2,300,300,B_noise,0.15,easy,5,0.7833333333333333
2160,2,1,0.12150140129421073,0.3243329161975384,0.09774048601463911,0.22973960330669818,0.1599536901789779,0.3759721158298414,0.6110548991103224,0.6365141682948128,0.7,cross,3,30,30,B_noise,0.15,easy,2,0.7
2161,5,1,0.12097840751788044,0.34483348003194325,0.08884232660796317,0.19352733917347847,0.18644559837333727,0.4061388521827032,0.4765053580405044,1.0986122886681096,0.7666666666666667,cross,3,30,30,B_noise,0.15,neutral,5,0.7666666666666667
2162,9,1,0.08728865992211732,0.3144812183356096,0.07145834776424954,0.2287686062464539,0.11694259855913233,0.374383065383379,0.6110548991103224,0.6365141682948128,0.8666666666666667,cross,3,30,30,B_noise,0.15,hard,9,0.8666666666666667
2163,8,1,0.1278066599247763,0.3285189186019679,0.10629589115094847,0.2449589701945028,0.17395473190005037,0.4008788253742106,0.6110548991103224,0.6365141682948128,0.8333333333333334,cross,3,30,30,B_noise,0.15,easy,8,0.8333333333333334
2164,10,1,0.14206934876274765,0.3429365093749359,0.10835341041190817,0.24914657638647078,0.1773218913221504,0.4077319022386053,0.6110548991103224,0.6365141682948128,0.7333333333333333,cross,3,30,30,B_noise,0.15,neutral,10,0.7333333333333333
2165,4,1,0.0904095455938162,0.3153058852384164,0.07834166136550891,0.17894278979204226,0.16440877325633266,0.3755315376261342,0.4765053580405044,1.0986122886681096,0.7,cross,3,30,30,B_noise,0.15,hard,4,0.7
2166,5,1,0.19257427708715424,0.37563083705207545,0.2398508573595228,0.4645225025626092,0.2398508573595228,0.4645225025626092,1.0,-0.0,0.8666666666666667,cross,3,30,30,B_noise,0.15,easy,5,0.8666666666666667
2167,10,1,0.18086198513914298,0.3644640458890969,0.13275653091941436,0.2609532300361373,0.21725794378328997,0.42705365821643415,0.6110548991103224,0.6365141682948128,0.8333333333333334,cross,3,30,30,B_noise,0.15,neutral,10,0.8333333333333334
2168,9,0,0.05174882686580676,0.28482513114873853,0.05302863756013079,0.16071074922464149,0.11128655043501777,0.3372695532438915,0.4765053580405044,1.0986122886681096,0.6,cross,3,30,30,B_noise,0.15,hard,4,0.6
2169,2,1,0.16946594225180794,0.3291684957071046,0.2019717081694499,0.3840086772005779,0.2019717081694499,0.3840086772005779,1.0,-0.0,0.8666666666666667,cross,3,30,30,B_noise,0.15,easy,2,0.8666666666666667
2170,8,1,0.09923854796484399,0.2978160235755333,0.07021661769605847,0.1716924041649237,0.14735745676565895,0.3603157892514806,0.4765053580405044,1.0986122886681096,0.6,cross,3,30,30,B_noise,0.15,neutral,8,0.6
2171,3,1,0.09568805847151067,0.260205686189881,0.11630286133650541,0.30887732827601655,0.11630286133650541,0.30887732827601655,1.0,-0.0,0.6333333333333333,cross,3,30,30,B_noise,0.15,hard,3,0.6333333333333333
2172,2,1,0.1034174572485427,0.32051320767372116,0.11530908386200277,0.24083845026066555,0.18870494947326227,0.39413553612174473,0.6110548991103224,0.6365141682948128,0.7666666666666667,cross,3,30,30,B_noise,0.15,easy,2,0.7666666666666667
2173,3,1,0.11541225572519614,0.29111303620010326,0.0756042893602738,0.17242936632927475,0.15866409072749021,0.36186238710587115,0.4765053580405044,1.0986122886681096,0.6666666666666666,cross,3,30,30,B_noise,0.15,neutral,3,0.6666666666666666
2174,3,1,0.11359479177258838,0.30434025525057967,0.08452743145619501,0.22493033423493689,0.13833033918763177,0.36810167885476197,0.6110548991103224,0.6365141682948128,0.7666666666666667,cross,3,30,30,B_noise,0.15,hard,3,0.7666666666666667
2175,8,1,0.15516433472425709,0.332759438012677,0.18881421645067312,0.39575796553255116,0.18881421645067312,0.39575796553255116,1.0,-0.0,0.8333333333333334,cross,3,30,30,B_noise,0.15,easy,8,0.8333333333333334
2176,8,1,0.1567793305738026,0.35563622259780003,0.19937686310446448,0.448032441547132,0.19937686310446448,0.448032441547132,1.0,-0.0,0.9333333333333333,cross,3,30,30,B_noise,0.15,neutral,8,0.9333333333333332
2177,9,1,0.1030152279641196,0.3211816732530147,0.08075092182067148,0.22578433475629572,0.13215002766239564,0.3694992628076969,0.6110548991103224,0.6365141682948128,0.6666666666666666,cross,3,30,30,B_noise,0.15,hard,9,0.6666666666666666
2178,10,1,0.14475961659572564,0.3413689719757653,0.10629937179947929,0.24764999854760308,0.17396042803068593,0.40528273140134224,0.6110548991103224,0.6365141682948128,0.8333333333333334,cross,3,30,30,B_noise,0.15,easy,10,0.8333333333333334
2179,1,1,0.17092812588926995,0.34959211946395835,0.2221663798301193,0.439949147179159,0.2221663798301193,0.439949147179159,1.0,-0.0,0.7666666666666667,cross,3,30,30,B_noise,0.15,neutral,1,0.7666666666666667
2180,9,1,0.11427401668909143,0.3047236299910096,0.07235412416723631,0.17432756132929378,0.1518432541131804,0.3658459624591995,0.4765053580405044,1.0986122886681096,0.7333333333333333,cross,3,30,30,B_noise,0.15,hard,9,0.7333333333333333
2181,10,1,0.16331319282446213,0.33217866919997,0.1960131064088446,0.394302386986861,0.1960131064088446,0.394302386986861,1.0,-0.0,0.8666666666666667,cross,3,30,30,B_noise,0.15,easy,10,0.8666666666666667
2182,8,1,0.1429549250152471,0.3405862383442314,0.10377333397766444,0.2435167815537137,0.16982653134563735,0.3985186632302054,0.6110548991103224,0.6365141682948128,0.6666666666666666,cross,3,30,30,B_noise,0.15,neutral,8,0.6666666666666666
2183,3,1,0.1278066599247763,0.3100371102879992,0.13464712858222164,0.23659887848231534,0.22035193364501915,0.38719741683897174,0.6110548991103224,0.6365141682948128,0.6666666666666666,cross,3,30,30,B_noise,0.15,hard,3,0.6666666666666666
2184,5,1,0.18165490351477448,0.34855958436074663,0.22035193364501915,0.41875061113468104,0.22035193364501915,0.41875061113468104,1.0,-0.0,0.9333333333333333,cross,3,30,30,B_noise,0.15,easy,5,0.9333333333333332
2185,6,1,0.11624603829036442,0.3353700791151366,0.12546424618792162,0.25452695025642674,0.2053240165009622,0.4165369603075114,0.6110548991103224,0.6365141682948128,0.8333333333333334,cross,3,30,30,B_noise,0.15,neutral,6,0.8333333333333334
2186,3,1,0.09125815030316785,0.30217836664840975,0.10445915732544447,0.22045143079660776,0.17094889097122676,0.36077188991951203,0.6110548991103224,0.6365141682948128,0.7,cross,3,30,30,B_noise,0.15,hard,3,0.7
2187,8,1,0.08478770553678178,0.28450642760082506,0.06862161731757803,0.2049845777393189,0.11230024899152112,0.3354601657523249,0.6110548991103224,0.6365141682948128,0.7,cross,3,30,30,B_noise,0.15,easy,8,0.7
2188,1,1,0.15126755849330473,0.3516081135500087,0.17527255984598866,0.40243734761320105,0.17527255984598866,0.40243734761320105,1.0,-0.0,0.7666666666666667,cross,3,30,30,B_noise,0.15,neutral,1,0.7666666666666667
2189,10,0,0.07443433424506903,0.2916258050553944,0.06162263757196734,0.16825969158523474,0.12932202446867183,0.35311185644827975,0.4765053580405044,1.0986122886681096,0.6333333333333333,cross,3,30,30,B_noise,0.15,hard,4,0.6333333333333333
2190,6,1,0.09961177188439709,0.3231317373763725,0.08107130104374587,0.23379925545593708,0.13267433280018415,0.38261579409041935,0.6110548991103224,0.6365141682948128,0.6666666666666666,cross,3,30,30,B_noise,0.15,easy,6,0.6666666666666666
2191,2,1,0.1454065260142737,0.33039074457332684,0.11012685673175651,0.23049120718664973,0.18022416135129252,0.37720212622832744,0.6110548991103224,0.6365141682948128,0.7666666666666667,cross,3,30,30,B_noise,0.15,neutral,2,0.7666666666666667
2192,7,1,0.143067675415665,0.37223845938287375,0.10184108656286017,0.20666362380667813,0.21372495575213105,0.433706820541378,0.4765053580405044,1.0986122886681096,0.8333333333333334,cross,3,30,30,B_noise,0.15,hard,7,0.8333333333333334
2193,1,1,0.15878328540873593,0.3544451152378493,0.20023394720684579,0.447014996342402,0.20023394720684579,0.447014996342402,1.0,-0.0,0.8,cross,3,30,30,B_noise,0.15,easy,1,0.8
2194,3,1,0.07705431380874146,0.3067932431917178,0.05437621612224128,0.16838192880488506,0.11411459536540852,0.3533683849795705,0.4765053580405044,1.0986122886681096,0.6666666666666666,cross,3,30,30,B_noise,0.15,neutral,3,0.6666666666666666
2195,2,0,0.09358554846211375,0.31698593667992286,0.08169070100952351,0.21917394316949124,0.1336879896200206,0.3586812633179145,0.6110548991103224,0.6365141682948128,0.7666666666666667,cross,3,30,30,B_noise,0.15,hard,3,0.7666666666666667
2196,1,1,0.1221082358484843,0.34212113872481204,0.09536925868903164,0.24096384130914802,0.15607314306437345,0.3943407403491636,0.6110548991103224,0.6365141682948128,0.7666666666666667,cross,3,30,30,B_noise,0.15,easy,1,0.7666666666666667
2197,8,1,0.175754799212931,0.3582125576808295,0.2106701936176349,0.4263018643649647,0.2106701936176349,0.4263018643649647,1.0,-0.0,0.8666666666666667,cross,3,30,30,B_noise,0.15,neutral,8,0.8666666666666667
2198,3,1,0.08728865992211732,0.2799931005513469,0.07720077278220695,0.19619042246412538,0.12634015846139024,0.3210684060462861,0.6110548991103224,0.6365141682948128,0.5333333333333333,cross,3,30,30,B_noise,0.15,hard,3,0.5333333333333333
2199,5,1,0.16341094380093535,0.36005475301606166,0.14388524669335906,0.27267983831100456,0.23547024482227646,0.44624441880429766,0.6110548991103224,0.6365141682948128,0.8666666666666667,cross,3,30,30,B_noise,0.15,easy,5,0.8666666666666667
2200,8,1,0.12247829591238105,0.32932156618323893,0.13004036054195034,0.3502862431117873,0.13004036054195034,0.3502862431117873,1.0,-0.0,0.8282828282828283,cross,3,100,99,B_noise,0.15,easy,8,0.8282828282828283
2201,1,1,0.12145918652492932,0.33172089411047034,0.09538021939670477,0.18739429641679226,0.20016610052178502,0.3932679732865945,0.4765053580405044,1.0986122886681096,0.7878787878787878,cross,3,100,99,B_noise,0.15,neutral,1,0.7878787878787878
2202,7,1,0.11124173581722456,0.32469051068504456,0.09518281183172123,0.2283082515210253,0.15576802014075092,0.37362968835277366,0.6110548991103224,0.6365141682948128,0.7474747474747475,cross,3,100,99,B_noise,0.15,hard,7,0.7474747474747475
2203,2,1,0.13068044148199204,0.32062279792895754,0.09529136647309797,0.22209631194521492,0.15594567134939813,0.3634637612243687,0.6110548991103224,0.6365141682948128,0.7171717171717171,cross,3,100,99,B_noise,0.15,easy,2,0.7171717171717171
2204,0,1,0.09830650854614124,0.31705011399237,0.06940443352387232,0.2178529794181494,0.11358133880429253,0.35651948742303974,0.6110548991103224,0.6365141682948128,0.8181818181818182,cross,3,100,99,B_noise,0.15,neutral,0,0.8181818181818182
2205,9,1,0.1017468646070245,0.3030851111761938,0.07385684317953141,0.20610027566753975,0.12086777028883125,0.33728602121939544,0.6110548991103224,0.6365141682948128,0.7676767676767676,cross,3,100,99,B_noise,0.15,hard,9,0.7676767676767676
2206,10,1,0.12792224362591065,0.31471284286277945,0.14467661088706602,0.35390086377611485,0.14467661088706602,0.35390086377611485,1.0,-0.0,0.7474747474747475,cross,3,100,99,B_noise,0.15,easy,10,0.7474747474747475
2207,4,1,0.11238076050532965,0.30117068834004984,0.07982554705960745,0.20018548794642912,0.13063563875493192,0.32760638731134173,0.6110548991103224,0.6365141682948128,0.7171717171717171,cross,3,100,99,B_noise,0.15,neutral,4,0.7171717171717171
2208,4,1,0.11611971926811936,0.28100035962109154,0.1309493488708956,0.31059285152691746,0.1309493488708956,0.31059285152691746,1.0,-0.0,0.7171717171717171,cross,3,100,99,B_noise,0.15,hard,4,0.7171717171717171
2209,5,1,0.12784890163709725,0.3161514475050583,0.1517555551138748,0.35863698179444725,0.1517555551138748,0.35863698179444725,1.0,-0.0,0.8181818181818182,cross,3,100,99,B_noise,0.15,easy,5,0.8181818181818182
2210,8,1,0.12695947101051805,0.32825638056257683,0.10604856852778974,0.22814970923711658,0.17354998492311127,0.3733702316588832,0.6110548991103224,0.6365141682948128,0.7878787878787878,cross,3,100,99,B_noise,0.15,neutral,8,0.7878787878787878
2211,0,1,0.1334229228422452,0.31409937946596067,0.1474167527474428,0.3457730342744053,0.1474167527474428,0.3457730342744053,1.0,-0.0,0.7575757575757576,cross,3,100,99,B_noise,0.15,hard,0,0.7575757575757576
2212,10,1,0.13073951971818087,0.3269232605782971,0.13914964113718056,0.3469025784474813,0.13914964113718056,0.3469025784474813,1.0,-0.0,0.696969696969697,cross,3,100,99,B_noise,0.15,easy,10,0.696969696969697
2213,9,1,0.12902731542386325,0.293945753965503,0.13925235449900958,0.3160942048983933,0.13925235449900958,0.3160942048983933,1.0,-0.0,0.6868686868686869,cross,3,100,99,B_noise,0.15,neutral,9,0.6868686868686869
2214,4,1,0.09350379691014116,0.292657726824814,0.07028618579923318,0.19967338066632964,0.11502433889584678,0.326768316491772,0.6110548991103224,0.6365141682948128,0.7171717171717171,cross,3,100,99,B_noise,0.15,hard,4,0.7171717171717171
2215,5,1,0.14443707701798555,0.3197563899446534,0.15928979515195554,0.3525772118969636,0.15928979515195554,0.3525772118969636,1.0,-0.0,0.8080808080808081,cross,3,100,99,B_noise,0.15,easy,5,0.8080808080808081
2216,4,1,0.07614497612594541,0.28840730563235284,0.05748009480828835,0.15633582177569602,0.12062843331848194,0.3280882767375031,0.4765053580405044,1.0986122886681096,0.7171717171717171,cross,3,100,99,B_noise,0.15,neutral,4,0.7171717171717171
2217,9,1,0.10195009774001738,0.32160281552374953,0.07004855859435895,0.18128174869262567,0.1470047658696098,0.3804401055175883,0.4765053580405044,1.0986122886681096,0.8181818181818182,cross,3,100,99,B_noise,0.15,hard,9,0.8181818181818182
2218,2,1,0.1167024008918122,0.3202651213223256,0.07765773267206649,0.17255818646212362,0.1629734720957017,0.36213273061969564,0.4765053580405044,1.0986122886681096,0.7373737373737373,cross,3,100,99,B_noise,0.15,easy,2,0.7373737373737373
2219,5,1,0.12305691887739365,0.3177838787439109,0.08565965925749605,0.210103407267547,0.14018324602619822,0.343837202800356,0.6110548991103224,0.6365141682948128,0.6868686868686869,cross,3,100,99,B_noise,0.15,neutral,5,0.6868686868686869
2220,7,1,0.09340961983713277,0.2964407668807043,0.06996013185817593,0.199878504114193,0.1144907470016782,0.32710400392044986,0.6110548991103224,0.6365141682948128,0.7373737373737373,cross,3,100,99,B_noise,0.15,hard,7,0.7373737373737373
2221,2,0,0.1019601474908284,0.31680704953163574,0.09403599178019362,0.21370107677232306,0.1538912328779414,0.3497248399177642,0.6110548991103224,0.6365141682948128,0.7171717171717171,cross,3,100,99,B_noise,0.15,easy,6,0.7171717171717171
2222,8,1,0.16026560579681587,0.36150196567963155,0.13599274959396385,0.2559811880918345,0.2225540614958905,0.41891684112922656,0.6110548991103224,0.6365141682948128,0.8484848484848485,cross,3,100,99,B_noise,0.15,neutral,8,0.8484848484848485
2223,7,1,0.11686009532426138,0.3150159061226392,0.068494924722391,0.17285455651346557,0.14374429073380687,0.36275469645143504,0.4765053580405044,1.0986122886681096,0.7676767676767676,cross,3,100,99,B_noise,0.15,hard,7,0.7676767676767676
2224,10,1,0.12876212460496622,0.3241948583076695,0.14535132097226144,0.35882461270068655,0.14535132097226144,0.35882461270068655,1.0,-0.0,0.7373737373737373,cross,3,100,99,B_noise,0.15,easy,10,0.7373737373737373
2225,8,1,0.10907415374496487,0.29817986057611595,0.09137982175834854,0.20639893094355438,0.149544373003792,0.3377747748100294,0.6110548991103224,0.6365141682948128,0.7575757575757576,cross,3,100,99,B_noise,0.15,neutral,8,0.7575757575757576
2226,7,1,0.10847298032742826,0.3111143038845562,0.08292858235882944,0.2173982940350935,0.13571379998682764,0.3557753883515522,0.6110548991103224,0.6365141682948128,0.7676767676767676,cross,3,100,99,B_noise,0.15,hard,7,0.7676767676767676
2227,6,1,0.11208308389149244,0.3182307473929911,0.07841829440158384,0.20770428705987853,0.12833264984170575,0.33991100858906415,0.6110548991103224,0.6365141682948128,0.7171717171717171,cross,3,100,99,B_noise,0.15,easy,6,0.7171717171717171
2228,1,1,0.17983100615664216,0.37414433136830805,0.21406937157044692,0.4330615325138554,0.21406937157044692,0.4330615325138554,1.0,-0.0,0.8888888888888888,cross,3,100,99,B_noise,0.15,neutral,1,0.8888888888888888
2229,7,1,0.1495205816459881,0.33237615081513355,0.11613252453063302,0.22813316136982523,0.19005252179422585,0.37334315083960584,0.6110548991103224,0.6365141682948128,0.7373737373737373,cross,3,100,99,B_noise,0.15,hard,7,0.7373737373737373
2230,10,1,0.11268887034322886,0.30836529671816293,0.07744844491443367,0.2063737844319482,0.12674547741487105,0.3377336221875027,0.6110548991103224,0.6365141682948128,0.797979797979798,cross,3,100,99,B_noise,0.15,easy,10,0.797979797979798
2231,3,1,0.10354324435912149,0.30227919597150193,0.1057726670970322,0.21081615370061296,0.17309846832262377,0.34500362243647004,0.6110548991103224,0.6365141682948128,0.6868686868686869,cross,3,100,99,B_noise,0.15,neutral,3,0.6868686868686869
2232,4,1,0.10418605139725867,0.303556312014811,0.07393581552867834,0.16909139557470415,0.1551626110411828,0.35485728066111455,0.4765053580405044,1.0986122886681096,0.7474747474747475,cross,3,100,99,B_noise,0.15,hard,4,0.7474747474747475
2233,2,1,0.13037446604125436,0.31335183656826315,0.14500655961331993,0.3490969656260679,0.14500655961331993,0.3490969656260679,1.0,-0.0,0.7676767676767676,cross,3,100,99,B_noise,0.15,easy,2,0.7676767676767676
2234,2,1,0.12181013176907787,0.32617794289959284,0.10313836412630464,0.18593296145852656,0.21644743838858904,0.3902011977853178,0.4765053580405044,1.0986122886681096,0.8181818181818182,cross,3,100,99,B_noise,0.15,neutral,2,0.8181818181818182
2235,4,1,0.11009008298909236,0.3042020288468635,0.07731001396711291,0.20213392081415799,0.12651893320825014,0.3307950253053513,0.6110548991103224,0.6365141682948128,0.7575757575757576,cross,3,100,99,B_noise,0.15,hard,4,0.7575757575757576
2236,10,1,0.1199293962536068,0.31214704702167606,0.13000518991098903,0.3375468504801761,0.13000518991098903,0.3375468504801761,1.0,-0.0,0.7777777777777778,cross,3,100,99,B_noise,0.15,easy,10,0.7777777777777778
2237,4,1,0.1123010934896993,0.31022473047362087,0.08778957783026085,0.2129565054825726,0.14366888794784208,0.34850633845278206,0.6110548991103224,0.6365141682948128,0.7070707070707071,cross,3,100,99,B_noise,0.15,neutral,4,0.7070707070707071
2238,4,1,0.13616141296080103,0.331685418906812,0.15496135774324654,0.3800670099354977,0.15496135774324654,0.3800670099354977,1.0,-0.0,0.7777777777777778,cross,3,100,99,B_noise,0.15,hard,4,0.7777777777777778
2239,6,1,0.10284368465140283,0.29761948845742386,0.11342526688251266,0.327205916741082,0.11342526688251266,0.327205916741082,1.0,-0.0,0.7373737373737373,cross,3,100,99,B_noise,0.15,easy,6,0.7373737373737373
2240,8,1,0.15956924709526046,0.33762945156471247,0.17806044372069862,0.37598572678582004,0.17806044372069862,0.37598572678582004,1.0,-0.0,0.83,cross,3,300,300,B_noise,0.15,easy,8,0.83
2241,6,0,0.1112116667730443,0.3243081344086925,0.08196497386728842,0.21042689373329637,0.13413684103773157,0.3443665929848065,0.6110548991103224,0.6365141682948128,0.7566666666666667,cross,3,300,300,B_noise,0.15,neutral,7,0.7566666666666667
2242,4,1,0.1058119470695708,0.3036240214515399,0.08680937980278108,0.20742179644656464,0.1420647799881368,0.3394487086979657,0.6110548991103224,0.6365141682948128,0.7333333333333333,cross,3,300,300,B_noise,0.15,hard,4,0.7333333333333333
2243,1,1,0.13092418271575335,0.33840725161145696,0.09534878350121036,0.2281552899627668,0.15603963512940544,0.37337936459547916,0.6110548991103224,0.6365141682948128,0.8,cross,3,300,300,B_noise,0.15,easy,1,0.8
2244,8,1,0.09206084698794566,0.3015379293787923,0.09628367778471575,0.314944803480226,0.09628367778471575,0.314944803480226,1.0,-0.0,0.7733333333333333,cross,3,300,300,B_noise,0.15,neutral,8,0.7733333333333333
2245,3,1,0.08606687813781443,0.29787140023448394,0.08131561619780267,0.1634003253904009,0.17064995141332828,0.34291393083666305,0.4765053580405044,1.0986122886681096,0.6966666666666667,cross,3,300,300,B_noise,0.15,hard,3,0.6966666666666667
2246,6,1,0.1059221833178798,0.3013937564493774,0.11436197207727088,0.32467358888463954,0.11436197207727088,0.32467358888463954,1.0,-0.0,0.7833333333333333,cross,3,300,300,B_noise,0.15,easy,6,0.7833333333333333
2247,2,1,0.11474819535243022,0.31052806383588766,0.08137428275604723,0.21460863090556928,0.13317016666509957,0.35121006511531616,0.6110548991103224,0.6365141682948128,0.7666666666666667,cross,3,300,300,B_noise,0.15,neutral,2,0.7666666666666667
2248,7,1,0.10898153762353634,0.31675373952498076,0.07907235431141259,0.20312430163534256,0.12940302815105412,0.3324157975512273,0.6110548991103224,0.6365141682948128,0.7433333333333333,cross,3,300,300,B_noise,0.15,hard,7,0.7433333333333333
2249,10,1,0.1065351629863255,0.328172394152548,0.09933298049740355,0.2270867094627248,0.16255982996295323,0.3716306174671969,0.6110548991103224,0.6365141682948128,0.8066666666666666,cross,3,300,300,B_noise,0.15,easy,10,0.8066666666666666
2250,6,1,0.10881631139807021,0.3255761608728504,0.0819525245681955,0.21722904082821334,0.13411646758338067,0.3554984030804635,0.6110548991103224,0.6365141682948128,0.7733333333333333,cross,3,300,300,B_noise,0.15,neutral,6,0.7733333333333333
2251,3,1,0.10028027036238525,0.27774614548917664,0.10575387935152214,0.29138938262780995,0.10575387935152214,0.29138938262780995,1.0,-0.0,0.66,cross,3,300,300,B_noise,0.15,hard,3,0.66
2252,5,1,0.13223005682322347,0.33131779729632493,0.10125612671073907,0.21977150417249475,0.1657070859887793,0.35965918036575023,0.6110548991103224,0.6365141682948128,0.7666666666666667,cross,3,300,300,B_noise,0.15,easy,5,0.7666666666666667
2253,7,1,0.1145044214361561,0.2978676369337098,0.12349470893007994,0.3182386425132588,0.12349470893007994,0.3182386425132588,1.0,-0.0,0.7033333333333334,cross,3,300,300,B_noise,0.15,neutral,7,0.7033333333333334
2254,7,1,0.11614251680355492,0.31233584049881913,0.09730770432839422,0.2060539347909896,0.15924543681765962,0.33721018371834993,0.6110548991103224,0.6365141682948128,0.7466666666666667,cross,3,300,300,B_noise,0.15,hard,7,0.7466666666666667
2255,8,1,0.11006927435072507,0.3003176004013019,0.11821990070780354,0.32094935466555746,0.11821990070780354,0.32094935466555746,1.0,-0.0,0.7633333333333333,cross,3,300,300,B_noise,0.15,easy,8,0.7633333333333333
2256,9,1,0.12191520436411878,0.3207074311408459,0.0877496677069935,0.1797857160727658,0.18415253097643974,0.377300513077302,0.4765053580405044,1.0986122886681096,0.7666666666666667,cross,3,300,300,B_noise,0.15,neutral,9,0.7666666666666667
2257,9,1,0.13167394990903378,0.3114555726059043,0.14149601626630576,0.3347920119076695,0.14149601626630576,0.3347920119076695,1.0,-0.0,0.7766666666666666,cross,3,300,300,B_noise,0.15,hard,9,0.7766666666666666
2258,8,1,0.10076389452586894,0.3103518664799097,0.10894646735535496,0.3335015508350635,0.10894646735535496,0.3335015508350635,1.0,-0.0,0.8066666666666666,cross,3,300,300,B_noise,0.15,easy,8,0.8066666666666666
2259,10,1,0.18632070991757235,0.34537175578989393,0.20147715496465202,0.3708863946751082,0.20147715496465202,0.3708863946751082,1.0,-0.0,0.79,cross,3,300,300,B_noise,0.15,neutral,10,0.79
2260,3,1,0.0906809226102446,0.27932238894229305,0.06016162316356539,0.1796044196683513,0.09845534869478816,0.29392517747562447,0.6110548991103224,0.6365141682948128,0.6466666666666666,cross,3,300,300,B_noise,0.15,hard,3,0.6466666666666666
2261,10,1,0.11310498016677989,0.30518673785960826,0.1251458299116367,0.3344268821691399,0.1251458299116367,0.3344268821691399,1.0,-0.0,0.7633333333333333,cross,3,300,300,B_noise,0.15,easy,10,0.7633333333333333
2262,7,1,0.09444803818998868,0.2867596564967701,0.10219215069526684,0.30479306427482056,0.10219215069526684,0.30479306427482056,1.0,-0.0,0.7066666666666667,cross,3,300,300,B_noise,0.15,neutral,7,0.7066666666666667
2263,3,1,0.08880239544415101,0.28865660904290413,0.059126444247202835,0.15320753466448248,0.12408348248242973,0.3215232149634283,0.4765053580405044,1.0986122886681096,0.7366666666666667,cross,3,300,300,B_noise,0.15,hard,3,0.7366666666666667
2264,6,1,0.103477054818856,0.30333403736417547,0.11586550024218582,0.33648265983009007,0.11586550024218582,0.33648265983009007,1.0,-0.0,0.7433333333333333,cross,3,300,300,B_noise,0.15,easy,6,0.7433333333333333
2265,1,1,0.14447410370192307,0.3334235603966327,0.1540032171934865,0.35521172606623713,0.1540032171934865,0.35521172606623713,1.0,-0.0,0.7933333333333333,cross,3,300,300,B_noise,0.15,neutral,1,0.7933333333333333
2266,4,1,0.10005652654150456,0.3015382673207879,0.06943025165898555,0.1993241427407688,0.11362359054820428,0.32619678367848576,0.6110548991103224,0.6365141682948128,0.7733333333333333,cross,3,300,300,B_noise,0.15,hard,4,0.7733333333333333
2267,8,1,0.10194829169245277,0.30162319929005804,0.07337340218707342,0.20089042781946742,0.12007661225513926,0.32876003140136484,0.6110548991103224,0.6365141682948128,0.7433333333333333,cross,3,300,300,B_noise,0.15,easy,8,0.7433333333333333
2268,2,1,0.12613180267493992,0.3026704002088073,0.1371865509655411,0.3283818008436639,0.1371865509655411,0.3283818008436639,1.0,-0.0,0.7133333333333334,cross,3,300,300,B_noise,0.15,neutral,2,0.7133333333333334
2269,4,1,0.0985522738264111,0.30511503056107814,0.10091498584224391,0.21312080909797582,0.1651488041241026,0.34877522364729147,0.6110548991103224,0.6365141682948128,0.7433333333333333,cross,3,300,300,B_noise,0.15,hard,4,0.7433333333333333
2270,2,1,0.12596104340271247,0.32395712025081647,0.1344486809853036,0.3445679611474562,0.1344486809853036,0.3445679611474562,1.0,-0.0,0.78,cross,3,300,300,B_noise,0.15,easy,2,0.78
2271,6,1,0.15572220300569375,0.3320968470681663,0.1673875854473974,0.35866720694246135,0.1673875854473974,0.35866720694246135,1.0,-0.0,0.7633333333333333,cross,3,300,300,B_noise,0.15,neutral,6,0.7633333333333333
2272,9,1,0.11407160820283042,0.31060277533303504,0.12416264996146371,0.3335309706992026,0.12416264996146371,0.3335309706992026,1.0,-0.0,0.7433333333333333,cross,3,300,300,B_noise,0.15,hard,9,0.7433333333333333
2273,1,1,0.11035994925166061,0.3060052444819382,0.12227443357304982,0.33809064396736677,0.12227443357304982,0.33809064396736677,1.0,-0.0,0.8033333333333333,cross,3,300,300,B_noise,0.15,easy,1,0.8033333333333333
2274,8,1,0.11699643177208911,0.308469962905359,0.07815129585023642,0.20524566118320814,0.1278957029295115,0.3358874325073568,0.6110548991103224,0.6365141682948128,0.75,cross,3,300,300,B_noise,0.15,neutral,8,0.75
2275,3,1,0.0966106514085103,0.29068638888483006,0.054898853225821165,0.154188986208558,0.11521140801349519,0.3235829012345575,0.4765053580405044,1.0986122886681096,0.7066666666666667,cross,3,300,300,B_noise,0.15,hard,3,0.7066666666666667
2276,6,1,0.11284437174837739,0.31923810993992463,0.09661505888314159,0.21754142959816877,0.15811191273289882,0.35600963172851174,0.6110548991103224,0.6365141682948128,0.7533333333333333,cross,3,300,300,B_noise,0.15,easy,6,0.7533333333333333
2277,2,1,0.11093190971864778,0.29623609563880005,0.12356637665345169,0.32445588794094327,0.12356637665345169,0.32445588794094327,1.0,-0.0,0.75,cross,3,300,300,B_noise,0.15,neutral,2,0.75
2278,7,1,0.09063613812639716,0.2989415941055567,0.09757123370964878,0.31938329398841114,0.09757123370964878,0.31938329398841114,1.0,-0.0,0.77,cross,3,300,300,B_noise,0.15,hard,7,0.77
2279,2,1,0.12499288267294699,0.32061278257590087,0.08773543705833917,0.21445700367251266,0.1435802858075098,0.3509619250001197,0.6110548991103224,0.6365141682948128,0.7666666666666667,cross,3,300,300,B_noise,0.15,easy,2,0.7666666666666667
2280,8,1,0.13820821831318908,0.35170773746710327,0.11463117376179607,0.22176176990855712,0.23555791084303887,0.45570273347339685,0.48663690958856887,1.0549201679861442,0.8666666666666667,cross,5,30,30,B_noise,0.15,easy,8,0.8666666666666667
2281,10,1,0.11948877176449875,0.3461848312032718,0.10651574369110398,0.22106130434416596,0.21888134991889246,0.45426333265814967,0.48663690958856887,1.0549201679861442,0.9,cross,5,30,30,B_noise,0.15,neutral,10,0.9
2282,7,1,0.11691777674238941,0.33076256495794926,0.08536668692052617,0.19246974721537988,0.19909039796823072,0.4488739103302495,0.42878354652818723,1.3321790402101223,0.7333333333333333,cross,5,30,30,B_noise,0.15,hard,7,0.7333333333333333
2283,5,1,0.11053999311729162,0.322059076225939,0.09237688313109974,0.2223649729951825,0.1801599136767754,0.4336718557898983,0.5127493749626953,0.9502705392332347,0.7666666666666667,cross,5,30,30,B_noise,0.15,easy,5,0.7666666666666667
2284,1,1,0.1388173023222662,0.33368454347456045,0.17757789317689363,0.4207748388516576,0.17757789317689363,0.4207748388516576,1.0,-0.0,0.7666666666666667,cross,5,30,30,B_noise,0.15,neutral,1,0.7666666666666667
2285,9,1,0.1265698767923139,0.3561353725305252,0.09419122451608278,0.20209329776015925,0.19355544690540943,0.4152855933821803,0.48663690958856887,1.0549201679861442,0.8,cross,5,30,30,B_noise,0.15,hard,9,0.8
2286,6,1,0.13629755747914518,0.34220608237116024,0.08607751527672088,0.17124254265366942,0.2246139317712009,0.4468467830220985,0.383224293337255,1.6094379124341005,0.8333333333333334,cross,5,30,30,B_noise,0.15,easy,6,0.8333333333333334
2287,3,1,0.1438516108348738,0.31580936752334743,0.18015991367677536,0.39206026680691786,0.18015991367677536,0.39206026680691786,1.0,-0.0,0.8,cross,5,30,30,B_noise,0.15,neutral,3,0.8
2288,3,1,0.08973849024937884,0.3010297296927467,0.08842639832402606,0.19621911537181033,0.17245539954185113,0.38268035994404886,0.5127493749626953,0.9502705392332347,0.6333333333333333,cross,5,30,30,B_noise,0.15,hard,3,0.6333333333333333
2289,10,1,0.12578070269153263,0.33023655044090416,0.09824421066653292,0.2000423496195258,0.22912308893847583,0.46653457493704337,0.42878354652818723,1.3321790402101223,0.8666666666666667,cross,5,30,30,B_noise,0.15,easy,10,0.8666666666666667
2290,6,1,0.17886770917063174,0.35940315543680323,0.16264821715900793,0.30164617050408066,0.24403777920954098,0.4525906452753361,0.6664878597315517,0.5004024235381879,0.7,cross,5,30,30,B_noise,0.15,neutral,6,0.7
2291,4,1,0.14373234150042646,0.30971767386064664,0.13583051518598627,0.2687367584659195,0.20380043417549445,0.4032132836960623,0.6664878597315517,0.5004024235381879,0.7333333333333333,cross,5,30,30,B_noise,0.15,hard,4,0.7333333333333333
2292,8,1,0.16666911919027141,0.34493589820590514,0.20953300063392524,0.4301090987852512,0.20953300063392524,0.4301090987852512,1.0,-0.0,0.8,cross,5,30,30,B_noise,0.15,easy,8,0.8
2293,3,1,0.1221514974107416,0.3297908107986503,0.11243527073447858,0.2123027788215238,0.23104550542526234,0.4362652619198509,0.48663690958856887,1.0549201679861442,0.8666666666666667,cross,5,30,30,B_noise,0.15,neutral,3,0.8666666666666667
2294,4,1,0.10990430828836602,0.3086225881433223,0.08629695986899907,0.18484986993002306,0.2012599610403337,0.4311029922363671,0.42878354652818723,1.3321790402101223,0.8666666666666667,cross,5,30,30,B_noise,0.15,hard,4,0.8666666666666667
2295,1,1,0.1513996668476241,0.3546603260411887,0.1869229942113592,0.4258916010366503,0.1869229942113592,0.4258916010366503,1.0,-0.0,0.8333333333333334,cross,5,30,30,B_noise,0.15,easy,1,0.8333333333333334
2296,9,1,0.09515867386254635,0.2855781900723458,0.06939357815365686,0.1873898371897048,0.135336251085056,0.3654608788227937,0.5127493749626953,0.9502705392332347,0.7333333333333333,cross,5,30,30,B_noise,0.15,neutral,9,0.7333333333333333
2297,4,1,0.09515867386254635,0.2948624262324948,0.06184120894749427,0.16336985561840242,0.14422477132860081,0.38100775307539203,0.42878354652818723,1.3321790402101223,0.6666666666666666,cross,5,30,30,B_noise,0.15,hard,4,0.6666666666666666
2298,1,1,0.1265377957998778,0.32705130241673774,0.10839869171413997,0.20545071650076843,0.2528051568019159,0.47914785481924405,0.42878354652818723,1.3321790402101223,0.7666666666666667,cross,5,30,30,B_noise,0.15,easy,1,0.7666666666666667
2299,8,1,0.09747693827988443,0.3085319191453187,0.08408270405470351,0.1810048138464036,0.1960959200405702,0.4221356330297174,0.42878354652818723,1.3321790402101223,0.7333333333333333,cross,5,30,30,B_noise,0.15,neutral,8,0.7333333333333333
2300,9,1,0.07353918788742463,0.3003138337128509,0.05996611188475137,0.15504120411563677,0.15647784581333532,0.4045703960087764,0.383224293337255,1.6094379124341005,0.7,cross,5,30,30,B_noise,0.15,hard,9,0.7
2301,8,1,0.1535822720188834,0.3251743007628799,0.1324164353666783,0.27681245369033014,0.19867794054045193,0.4153300763825237,0.6664878597315517,0.5004024235381879,0.8,cross,5,30,30,B_noise,0.15,easy,8,0.8
2302,8,1,0.13744507647633458,0.30754261920690135,0.12176758977841393,0.2684128627926564,0.18270038681193615,0.4027273098429248,0.6664878597315517,0.5004024235381879,0.7333333333333333,cross,5,30,30,B_noise,0.15,neutral,8,0.7333333333333333
2303,4,1,0.09180612566390364,0.30283771754789346,0.09169843004413858,0.18414055876413807,0.18843295327036694,0.37839414794866505,0.48663690958856887,1.0549201679861442,0.6333333333333333,cross,5,30,30,B_noise,0.15,hard,4,0.6333333333333333
2304,8,1,0.13996151029151835,0.3277884336941764,0.09452071905057471,0.21685059391546382,0.18434097371147745,0.42291732472855886,0.5127493749626953,0.9502705392332347,0.9,cross,5,30,30,B_noise,0.15,easy,8,0.9
2305,4,1,0.07817390982882769,0.3100487671057698,0.10012787330079297,0.17045258532715632,0.2612774686824873,0.44478543842509016,0.383224293337255,1.6094379124341005,0.7333333333333333,cross,5,30,30,B_noise,0.15,neutral,4,0.7333333333333333
2306,7,1,0.10635514590127013,0.32561057486108147,0.07711178438728013,0.16081603676166503,0.20121841367561272,0.4196394632532847,0.383224293337255,1.6094379124341005,0.6333333333333333,cross,5,30,30,B_noise,0.15,hard,7,0.6333333333333333
2307,8,1,0.13798209788235968,0.3267648460404426,0.1324164353666783,0.285606234120503,0.19867794054045193,0.42852428585201785,0.6664878597315517,0.5004024235381879,0.7333333333333333,cross,5,30,30,B_noise,0.15,easy,8,0.7333333333333333
2308,0,1,0.11335856417219599,0.31715115188220866,0.13076642349777362,0.20787982272682998,0.30497071204474807,0.4848129654461087,0.42878354652818723,1.3321790402101223,0.8,cross,5,30,30,B_noise,0.15,neutral,0,0.8
2309,0,1,0.08630321466414427,0.28451016473971463,0.07833891980929363,0.16885886175121553,0.18270038681193615,0.39380909812992354,0.42878354652818723,1.3321790402101223,0.7,cross,5,30,30,B_noise,0.15,hard,0,0.7
2310,5,1,0.12831324594868349,0.3175576415848609,0.1046393844563297,0.18646051115054646,0.24403777920954098,0.43485929593217026,0.42878354652818723,1.3321790402101223,0.7666666666666667,cross,5,30,30,B_noise,0.15,easy,5,0.7666666666666667
2311,1,1,0.11738412550599615,0.3235430886454566,0.10770466437084157,0.2670309838220539,0.16160033944837782,0.40065393528639637,0.6664878597315517,0.5004024235381879,0.8,cross,5,30,30,B_noise,0.15,neutral,1,0.8
2312,0,1,0.07830897771620114,0.31016423897648726,0.08123881746636821,0.1807838468218078,0.18946346734651995,0.42162029836637743,0.42878354652818723,1.3321790402101223,0.5666666666666667,cross,5,30,30,B_noise,0.15,hard,0,0.5666666666666667
2313,2,1,0.09767100134775195,0.30946390845295685,0.10187198983099228,0.22032670568217597,0.19867794054045193,0.42969668309825954,0.5127493749626953,0.9502705392332347,0.7333333333333333,cross,5,30,30,B_noise,0.15,easy,2,0.7333333333333333
2314,3,1,0.11848822753031668,0.3275963294410733,0.10319591922844752,0.21730786291019993,0.2012599610403337,0.4238091229774975,0.5127493749626953,0.9502705392332347,0.8333333333333334,cross,5,30,30,B_noise,0.15,neutral,3,0.8333333333333334
2315,3,1,0.07688390303426525,0.28662361710756856,0.08543755026826341,0.16710772393943069,0.19925566398254263,0.3897251312287595,0.42878354652818723,1.3321790402101223,0.6333333333333333,cross,5,30,30,B_noise,0.15,hard,3,0.6333333333333333
2316,1,1,0.12464925197324923,0.3143077591180669,0.11835350995910594,0.26946230393190457,0.17757789317689363,0.4043018938716134,0.6664878597315517,0.5004024235381879,0.6666666666666666,cross,5,30,30,B_noise,0.15,easy,1,0.6666666666666666
2317,6,1,0.1255174073509122,0.321895004746298,0.0940112882130526,0.19619526108220062,0.2192511559136342,0.457562475684461,0.42878354652818723,1.3321790402101223,0.8,cross,5,30,30,B_noise,0.15,neutral,6,0.8
2318,0,1,0.12578070269153263,0.3070213534228962,0.1234884750951631,0.27294719682051344,0.1852824073118179,0.4095306356074531,0.6664878597315517,0.5004024235381879,0.7666666666666667,cross,5,30,30,B_noise,0.15,hard,0,0.7666666666666667
2319,8,1,0.121212610670173,0.309190024160603,0.08123881746636823,0.18422914830103954,0.18946346734651998,0.42965535826344664,0.42878354652818723,1.3321790402101223,0.7333333333333333,cross,5,30,30,B_noise,0.15,easy,8,0.7333333333333333
2320,2,1,0.11152014475792227,0.29690291642789646,0.09528495083522467,0.1903717831102597,0.1858314324462259,0.37127648010123865,0.5127493749626953,0.9502705392332347,0.72,cross,5,100,100,B_noise,0.15,easy,2,0.72
2321,5,1,0.11304364608442335,0.30463466378824544,0.10163595187240784,0.24427685606616298,0.15249482850797136,0.36651358685596,0.6664878597315517,0.5004024235381879,0.78,cross,5,100,100,B_noise,0.15,neutral,5,0.78
2322,9,1,0.11004958779046922,0.3084890906985633,0.06917620865777205,0.18290927585238345,0.13491232176110388,0.3567225720473884,0.5127493749626953,0.9502705392332347,0.8,cross,5,100,100,B_noise,0.15,hard,9,0.8
2323,5,1,0.13499780362338024,0.32683071783661005,0.1561776940704333,0.3777130138197468,0.1561776940704333,0.3777130138197468,1.0,-0.0,0.76,cross,5,100,100,B_noise,0.15,easy,5,0.76
2324,0,1,0.11726144332573551,0.2986706275968445,0.13139501789899868,0.33227309309866215,0.13139501789899868,0.33227309309866215,1.0,-0.0,0.73,cross,5,100,100,B_noise,0.15,neutral,0,0.73
2325,3,1,0.09556109459718747,0.2763066808806981,0.07869325148271852,0.20921826040886532,0.11807154524077097,0.31391158496590527,0.6664878597315517,0.5004024235381879,0.65,cross,5,100,100,B_noise,0.15,hard,3,0.65
2326,10,1,0.11030406472771566,0.30378502065072177,0.08822612169973643,0.24131984649557645,0.13237468681765965,0.3620768825298264,0.6664878597315517,0.5004024235381879,0.74,cross,5,100,100,B_noise,0.15,easy,10,0.74
2327,7,1,0.11068958308546872,0.3011600179333823,0.08644504372103491,0.23295860067519,0.1297023531019054,0.34953164903712003,0.6664878597315517,0.5004024235381879,0.73,cross,5,100,100,B_noise,0.15,neutral,7,0.73
2328,4,1,0.11234810865731276,0.2977612183662474,0.08612625876017697,0.1888784255772522,0.16796950511435146,0.3683640289000721,0.5127493749626953,0.9502705392332347,0.75,cross,5,100,100,B_noise,0.15,hard,4,0.75
2329,8,1,0.11742253412055165,0.29981847653449073,0.13440894188132116,0.339751079269996,0.13440894188132116,0.339751079269996,1.0,-0.0,0.72,cross,5,100,100,B_noise,0.15,easy,8,0.72
2330,6,1,0.10845508841404997,0.30834145535801216,0.060181283314031976,0.1552644329129671,0.14035352755793254,0.3621044561297325,0.42878354652818723,1.3321790402101223,0.68,cross,5,100,100,B_noise,0.15,neutral,6,0.68
2331,0,1,0.08193453497533937,0.2876824897581014,0.06794107805891637,0.17514290456622994,0.13250348294205014,0.34157604693125626,0.5127493749626953,0.9502705392332347,0.76,cross,5,100,100,B_noise,0.15,hard,0,0.76
2332,2,1,0.15112880151053298,0.3284021639544954,0.1733532375901637,0.3730429084000101,0.1733532375901637,0.3730429084000101,1.0,-0.0,0.71,cross,5,100,100,B_noise,0.15,easy,2,0.71
2333,2,1,0.13380908673811429,0.3132624989035356,0.0853218807606618,0.19140758240956685,0.16640075039948965,0.3732965689592358,0.5127493749626953,0.9502705392332347,0.77,cross,5,100,100,B_noise,0.15,neutral,2,0.77
2334,0,1,0.10003211609821928,0.28952385791340557,0.06728738891367385,0.17121916343280977,0.13122861226026708,0.33392369019516926,0.5127493749626953,0.9502705392332347,0.67,cross,5,100,100,B_noise,0.15,hard,0,0.67
2335,1,1,0.14777502999498004,0.32993443545656576,0.18534343271632125,0.4043086588745485,0.18534343271632125,0.4043086588745485,1.0,-0.0,0.81,cross,5,100,100,B_noise,0.15,easy,1,0.81
2336,0,1,0.12726725677089706,0.30947179765749744,0.11251882938943211,0.24807112123572314,0.16882352430958383,0.37220651151191464,0.6664878597315517,0.5004024235381879,0.79,cross,5,100,100,B_noise,0.15,neutral,0,0.79
2337,0,1,0.13260423716890468,0.31025968319141173,0.11139852568573662,0.2444526655221345,0.1671426179174603,0.36677737178978065,0.6664878597315517,0.5004024235381879,0.76,cross,5,100,100,B_noise,0.15,hard,0,0.76
2338,10,1,0.15261339391146853,0.3216569523392841,0.11726467226208213,0.24592267898356068,0.17594419845743936,0.36898298354993825,0.6664878597315517,0.5004024235381879,0.73,cross,5,100,100,B_noise,0.15,easy,10,0.73
2339,10,1,0.15083318353545858,0.3427538759451921,0.11176605434517517,0.25404771642872054,0.16769405880880164,0.3811738094239946,0.6664878597315517,0.5004024235381879,0.8,cross,5,100,100,B_noise,0.15,neutral,10,0.8
2340,0,1,0.13755736044314137,0.3003065474369877,0.16284494493669438,0.35284413150082455,0.16284494493669438,0.35284413150082455,1.0,-0.0,0.77,cross,5,100,100,B_noise,0.15,hard,0,0.77
2341,6,1,0.14113520934406495,0.32737620395805295,0.17188178719911126,0.3973270000118452,0.17188178719911126,0.3973270000118452,1.0,-0.0,0.77,cross,5,100,100,B_noise,0.15,easy,6,0.77
2342,0,1,0.08126760547141261,0.2847527359446537,0.06788707762858236,0.21759085105426731,0.10185793580085006,0.32647384026155957,0.6664878597315517,0.5004024235381879,0.66,cross,5,100,100,B_noise,0.15,neutral,0,0.66
2343,0,1,0.11666772350609525,0.31013985274809613,0.10677164896876572,0.2629252299249806,0.16020044087790475,0.3944936521887762,0.6664878597315517,0.5004024235381879,0.8,cross,5,100,100,B_noise,0.15,hard,0,0.8
2344,6,1,0.1376991679638964,0.31692185540874274,0.11470001985205606,0.2485456204634617,0.17209618776590319,0.3729184513031806,0.6664878597315517,0.5004024235381879,0.79,cross,5,100,100,B_noise,0.15,easy,6,0.79
2345,4,1,0.10927675768881118,0.30672849861944856,0.07733730195976157,0.18415821607096486,0.1589219815347484,0.37843043230457574,0.48663690958856887,1.0549201679861442,0.75,cross,5,100,100,B_noise,0.15,neutral,4,0.75
2346,3,1,0.1102284278767801,0.27893699439663455,0.13401398483771387,0.3319985165990559,0.13401398483771387,0.3319985165990559,1.0,-0.0,0.75,cross,5,100,100,B_noise,0.15,hard,3,0.75
2347,8,1,0.1278714839887862,0.3121019338982463,0.08002103877110105,0.18999536097810366,0.15606267443411884,0.37054235510657935,0.5127493749626953,0.9502705392332347,0.74,cross,5,100,100,B_noise,0.15,easy,8,0.74
2348,5,1,0.14019975660073322,0.3234022783924853,0.1395746796003664,0.2624375284123967,0.20941818753695582,0.3937619036573321,0.6664878597315517,0.5004024235381879,0.76,cross,5,100,100,B_noise,0.15,neutral,5,0.76
2349,7,1,0.17596463522533512,0.32724440926688725,0.2091959878663062,0.3838775297022777,0.2091959878663062,0.3838775297022777,1.0,-0.0,0.78,cross,5,100,100,B_noise,0.15,hard,7,0.78
2350,6,1,0.13010677702942733,0.32635470044972636,0.10627688755759632,0.2582217632576264,0.159458099657513,0.3874365594020469,0.6664878597315517,0.5004024235381879,0.88,cross,5,100,100,B_noise,0.15,easy,6,0.88
2351,10,1,0.11719142491363325,0.31217749900130287,0.08273881789300462,0.19150816794196762,0.16136307898771055,0.3734927379597501,0.5127493749626953,0.9502705392332347,0.78,cross,5,100,100,B_noise,0.15,neutral,10,0.78
2352,9,1,0.1435440329355981,0.32490601277226266,0.11381466565536362,0.25436055441822325,0.17076780018349613,0.3816431923016193,0.6664878597315517,0.5004024235381879,0.78,cross,5,100,100,B_noise,0.15,hard,9,0.78
2353,1,1,0.15956948403231366,0.329817835187583,0.1889841599328871,0.39045278051683896,0.1889841599328871,0.39045278051683896,1.0,-0.0,0.84,cross,5,100,100,B_noise,0.15,easy,1,0.84
2354,5,1,0.16130014890581848,0.3369012360427998,0.18068086350399074,0.37668596111405683,0.18068086350399074,0.37668596111405683,1.0,-0.0,0.78,cross,5,100,100,B_noise,0.15,neutral,5,0.78
2355,4,1,0.07744259688954856,0.30013506016122965,0.0678698856390667,0.15499913059712464,0.15828472474888933,0.3614857236294055,0.42878354652818723,1.3321790402101223,0.71,cross,5,100,100,B_noise,0.15,hard,4,0.71
2356,1,1,0.13838148853919038,0.3266662023293624,0.12368220868232341,0.2706812845862592,0.18557308565551395,0.4061308553996532,0.6664878597315517,0.5004024235381879,0.8,cross,5,100,100,B_noise,0.15,easy,1,0.8
2357,1,1,0.1204586335992359,0.3140670240837324,0.0899397124126802,0.19586922659740474,0.17540677142555988,0.3819979821753172,0.5127493749626953,0.9502705392332347,0.8,cross,5,100,100,B_noise,0.15,neutral,1,0.8
2358,3,1,0.1038127726201159,0.2927128668396609,0.07678297499042337,0.16107169096068377,0.1790716449176434,0.3756480216297089,0.42878354652818723,1.3321790402101223,0.74,cross,5,100,100,B_noise,0.15,hard,3,0.74
2359,8,1,0.12683116166724767,0.3157280293338459,0.11697670284906007,0.25546008165791373,0.17551212845223618,0.3832929256367972,0.6664878597315517,0.5004024235381879,0.78,cross,5,100,100,B_noise,0.15,easy,8,0.78
2360,6,1,0.10251743480827377,0.2973337465638065,0.08539871436903235,0.22332292400221268,0.1281324380063416,0.33507425640455446,0.6664878597315517,0.5004024235381879,0.6933333333333334,cross,5,300,300,B_noise,0.15,easy,6,0.6933333333333334
2361,6,1,0.1347994166867923,0.31685215922907783,0.0833154485867995,0.18601514699920146,0.16248766484183633,0.3627798610436821,0.5127493749626953,0.9502705392332347,0.7466666666666667,cross,5,300,300,B_noise,0.15,neutral,6,0.7466666666666667
2362,9,1,0.11984580826285343,0.3038836969981783,0.09085872907688294,0.23185241871250076,0.1363246573065548,0.34787193093942687,0.6664878597315517,0.5004024235381879,0.8166666666666667,cross,5,300,300,B_noise,0.15,hard,9,0.8166666666666667
2363,2,1,0.1405731935067123,0.3217530197489363,0.15097974397405342,0.3454343609658706,0.15097974397405342,0.3454343609658706,1.0,-0.0,0.7966666666666666,cross,5,300,300,B_noise,0.15,easy,2,0.7966666666666666
2364,10,1,0.12498885972550793,0.3181052266737363,0.09466389187498486,0.2374904331935206,0.14203393279078427,0.3563312215306924,0.6664878597315517,0.5004024235381879,0.78,cross,5,300,300,B_noise,0.15,neutral,10,0.78
2365,0,1,0.10955418870148921,0.2992987168537961,0.0888573535969917,0.2195503959163563,0.13332178868611608,0.3294139461216697,0.6664878597315517,0.5004024235381879,0.7333333333333333,cross,5,300,300,B_noise,0.15,hard,0,0.7333333333333333
2366,2,1,0.12394105483710156,0.3069949953608457,0.1342063737271772,0.3292013255767643,0.1342063737271772,0.3292013255767643,1.0,-0.0,0.71,cross,5,300,300,B_noise,0.15,easy,2,0.71
2367,9,1,0.10056341246753872,0.2950970882989769,0.07232182248869722,0.18038043257705644,0.14104711974336182,0.35179064350918005,0.5127493749626953,0.9502705392332347,0.7533333333333333,cross,5,300,300,B_noise,0.15,neutral,9,0.7533333333333333
2368,0,1,0.11592593217429277,0.3041790498701959,0.12733826846356316,0.3290778407262627,0.12733826846356316,0.3290778407262627,1.0,-0.0,0.7633333333333333,cross,5,300,300,B_noise,0.15,hard,0,0.7633333333333333
2369,10,1,0.10596887805978245,0.30357882343269654,0.1193703473385108,0.3355430624964828,0.1193703473385108,0.3355430624964828,1.0,-0.0,0.7166666666666667,cross,5,300,300,B_noise,0.15,easy,10,0.7166666666666667
2370,1,1,0.12017452055734694,0.31903483380122055,0.0779034051489718,0.18770370512469906,0.1519327159679904,0.36607300620962296,0.5127493749626953,0.9502705392332347,0.8,cross,5,300,300,B_noise,0.15,neutral,1,0.8
2371,7,1,0.1129058812793212,0.30268795274890187,0.08749918056723348,0.22067285445891688,0.13128398258068263,0.3310980856392487,0.6664878597315517,0.5004024235381879,0.7266666666666667,cross,5,300,300,B_noise,0.15,hard,7,0.7266666666666667
2372,6,1,0.10221559064006146,0.30437012190719154,0.05618906209735627,0.15263557561576446,0.1310429529125193,0.3559734902414931,0.42878354652818723,1.3321790402101223,0.78,cross,5,300,300,B_noise,0.15,easy,6,0.78
2373,9,1,0.12150219299642433,0.3045370897013842,0.08805444879247949,0.2207626697174611,0.1321171083715555,0.3312328446708392,0.6664878597315517,0.5004024235381879,0.71,cross,5,300,300,B_noise,0.15,neutral,9,0.71
2374,7,1,0.12771123347286908,0.3001828433082006,0.09515634874491061,0.2177474651301821,0.14277281627190888,0.32670882440062227,0.6664878597315517,0.5004024235381879,0.7466666666666667,cross,5,300,300,B_noise,0.15,hard,7,0.7466666666666667
2375,1,1,0.11479623516792929,0.30580938682156833,0.12495157723964216,0.33049945396945407,0.12495157723964216,0.33049945396945407,1.0,-0.0,0.7366666666666667,cross,5,300,300,B_noise,0.15,easy,1,0.7366666666666667
2376,0,1,0.10082928486550907,0.2885126929663569,0.10987966348344531,0.3142693662587232,0.10987966348344531,0.3142693662587232,1.0,-0.0,0.7566666666666667,cross,5,300,300,B_noise,0.15,neutral,0,0.7566666666666667
2377,7,1,0.11355285755521577,0.2960631782264064,0.12741787306414215,0.32987179173335834,0.12741787306414215,0.32987179173335834,1.0,-0.0,0.71,cross,5,300,300,B_noise,0.15,hard,7,0.71
2378,10,1,0.11854782598394958,0.30600295142589395,0.13629784550372023,0.34645165428364055,0.13629784550372023,0.34645165428364055,1.0,-0.0,0.74,cross,5,300,300,B_noise,0.15,easy,10,0.74
2379,10,1,0.15439561600869742,0.3283184571609551,0.17627680892635678,0.3730945728241956,0.17627680892635678,0.3730945728241956,1.0,-0.0,0.7766666666666666,cross,5,300,300,B_noise,0.15,neutral,10,0.7766666666666666
2380,4,1,0.10136468020123399,0.2970724012312111,0.10798794588227639,0.3149273065201533,0.10798794588227639,0.3149273065201533,1.0,-0.0,0.7233333333333334,cross,5,300,300,B_noise,0.15,hard,4,0.7233333333333334
2381,8,1,0.10894950193822749,0.2954748516581785,0.12265112880903771,0.33072650014788657,0.12265112880903771,0.33072650014788657,1.0,-0.0,0.7466666666666667,cross,5,300,300,B_noise,0.15,easy,8,0.7466666666666667
2382,6,1,0.1225565549894984,0.31625070501458585,0.10692295448865738,0.23520844529040708,0.1604274600466449,0.35290732135037606,0.6664878597315517,0.5004024235381879,0.7366666666666667,cross,5,300,300,B_noise,0.15,neutral,6,0.7366666666666667
2383,9,1,0.11302440953524927,0.29649276533221064,0.12506727491090866,0.3276426950232831,0.12506727491090866,0.3276426950232831,1.0,-0.0,0.77,cross,5,300,300,B_noise,0.15,hard,9,0.77
2384,6,1,0.14808019993471763,0.31753729031468925,0.16507140469229767,0.3504074041295974,0.16507140469229767,0.3504074041295974,1.0,-0.0,0.7833333333333333,cross,5,300,300,B_noise,0.15,easy,6,0.7833333333333333
2385,5,1,0.12202145311423779,0.32905100053389064,0.0741248636105354,0.15907691004449498,0.17287245327092465,0.37099583538716224,0.42878354652818723,1.3321790402101223,0.7933333333333333,cross,5,300,300,B_noise,0.15,neutral,5,0.7933333333333333
2386,4,1,0.11722596882280557,0.3082496804455335,0.0788008991576554,0.1757769233361551,0.16192955693450845,0.36120754483001943,0.48663690958856887,1.0549201679861442,0.7333333333333333,cross,5,300,300,B_noise,0.15,hard,4,0.7333333333333333
2387,6,1,0.10474295970711783,0.3057914831771733,0.061588258974407215,0.15295635885061934,0.14363484670314547,0.3567216141782725,0.42878354652818723,1.3321790402101223,0.7566666666666667,cross,5,300,300,B_noise,0.15,easy,6,0.7566666666666667
2388,6,1,0.12488839496314504,0.3139471786010041,0.0980277622963942,0.2339706538675962,0.14708109212353526,0.3510501360997558,0.6664878597315517,0.5004024235381879,0.7966666666666666,cross,5,300,300,B_noise,0.15,neutral,6,0.7966666666666666
2389,4,1,0.09504158866524189,0.29068134245884736,0.0555485175785087,0.1395555192329285,0.12954908841134152,0.32546845690067644,0.42878354652818723,1.3321790402101223,0.67,cross,5,300,300,B_noise,0.15,hard,4,0.67
2390,2,1,0.11827829269084957,0.31710837020749727,0.08788139852426918,0.21466585377002384,0.1470266050441924,0.35913847786575287,0.5977244628470766,0.6730116670092565,0.8,cross,5,300,300,B_noise,0.15,easy,2,0.8
2391,7,1,0.12090302520324878,0.30505145799768507,0.0955949327536287,0.22973147245874836,0.1434308687815146,0.34468965804010254,0.6664878597315517,0.5004024235381879,0.71,cross,5,300,300,B_noise,0.15,neutral,7,0.71
2392,7,1,0.1355198574222433,0.3124129587160284,0.093622849846466,0.18821725976216105,0.18258988585461944,0.3670745766893517,0.5127493749626953,0.9502705392332347,0.76,cross,5,300,300,B_noise,0.15,hard,7,0.76
2393,5,1,0.11871743900012852,0.32213759228467337,0.08058181744388929,0.1861323047181746,0.15715634455868804,0.3630083502914392,0.5127493749626953,0.9502705392332347,0.8,cross,5,300,300,B_noise,0.15,easy,5,0.8
2394,1,1,0.13881189571913277,0.32101084966725835,0.0847089231099671,0.18587359598236436,0.16520531715154216,0.3625037982657462,0.5127493749626953,0.9502705392332347,0.78,cross,5,300,300,B_noise,0.15,neutral,1,0.78
2395,3,1,0.09963572343317835,0.2968364706654668,0.07235214365627222,0.1693309403706035,0.1411062542231985,0.33024114438544766,0.5127493749626953,0.9502705392332347,0.6966666666666667,cross,5,300,300,B_noise,0.15,hard,3,0.6966666666666667
2396,2,1,0.11319253093137689,0.3161664240285569,0.06661714801907628,0.14760504611388836,0.1738333116592119,0.385166203396164,0.383224293337255,1.6094379124341005,0.8,cross,5,300,300,B_noise,0.15,easy,2,0.8
2397,6,1,0.1470500597039572,0.3231316461535638,0.11049249672938685,0.24087775633160144,0.16578320987555734,0.3614135693763759,0.6664878597315517,0.5004024235381879,0.7433333333333333,cross,5,300,300,B_noise,0.15,neutral,6,0.7433333333333333
2398,7,1,0.12238100140571845,0.30616474905344826,0.1357037870255406,0.33871538028759485,0.1357037870255406,0.33871538028759485,1.0,-0.0,0.6833333333333333,cross,5,300,300,B_noise,0.15,hard,7,0.6833333333333333
2399,2,1,0.10403191623219649,0.29364505557337117,0.1131910998886344,0.3180653642392861,0.1131910998886344,0.3180653642392861,1.0,-0.0,0.7166666666666667,cross,5,300,300,B_noise,0.15,easy,2,0.7166666666666667
2400,10,0,0.1108936285461785,0.3419779292360547,0.1108936285461785,0.3419779292360547,0.1108936285461785,0.3419779292360547,1.0,-0.0,0.7333333333333333,diversified,1,30,30,B_noise,0.15,easy,6,0.7333333333333333
2401,6,0,0.131442655297827,0.3692886461134679,0.131442655297827,0.3692886461134679,0.131442655297827,0.3692886461134679,1.0,-0.0,0.8333333333333334,diversified,1,30,30,B_noise,0.15,neutral,10,0.8333333333333334
2402,8,0,0.2934428447232899,0.4380069369135267,0.2934428447232899,0.4380069369135267,0.2934428447232899,0.4380069369135267,1.0,-0.0,0.7666666666666667,diversified,1,30,30,B_noise,0.15,hard,9,0.7666666666666667
2403,4,0,0.25816457657906977,0.4163768606147815,0.25816457657906977,0.4163768606147815,0.25816457657906977,0.4163768606147815,1.0,-0.0,0.8333333333333334,diversified,1,30,30,B_noise,0.15,easy,8,0.8333333333333334
2404,2,0,0.3182706388670727,0.4730378299684898,0.3182706388670727,0.4730378299684898,0.3182706388670727,0.4730378299684898,1.0,-0.0,0.8,diversified,1,30,30,B_noise,0.15,neutral,3,0.8
2405,1,0,0.14615925917390424,0.3304632621697053,0.14615925917390424,0.3304632621697053,0.14615925917390424,0.3304632621697053,1.0,-0.0,0.6,diversified,1,30,30,B_noise,0.15,hard,7,0.6
2406,9,0,0.3290650873935751,0.44793360472367805,0.3290650873935751,0.44793360472367805,0.3290650873935751,0.44793360472367805,1.0,-0.0,0.8,diversified,1,30,30,B_noise,0.15,easy,10,0.8
2407,9,0,0.1330536143949031,0.33940164599996053,0.1330536143949031,0.33940164599996053,0.1330536143949031,0.33940164599996053,1.0,-0.0,0.6333333333333333,diversified,1,30,30,B_noise,0.15,neutral,1,0.6333333333333333
2408,2,0,0.09427090919428686,0.30232139098289257,0.09427090919428686,0.30232139098289257,0.09427090919428686,0.30232139098289257,1.0,-0.0,0.7,diversified,1,30,30,B_noise,0.15,hard,4,0.7
2409,1,0,0.12584668497047125,0.3592163142122191,0.12584668497047125,0.3592163142122191,0.12584668497047125,0.3592163142122191,1.0,-0.0,0.8,diversified,1,30,30,B_noise,0.15,easy,6,0.8
2410,9,0,0.09801041146996559,0.33620349790619874,0.09801041146996559,0.3362034979061987,0.09801041146996559,0.3362034979061987,1.0,-0.0,0.8333333333333334,diversified,1,30,30,B_noise,0.15,neutral,1,0.8333333333333334
2411,0,0,0.14274768867920676,0.3660591285598408,0.14274768867920676,0.3660591285598408,0.14274768867920676,0.3660591285598408,1.0,-0.0,0.8333333333333334,diversified,1,30,30,B_noise,0.15,hard,7,0.8333333333333334
2412,10,0,0.07719660382122927,0.2987346267536082,0.07719660382122927,0.2987346267536081,0.07719660382122927,0.2987346267536081,1.0,-0.0,0.7,diversified,1,30,30,B_noise,0.15,easy,5,0.7
2413,4,0,0.07552435571070137,0.3070799337635972,0.07552435571070136,0.3070799337635972,0.07552435571070136,0.3070799337635972,1.0,-0.0,0.7,diversified,1,30,30,B_noise,0.15,neutral,8,0.7
2414,2,0,0.0803303599559157,0.3186378905392549,0.0803303599559157,0.3186378905392549,0.0803303599559157,0.3186378905392549,1.0,-0.0,0.7666666666666667,diversified,1,30,30,B_noise,0.15,hard,9,0.7666666666666667
2415,10,0,0.06508221263675913,0.30038659512361443,0.06508221263675913,0.3003865951236145,0.06508221263675913,0.3003865951236145,1.0,-0.0,0.7,diversified,1,30,30,B_noise,0.15,easy,5,0.7
2416,6,1,0.09151032376616913,0.3247771704706366,0.09151032376616913,0.3247771704706366,0.09151032376616913,0.3247771704706366,1.0,-0.0,0.7333333333333333,diversified,1,30,30,B_noise,0.15,neutral,6,0.7333333333333333
2417,2,0,0.11202943863191642,0.34867444864981145,0.11202943863191642,0.34867444864981145,0.11202943863191642,0.34867444864981145,1.0,-0.0,0.7333333333333333,diversified,1,30,30,B_noise,0.15,hard,0,0.7333333333333333
2418,7,0,0.11112962636846643,0.35026844411822744,0.11112962636846643,0.35026844411822744,0.11112962636846643,0.35026844411822744,1.0,-0.0,0.8,diversified,1,30,30,B_noise,0.15,easy,6,0.8
2419,2,0,0.11922742258867444,0.3353174343911469,0.11922742258867444,0.3353174343911469,0.11922742258867444,0.3353174343911469,1.0,-0.0,0.7,diversified,1,30,30,B_noise,0.15,neutral,4,0.7
2420,9,0,0.17755916290822918,0.39461156764457933,0.17755916290822918,0.39461156764457933,0.17755916290822918,0.39461156764457933,1.0,-0.0,0.8,diversified,1,30,30,B_noise,0.15,hard,7,0.8
2421,10,0,0.09177557875628597,0.3030858020081393,0.09177557875628597,0.3030858020081393,0.09177557875628597,0.3030858020081393,1.0,-0.0,0.7,diversified,1,30,30,B_noise,0.15,easy,1,0.7
2422,0,0,0.17468920702225058,0.3741529626231206,0.17468920702225058,0.3741529626231206,0.17468920702225058,0.3741529626231206,1.0,-0.0,0.8333333333333334,diversified,1,30,30,B_noise,0.15,neutral,4,0.8333333333333334
2423,1,0,0.12293725758379573,0.34986023867658556,0.12293725758379573,0.34986023867658556,0.12293725758379573,0.34986023867658556,1.0,-0.0,0.7666666666666667,diversified,1,30,30,B_noise,0.15,hard,4,0.7666666666666667
2424,10,0,0.3418808974490866,0.5019371462641917,0.3418808974490866,0.5019371462641917,0.3418808974490866,0.5019371462641917,1.0,-0.0,0.9,diversified,1,30,30,B_noise,0.15,easy,2,0.9
2425,4,1,0.09122796690604452,0.3178412117586949,0.09122796690604452,0.3178412117586949,0.09122796690604452,0.3178412117586949,1.0,-0.0,0.6666666666666666,diversified,1,30,30,B_noise,0.15,neutral,4,0.6666666666666666
2426,3,0,0.20516561565694474,0.3692963813719022,0.20516561565694474,0.3692963813719022,0.20516561565694474,0.3692963813719022,1.0,-0.0,0.7333333333333333,diversified,1,30,30,B_noise,0.15,hard,7,0.7333333333333333
2427,3,0,0.2037077131311153,0.34412567174990333,0.2037077131311153,0.34412567174990333,0.2037077131311153,0.34412567174990333,1.0,-0.0,0.6666666666666666,diversified,1,30,30,B_noise,0.15,easy,6,0.6666666666666666
2428,2,0,0.0525501942354655,0.2973308610478464,0.0525501942354655,0.2973308610478464,0.0525501942354655,0.2973308610478464,1.0,-0.0,0.8,diversified,1,30,30,B_noise,0.15,neutral,0,0.8
2429,2,0,0.2547952200180608,0.3746901250240879,0.2547952200180608,0.3746901250240879,0.2547952200180608,0.3746901250240879,1.0,-0.0,0.7,diversified,1,30,30,B_noise,0.15,hard,3,0.7
2430,1,0,0.1267920507703242,0.37010145260543703,0.1267920507703242,0.37010145260543703,0.1267920507703242,0.37010145260543703,1.0,-0.0,0.8333333333333334,diversified,1,30,30,B_noise,0.15,easy,10,0.8333333333333334
2431,10,0,0.07801242751776105,0.29078311822532804,0.07801242751776107,0.29078311822532804,0.07801242751776107,0.29078311822532804,1.0,-0.0,0.6333333333333333,diversified,1,30,30,B_noise,0.15,neutral,4,0.6333333333333333
2432,1,0,0.17721062337443783,0.4294593869483073,0.17721062337443783,0.4294593869483073,0.17721062337443783,0.4294593869483073,1.0,-0.0,0.8666666666666667,diversified,1,30,30,B_noise,0.15,hard,0,0.8666666666666667
2433,6,0,0.24172737621357931,0.3742096999242908,0.24172737621357931,0.3742096999242908,0.24172737621357931,0.3742096999242908,1.0,-0.0,0.7,diversified,1,30,30,B_noise,0.15,easy,2,0.7
2434,10,0,0.06744265229253729,0.3122728512946912,0.06744265229253729,0.3122728512946912,0.06744265229253729,0.3122728512946912,1.0,-0.0,0.7,diversified,1,30,30,B_noise,0.15,neutral,4,0.7
2435,10,0,0.0840123634922023,0.3272721332739746,0.0840123634922023,0.3272721332739746,0.0840123634922023,0.3272721332739746,1.0,-0.0,0.7666666666666667,diversified,1,30,30,B_noise,0.15,hard,7,0.7666666666666667
2436,5,1,0.07839512207226199,0.3075087191127184,0.07839512207226199,0.3075087191127184,0.07839512207226199,0.3075087191127184,1.0,-0.0,0.5333333333333333,diversified,1,30,30,B_noise,0.15,easy,5,0.5333333333333333
2437,4,0,0.28591058226230237,0.46576720961281604,0.28591058226230237,0.4657672096128161,0.28591058226230237,0.4657672096128161,1.0,-0.0,0.8666666666666667,diversified,1,30,30,B_noise,0.15,neutral,2,0.8666666666666667
2438,7,0,0.13527448176590626,0.3378450387284016,0.13527448176590626,0.3378450387284016,0.13527448176590626,0.3378450387284016,1.0,-0.0,0.7333333333333333,diversified,1,30,30,B_noise,0.15,hard,9,0.7333333333333333
2439,0,0,0.17512090358701166,0.3369871751288804,0.17512090358701166,0.3369871751288804,0.17512090358701166,0.3369871751288804,1.0,-0.0,0.7666666666666667,diversified,1,30,30,B_noise,0.15,easy,1,0.7666666666666667
2440,8,0,0.11603934211161328,0.3468250517645088,0.11603934211161328,0.34682505176450884,0.11603934211161328,0.34682505176450884,1.0,-0.0,0.74,diversified,1,100,100,B_noise,0.15,easy,10,0.74
2441,8,0,0.13221836238874787,0.3336695388905413,0.13221836238874787,0.3336695388905413,0.13221836238874787,0.3336695388905413,1.0,-0.0,0.71,diversified,1,100,100,B_noise,0.15,neutral,3,0.71
2442,6,0,0.12194908416712842,0.33678376440036695,0.12194908416712842,0.33678376440036695,0.12194908416712842,0.33678376440036695,1.0,-0.0,0.75,diversified,1,100,100,B_noise,0.15,hard,3,0.75
2443,1,0,0.38243704573860754,0.5040791857738174,0.38243704573860754,0.5040791857738174,0.38243704573860754,0.5040791857738174,1.0,-0.0,0.86,diversified,1,100,100,B_noise,0.15,easy,6,0.86
2444,1,0,0.13675448951371605,0.3495095589268334,0.13675448951371605,0.3495095589268334,0.13675448951371605,0.3495095589268334,1.0,-0.0,0.78,diversified,1,100,100,B_noise,0.15,neutral,6,0.78
2445,4,0,0.22611089820887786,0.3459300613612879,0.22611089820887786,0.3459300613612879,0.22611089820887786,0.3459300613612879,1.0,-0.0,0.66,diversified,1,100,100,B_noise,0.15,hard,3,0.66
2446,1,0,0.11832516200675436,0.35744273662796294,0.11832516200675436,0.35744273662796294,0.11832516200675436,0.35744273662796294,1.0,-0.0,0.83,diversified,1,100,100,B_noise,0.15,easy,2,0.83
2447,5,0,0.14032881054626845,0.3365472759764748,0.14032881054626845,0.33654727597647477,0.14032881054626845,0.33654727597647477,1.0,-0.0,0.74,diversified,1,100,100,B_noise,0.15,neutral,0,0.74
2448,6,0,0.113658568875612,0.30445510293933437,0.113658568875612,0.30445510293933437,0.113658568875612,0.30445510293933437,1.0,-0.0,0.64,diversified,1,100,100,B_noise,0.15,hard,4,0.64
2449,1,0,0.13040341587757995,0.36854562050894335,0.13040341587757995,0.36854562050894335,0.13040341587757995,0.36854562050894335,1.0,-0.0,0.77,diversified,1,100,100,B_noise,0.15,easy,5,0.77
2450,5,0,0.08492938703480404,0.3175066342819974,0.08492938703480406,0.3175066342819974,0.08492938703480406,0.3175066342819974,1.0,-0.0,0.74,diversified,1,100,100,B_noise,0.15,neutral,10,0.74
2451,7,0,0.12516474986343262,0.3136740377593459,0.12516474986343262,0.3136740377593459,0.12516474986343262,0.3136740377593459,1.0,-0.0,0.68,diversified,1,100,100,B_noise,0.15,hard,4,0.68
2452,10,0,0.08971580641809354,0.3185976918496731,0.08971580641809354,0.3185976918496731,0.08971580641809354,0.3185976918496731,1.0,-0.0,0.76,diversified,1,100,100,B_noise,0.15,easy,8,0.76
2453,2,0,0.3007856777655382,0.42606144900469456,0.3007856777655382,0.4260614490046946,0.3007856777655382,0.4260614490046946,1.0,-0.0,0.79,diversified,1,100,100,B_noise,0.15,neutral,0,0.79
2454,7,0,0.07423842176808357,0.3106072461418534,0.07423842176808357,0.3106072461418534,0.07423842176808357,0.3106072461418534,1.0,-0.0,0.73,diversified,1,100,100,B_noise,0.15,hard,4,0.73
2455,9,0,0.15545092678514183,0.3806610317349531,0.15545092678514183,0.3806610317349531,0.15545092678514183,0.3806610317349531,1.0,-0.0,0.83,diversified,1,100,100,B_noise,0.15,easy,5,0.83
2456,8,0,0.070539526078559,0.3033475055721906,0.070539526078559,0.3033475055721906,0.070539526078559,0.3033475055721906,1.0,-0.0,0.77,diversified,1,100,100,B_noise,0.15,neutral,6,0.77
2457,10,0,0.08888137923265929,0.3285730089599182,0.0888813792326593,0.3285730089599182,0.0888813792326593,0.3285730089599182,1.0,-0.0,0.76,diversified,1,100,100,B_noise,0.15,hard,0,0.76
2458,10,0,0.08928114722236154,0.32659556000670964,0.08928114722236154,0.3265955600067096,0.08928114722236154,0.3265955600067096,1.0,-0.0,0.75,diversified,1,100,100,B_noise,0.15,easy,6,0.75
2459,5,0,0.1596925975866241,0.3522390322425036,0.1596925975866241,0.3522390322425036,0.1596925975866241,0.3522390322425036,1.0,-0.0,0.75,diversified,1,100,100,B_noise,0.15,neutral,3,0.75
2460,6,0,0.06710787179690615,0.28881813093454534,0.06710787179690615,0.28881813093454534,0.06710787179690615,0.28881813093454534,1.0,-0.0,0.69,diversified,1,100,100,B_noise,0.15,hard,0,0.69
2461,2,1,0.070913038991108,0.3203953001966883,0.070913038991108,0.3203953001966883,0.070913038991108,0.3203953001966883,1.0,-0.0,0.79,diversified,1,100,100,B_noise,0.15,easy,2,0.79
2462,2,0,0.13260497295446355,0.3432962862673264,0.13260497295446355,0.34329628626732644,0.13260497295446355,0.34329628626732644,1.0,-0.0,0.75,diversified,1,100,100,B_noise,0.15,neutral,9,0.75
2463,9,1,0.07178812034275724,0.2907555816900034,0.07178812034275724,0.2907555816900034,0.07178812034275724,0.2907555816900034,1.0,-0.0,0.67,diversified,1,100,100,B_noise,0.15,hard,9,0.67
2464,0,0,0.06026520565003788,0.28853366369547795,0.06026520565003788,0.28853366369547795,0.06026520565003788,0.28853366369547795,1.0,-0.0,0.71,diversified,1,100,100,B_noise,0.15,easy,6,0.71
2465,6,0,0.14868859446606253,0.35247858779699587,0.14868859446606253,0.3524785877969958,0.14868859446606253,0.3524785877969958,1.0,-0.0,0.79,diversified,1,100,100,B_noise,0.15,neutral,5,0.79
2466,2,0,0.07204027985157782,0.3258763331208567,0.07204027985157782,0.3258763331208566,0.07204027985157782,0.3258763331208566,1.0,-0.0,0.81,diversified,1,100,100,B_noise,0.15,hard,9,0.81
2467,9,0,0.08972763402818172,0.31997314929605003,0.08972763402818172,0.31997314929605003,0.08972763402818172,0.31997314929605003,1.0,-0.0,0.77,diversified,1,100,100,B_noise,0.15,easy,5,0.77
2468,0,0,0.23857012492741972,0.38224091179503017,0.23857012492741972,0.3822409117950302,0.23857012492741972,0.3822409117950302,1.0,-0.0,0.75,diversified,1,100,100,B_noise,0.15,neutral,4,0.75
2469,4,0,0.20078752687291598,0.36520448429426566,0.20078752687291598,0.36520448429426566,0.20078752687291598,0.36520448429426566,1.0,-0.0,0.7,diversified,1,100,100,B_noise,0.15,hard,7,0.7
2470,1,0,0.06562852866482555,0.3124762045767118,0.06562852866482555,0.3124762045767118,0.06562852866482555,0.3124762045767118,1.0,-0.0,0.83,diversified,1,100,100,B_noise,0.15,easy,10,0.83
2471,8,0,0.16597055049907392,0.3777971611493692,0.16597055049907394,0.3777971611493692,0.16597055049907394,0.3777971611493692,1.0,-0.0,0.84,diversified,1,100,100,B_noise,0.15,neutral,9,0.84
2472,3,0,0.21885622632397225,0.3224992817857689,0.21885622632397225,0.3224992817857689,0.21885622632397225,0.3224992817857689,1.0,-0.0,0.65,diversified,1,100,100,B_noise,0.15,hard,7,0.65
2473,4,0,0.22946414695811357,0.3614930457386821,0.22946414695811357,0.3614930457386821,0.22946414695811357,0.3614930457386821,1.0,-0.0,0.75,diversified,1,100,100,B_noise,0.15,easy,8,0.75
2474,6,0,0.07624214429647168,0.30261782976924656,0.07624214429647168,0.30261782976924656,0.07624214429647168,0.30261782976924656,1.0,-0.0,0.78,diversified,1,100,100,B_noise,0.15,neutral,3,0.78
2475,2,0,0.09522830728051279,0.3264458534644229,0.09522830728051279,0.3264458534644229,0.09522830728051279,0.3264458534644229,1.0,-0.0,0.8,diversified,1,100,100,B_noise,0.15,hard,9,0.8
2476,4,0,0.08045794431034761,0.29720533821196937,0.08045794431034761,0.29720533821196937,0.08045794431034761,0.29720533821196937,1.0,-0.0,0.67,diversified,1,100,100,B_noise,0.15,easy,10,0.67
2477,5,0,0.057680204337094705,0.2951748696826362,0.05768020433709471,0.2951748696826362,0.05768020433709471,0.2951748696826362,1.0,-0.0,0.69,diversified,1,100,100,B_noise,0.15,neutral,10,0.69
2478,6,0,0.06205593304796255,0.3068173090972837,0.06205593304796255,0.3068173090972837,0.06205593304796255,0.3068173090972837,1.0,-0.0,0.74,diversified,1,100,100,B_noise,0.15,hard,0,0.74
2479,8,0,0.1599209410360119,0.38597191284492993,0.1599209410360119,0.38597191284492993,0.1599209410360119,0.38597191284492993,1.0,-0.0,0.84,diversified,1,100,100,B_noise,0.15,easy,5,0.84
2480,10,0,0.0791344073608258,0.32104536194432887,0.0791344073608258,0.32104536194432887,0.0791344073608258,0.32104536194432887,1.0,-0.0,0.78,diversified,1,300,300,B_noise,0.15,easy,2,0.78
2481,8,0,0.12846781399727022,0.36371362074546765,0.12846781399727022,0.36371362074546765,0.12846781399727022,0.36371362074546765,1.0,-0.0,0.8233333333333334,diversified,1,300,300,B_noise,0.15,neutral,1,0.8233333333333334
2482,8,0,0.30107868367721125,0.4191947176121757,0.30107868367721125,0.4191947176121757,0.30107868367721125,0.4191947176121757,1.0,-0.0,0.7866666666666666,diversified,1,300,300,B_noise,0.15,hard,0,0.7866666666666666
2483,6,0,0.14440131182181468,0.3665446391183018,0.14440131182181468,0.3665446391183018,0.14440131182181468,0.3665446391183018,1.0,-0.0,0.8066666666666666,diversified,1,300,300,B_noise,0.15,easy,5,0.8066666666666666
2484,10,0,0.15861450997805387,0.37814657405727004,0.15861450997805387,0.37814657405727004,0.15861450997805387,0.37814657405727004,1.0,-0.0,0.79,diversified,1,300,300,B_noise,0.15,neutral,6,0.79
2485,6,0,0.0805233367521319,0.3258944477005877,0.0805233367521319,0.3258944477005877,0.0805233367521319,0.3258944477005877,1.0,-0.0,0.7733333333333333,diversified,1,300,300,B_noise,0.15,hard,0,0.7733333333333333
2486,2,1,0.05890785777111559,0.2891935377396843,0.05890785777111559,0.2891935377396843,0.05890785777111559,0.2891935377396843,1.0,-0.0,0.67,diversified,1,300,300,B_noise,0.15,easy,2,0.67
2487,1,0,0.05290608303993702,0.29181718087975816,0.05290608303993702,0.29181718087975816,0.05290608303993702,0.29181718087975816,1.0,-0.0,0.7533333333333333,diversified,1,300,300,B_noise,0.15,neutral,9,0.7533333333333333
2488,3,0,0.07634694249289545,0.2999431333288617,0.07634694249289545,0.2999431333288617,0.07634694249289545,0.2999431333288617,1.0,-0.0,0.6966666666666667,diversified,1,300,300,B_noise,0.15,hard,0,0.6966666666666667
2489,9,0,0.1271743064958727,0.32981368109180753,0.1271743064958727,0.32981368109180753,0.1271743064958727,0.32981368109180753,1.0,-0.0,0.75,diversified,1,300,300,B_noise,0.15,easy,6,0.75
2490,0,0,0.2385854725845357,0.3538513573329969,0.2385854725845357,0.3538513573329969,0.2385854725845357,0.3538513573329969,1.0,-0.0,0.71,diversified,1,300,300,B_noise,0.15,neutral,4,0.71
2491,5,0,0.04760873886020252,0.2856049977181644,0.04760873886020252,0.2856049977181644,0.04760873886020252,0.2856049977181644,1.0,-0.0,0.7,diversified,1,300,300,B_noise,0.15,hard,7,0.7
2492,2,1,0.08557273356751664,0.32673468926091903,0.08557273356751664,0.32673468926091903,0.08557273356751664,0.32673468926091903,1.0,-0.0,0.7833333333333333,diversified,1,300,300,B_noise,0.15,easy,2,0.7833333333333333
2493,8,0,0.36838004903235716,0.459135503285025,0.36838004903235716,0.459135503285025,0.36838004903235716,0.459135503285025,1.0,-0.0,0.84,diversified,1,300,300,B_noise,0.15,neutral,0,0.84
2494,4,0,0.08618240580662408,0.30453922541538675,0.08618240580662408,0.30453922541538675,0.08618240580662408,0.30453922541538675,1.0,-0.0,0.73,diversified,1,300,300,B_noise,0.15,hard,0,0.73
2495,0,0,0.09263019379179116,0.31436094798197256,0.09263019379179116,0.31436094798197256,0.09263019379179116,0.31436094798197256,1.0,-0.0,0.72,diversified,1,300,300,B_noise,0.15,easy,2,0.72
2496,5,0,0.11212639977006221,0.32917420228656613,0.11212639977006221,0.32917420228656613,0.11212639977006221,0.32917420228656613,1.0,-0.0,0.7266666666666667,diversified,1,300,300,B_noise,0.15,neutral,4,0.7266666666666667
2497,4,1,0.06257314372763184,0.3048364654145749,0.06257314372763184,0.3048364654145749,0.06257314372763184,0.3048364654145749,1.0,-0.0,0.78,diversified,1,300,300,B_noise,0.15,hard,4,0.78
2498,7,0,0.06118625888709442,0.296012247198557,0.06118625888709442,0.296012247198557,0.06118625888709442,0.296012247198557,1.0,-0.0,0.7366666666666667,diversified,1,300,300,B_noise,0.15,easy,8,0.7366666666666667
2499,8,0,0.0731823873222054,0.30740775739075005,0.0731823873222054,0.30740775739075005,0.0731823873222054,0.30740775739075005,1.0,-0.0,0.7233333333333334,diversified,1,300,300,B_noise,0.15,neutral,0,0.7233333333333334
2500,3,0,0.1863213421990076,0.3252391988526181,0.1863213421990076,0.3252391988526181,0.1863213421990076,0.3252391988526181,1.0,-0.0,0.6766666666666666,diversified,1,300,300,B_noise,0.15,hard,9,0.6766666666666666
2501,5,0,0.05816177728579226,0.2958526955196147,0.058161777285792256,0.2958526955196147,0.058161777285792256,0.2958526955196147,1.0,-0.0,0.7366666666666667,diversified,1,300,300,B_noise,0.15,easy,6,0.7366666666666667
2502,6,0,0.0584300296152312,0.2994323550554168,0.0584300296152312,0.2994323550554168,0.0584300296152312,0.2994323550554168,1.0,-0.0,0.77,diversified,1,300,300,B_noise,0.15,neutral,5,0.77
2503,5,0,0.09800060616340281,0.33478433293906723,0.09800060616340281,0.33478433293906723,0.09800060616340281,0.33478433293906723,1.0,-0.0,0.7866666666666666,diversified,1,300,300,B_noise,0.15,hard,9,0.7866666666666666
2504,7,0,0.05982550300649877,0.2976760511838167,0.05982550300649876,0.2976760511838167,0.05982550300649876,0.2976760511838167,1.0,-0.0,0.7233333333333334,diversified,1,300,300,B_noise,0.15,easy,6,0.7233333333333334
2505,8,0,0.057992120484813475,0.29880830346366366,0.057992120484813475,0.29880830346366366,0.057992120484813475,0.29880830346366366,1.0,-0.0,0.7866666666666666,diversified,1,300,300,B_noise,0.15,neutral,7,0.7866666666666666
2506,2,0,0.2981248686784838,0.4024191915308453,0.2981248686784838,0.4024191915308453,0.2981248686784838,0.4024191915308453,1.0,-0.0,0.7533333333333333,diversified,1,300,300,B_noise,0.15,hard,4,0.7533333333333333
2507,9,0,0.2768695394377321,0.39554635135225774,0.2768695394377321,0.39554635135225774,0.2768695394377321,0.39554635135225774,1.0,-0.0,0.7866666666666666,diversified,1,300,300,B_noise,0.15,easy,6,0.7866666666666666
2508,2,0,0.12087494340010099,0.33787032556942964,0.12087494340010098,0.33787032556942964,0.12087494340010098,0.33787032556942964,1.0,-0.0,0.7466666666666667,diversified,1,300,300,B_noise,0.15,neutral,1,0.7466666666666667
2509,4,1,0.07628198969045319,0.303063576287701,0.07628198969045319,0.303063576287701,0.07628198969045319,0.303063576287701,1.0,-0.0,0.7933333333333333,diversified,1,300,300,B_noise,0.15,hard,4,0.7933333333333333
2510,1,0,0.0634620547663948,0.306279984948721,0.0634620547663948,0.306279984948721,0.0634620547663948,0.306279984948721,1.0,-0.0,0.76,diversified,1,300,300,B_noise,0.15,easy,8,0.76
2511,1,1,0.06646942802680521,0.30121195235262643,0.06646942802680521,0.30121195235262643,0.06646942802680521,0.30121195235262643,1.0,-0.0,0.7766666666666666,diversified,1,300,300,B_noise,0.15,neutral,1,0.7766666666666666
2512,4,0,0.11135235327701569,0.31414925255062115,0.1113523532770157,0.31414925255062115,0.1113523532770157,0.31414925255062115,1.0,-0.0,0.62,diversified,1,300,300,B_noise,0.15,hard,9,0.62
2513,5,1,0.08078967507352128,0.31311968937431567,0.08078967507352128,0.31311968937431567,0.08078967507352128,0.31311968937431567,1.0,-0.0,0.7766666666666666,diversified,1,300,300,B_noise,0.15,easy,5,0.7766666666666666
2514,2,0,0.06954548645060138,0.30804796474419743,0.06954548645060138,0.30804796474419743,0.06954548645060138,0.30804796474419743,1.0,-0.0,0.7066666666666667,diversified,1,300,300,B_noise,0.15,neutral,3,0.7066666666666667
2515,7,0,0.08432197207982016,0.3176584921738215,0.08432197207982016,0.3176584921738215,0.08432197207982016,0.3176584921738215,1.0,-0.0,0.74,diversified,1,300,300,B_noise,0.15,hard,0,0.74
2516,1,0,0.08553260839690563,0.31346870521983594,0.08553260839690563,0.31346870521983594,0.08553260839690563,0.31346870521983594,1.0,-0.0,0.7166666666666667,diversified,1,300,300,B_noise,0.15,easy,10,0.7166666666666667
2517,10,0,0.07191885127517915,0.3021463661861603,0.07191885127517915,0.3021463661861603,0.07191885127517915,0.3021463661861603,1.0,-0.0,0.7366666666666667,diversified,1,300,300,B_noise,0.15,neutral,4,0.7366666666666667
2518,4,0,0.2307153268165048,0.34658581762178725,0.2307153268165048,0.34658581762178725,0.2307153268165048,0.34658581762178725,1.0,-0.0,0.6833333333333333,diversified,1,300,300,B_noise,0.15,hard,3,0.6833333333333333
2519,5,1,0.06645449714298293,0.3044715583869033,0.06645449714298293,0.3044715583869033,0.06645449714298293,0.3044715583869033,1.0,-0.0,0.7833333333333333,diversified,1,300,300,B_noise,0.15,easy,5,0.7833333333333333
2520,5,0,0.05236319004854315,0.3023809681309486,0.05517307814360715,0.19901182761411332,0.09341614170166199,0.3369563148229178,0.5906161091496412,0.6931471805599453,0.8,diversified,2,30,30,B_noise,0.15,easy,6,0.8
2521,0,0,0.06244835352349927,0.28353273336906426,0.04915981826694318,0.18980725444977145,0.08323480769551414,0.32137161772145467,0.5906161091496412,0.6931471805599453,0.6333333333333333,diversified,2,30,30,B_noise,0.15,neutral,7,0.6333333333333333
2522,10,0,0.10077905479870379,0.29077584598622386,0.11900392257171351,0.21665377944915742,0.20149115597787076,0.3668267358319971,0.5906161091496412,0.6931471805599453,0.8666666666666667,diversified,2,30,30,B_noise,0.15,hard,7,0.8666666666666667
2523,2,0,0.21167806554903484,0.40537200315009353,0.2317779716449456,0.4370805389799925,0.2317779716449456,0.4370805389799925,1.0,-0.0,0.8,diversified,2,30,30,B_noise,0.15,easy,10,0.8
2524,0,1,0.13445724311941717,0.3315213797669073,0.10427292407753694,0.23244463274510374,0.17654940741062292,0.39356297456866435,0.5906161091496412,0.6931471805599453,0.7,diversified,2,30,30,B_noise,0.15,neutral,0,0.7
2525,6,0,0.08980822442862244,0.31908113969623886,0.08183487330542157,0.21070683094455298,0.13855848500855486,0.3567576767384909,0.5906161091496412,0.6931471805599453,0.7666666666666667,diversified,2,30,30,B_noise,0.15,hard,4,0.7666666666666667
2526,10,0,0.2547952200180608,0.39033692438445977,0.28992607713962004,0.43055236355512283,0.28992607713962004,0.43055236355512283,1.0,-0.0,0.7333333333333333,diversified,2,30,30,B_noise,0.15,easy,8,0.7333333333333333
2527,1,0,0.054941342546042216,0.2947775992830941,0.06810622528092111,0.20240646321637312,0.11531386331297204,0.34270393252191245,0.5906161091496412,0.6931471805599453,0.7,diversified,2,30,30,B_noise,0.15,neutral,10,0.7
2528,10,0,0.06353211313123988,0.2779781029461708,0.04609916353148738,0.17377951865867547,0.07805266875950971,0.29423430205600076,0.5906161091496412,0.6931471805599453,0.6666666666666666,diversified,2,30,30,B_noise,0.15,hard,9,0.6666666666666666
2529,5,0,0.06443066777696015,0.2928313904169539,0.06946060146429417,0.1883841037417672,0.11760702152926769,0.3189620141126854,0.5906161091496412,0.6931471805599453,0.6,diversified,2,30,30,B_noise,0.15,easy,2,0.6
2530,2,0,0.06691113696355987,0.3097481957792658,0.069835989687584,0.21496700778912492,0.11824260904114627,0.36397078315156467,0.5906161091496412,0.6931471805599453,0.9333333333333333,diversified,2,30,30,B_noise,0.15,neutral,8,0.9333333333333332
2531,5,0,0.1674143047722193,0.40467496717322526,0.21257074573406134,0.31538751856931574,0.359913558809151,0.5339974878494343,0.5906161091496412,0.6931471805599453,0.9,diversified,2,30,30,B_noise,0.15,hard,9,0.9
2532,6,1,0.06559779804252668,0.31390896962045167,0.08221035154337547,0.21508869432681438,0.13919422492850814,0.3641768163697657,0.5906161091496412,0.6931471805599453,0.7333333333333333,diversified,2,30,30,B_noise,0.15,easy,6,0.7333333333333333
2533,5,0,0.09216551986259748,0.32125380468980685,0.13175529901755076,0.2443334380332196,0.2230811130553986,0.4136924717224639,0.5906161091496412,0.6931471805599453,0.7333333333333333,diversified,2,30,30,B_noise,0.15,neutral,1,0.7333333333333333
2534,2,0,0.08630321466414427,0.3113677214753096,0.07454655238088585,0.20636746589478636,0.12621828498416116,0.3494104930390582,0.5906161091496412,0.6931471805599453,0.6333333333333333,diversified,2,30,30,B_noise,0.15,hard,4,0.6333333333333333
2535,5,0,0.09986211854110817,0.3460148978833635,0.10183322153052521,0.2360623324969944,0.17241863192174509,0.39968827270369045,0.5906161091496412,0.6931471805599453,0.9,diversified,2,30,30,B_noise,0.15,easy,2,0.9
2536,1,0,0.12100183382370669,0.32295293105887235,0.13570888725302158,0.35014896889137226,0.13570888725302158,0.35014896889137226,1.0,-0.0,0.7333333333333333,diversified,2,30,30,B_noise,0.15,neutral,6,0.7333333333333333
2537,8,0,0.05347126866874639,0.2931617957660452,0.07130067937133412,0.19516359409944162,0.12072254424958302,0.33044068909741514,0.5906161091496412,0.6931471805599453,0.8666666666666667,diversified,2,30,30,B_noise,0.15,hard,0,0.8666666666666667
2538,5,1,0.1029810398899087,0.33226560135628536,0.06699152696867797,0.21734454543297643,0.11342651500842263,0.36799630430992697,0.5906161091496412,0.6931471805599453,0.8333333333333334,diversified,2,30,30,B_noise,0.15,easy,5,0.8333333333333334
2539,5,0,0.10168291317233015,0.32797730682956244,0.11424008283047846,0.2378617553923131,0.1934252741513592,0.4027349605055343,0.5906161091496412,0.6931471805599453,0.7333333333333333,diversified,2,30,30,B_noise,0.15,neutral,7,0.7333333333333333
2540,5,0,0.07877006421996254,0.3184412053767772,0.09212275977067201,0.23053913571496773,0.15597739097111446,0.3903366876445242,0.5906161091496412,0.6931471805599453,0.8666666666666667,diversified,2,30,30,B_noise,0.15,hard,0,0.8666666666666667
2541,3,0,0.10871952513028325,0.3201837511023387,0.13157282828481554,0.22617143778466753,0.22277216324873325,0.3829415322082989,0.5906161091496412,0.6931471805599453,0.7333333333333333,diversified,2,30,30,B_noise,0.15,easy,2,0.7333333333333333
2542,5,0,0.13445724311941717,0.3453094356423791,0.1360141210076669,0.25184748880089136,0.23029192550047048,0.4264148655943316,0.5906161091496412,0.6931471805599453,0.7333333333333333,diversified,2,30,30,B_noise,0.15,neutral,2,0.7333333333333333
2543,7,0,0.07580225794837826,0.29772266307341416,0.07655690850706565,0.20534251589143543,0.1296221137911239,0.3476751018306697,0.5906161091496412,0.6931471805599453,0.7333333333333333,diversified,2,30,30,B_noise,0.15,hard,3,0.7333333333333333
2544,8,0,0.07756014266043706,0.3068972181473448,0.05991011433780082,0.2037347309882476,0.10143664117807141,0.3449528853548903,0.5906161091496412,0.6931471805599453,0.8666666666666667,diversified,2,30,30,B_noise,0.15,easy,6,0.8666666666666667
2545,2,0,0.07667112560993034,0.2951978759148872,0.05770261902559922,0.19462890230111562,0.09769902671411798,0.32953537718661097,0.5906161091496412,0.6931471805599453,0.8,diversified,2,30,30,B_noise,0.15,neutral,9,0.8
2546,4,1,0.07742764342886654,0.300904088939632,0.057702619025599235,0.1962756063918257,0.09769902671411801,0.3323234895750133,0.5906161091496412,0.6931471805599453,0.7333333333333333,diversified,2,30,30,B_noise,0.15,hard,4,0.7333333333333333
2547,5,0,0.09808011449587131,0.3414332070601895,0.13527201673307138,0.2510342855087293,0.22903543374025753,0.42503799273298537,0.5906161091496412,0.6931471805599453,0.9333333333333333,diversified,2,30,30,B_noise,0.15,easy,10,0.9333333333333332
2548,1,1,0.06607580670438937,0.31722061599146617,0.05548847921104254,0.1999520760211425,0.09395016212973581,0.3385482937623053,0.5906161091496412,0.6931471805599453,0.7666666666666667,diversified,2,30,30,B_noise,0.15,neutral,1,0.7666666666666667
2549,1,0,0.06810332406892639,0.32790984002224,0.0895368606598148,0.23467451794511893,0.1515990831823541,0.3973384984080424,0.5906161091496412,0.6931471805599453,0.8666666666666667,diversified,2,30,30,B_noise,0.15,hard,0,0.8666666666666667
2550,8,1,0.05143344104371206,0.28465144242249707,0.05316259035401742,0.18234982586119608,0.09001208996916794,0.30874509353248114,0.5906161091496412,0.6931471805599453,0.6666666666666666,diversified,2,30,30,B_noise,0.15,easy,8,0.6666666666666666
2551,9,0,0.1274137053114432,0.3504933052476619,0.18244320770954808,0.26327125554992803,0.3089032027457338,0.4457569840568375,0.5906161091496412,0.6931471805599453,0.8333333333333334,diversified,2,30,30,B_noise,0.15,neutral,2,0.8333333333333334
2552,5,0,0.16558919251523332,0.36899016712660726,0.1732001672917,0.27723027120479354,0.29325337492245274,0.46939165205626515,0.5906161091496412,0.6931471805599453,0.8666666666666667,diversified,2,30,30,B_noise,0.15,hard,0,0.8666666666666667
2553,6,0,0.07836966564561199,0.3097132129777968,0.06581899799992849,0.20219487033307254,0.1114412508908596,0.3423456746281255,0.5906161091496412,0.6931471805599453,0.6333333333333333,diversified,2,30,30,B_noise,0.15,easy,10,0.6333333333333333
2554,10,0,0.15994069342700862,0.3426011337379284,0.14432175089218297,0.24598198197685822,0.24435796561657436,0.41648369925266476,0.5906161091496412,0.6931471805599453,0.8,diversified,2,30,30,B_noise,0.15,neutral,4,0.8
2555,5,0,0.12382224129724184,0.3396335282371028,0.08520061204616952,0.2127686571345912,0.14425717606795363,0.3602486519389588,0.5906161091496412,0.6931471805599453,0.7666666666666667,diversified,2,30,30,B_noise,0.15,hard,4,0.7666666666666667
2556,6,1,0.06569723685347688,0.29330405385934466,0.057107499924856885,0.1916777384518217,0.09669140248659873,0.32453862243580855,0.5906161091496412,0.6931471805599453,0.8,diversified,2,30,30,B_noise,0.15,easy,6,0.8
2557,5,0,0.06411805760272296,0.2802811352019329,0.053400851941556755,0.17503635527456574,0.0904155019043459,0.2963623114286199,0.5906161091496412,0.6931471805599453,0.6,diversified,2,30,30,B_noise,0.15,neutral,9,0.6
2558,10,0,0.08526052855709362,0.29109302596323855,0.07895814135543305,0.19516001397875252,0.1336877544182051,0.33043462742616436,0.5906161091496412,0.6931471805599453,0.7,diversified,2,30,30,B_noise,0.15,hard,3,0.7
2559,9,0,0.11385493336042854,0.3582598723131023,0.1400295571372778,0.2586848751929976,0.23709064986203968,0.4379915670865252,0.5906161091496412,0.6931471805599453,0.8333333333333334,diversified,2,30,30,B_noise,0.15,easy,8,0.8333333333333334
2560,3,0,0.08805771918525017,0.2922845308765665,0.08156296404242294,0.19256371112985873,0.1380981026065406,0.3260387045776801,0.5906161091496412,0.6931471805599453,0.73,diversified,2,100,100,B_noise,0.15,easy,2,0.73
2561,7,0,0.09982255153272844,0.31147839403854466,0.10433827540404278,0.22259232159411085,0.17666005682484212,0.37688156172136145,0.5906161091496412,0.6931471805599453,0.79,diversified,2,100,100,B_noise,0.15,neutral,10,0.79
2562,0,0,0.10353335272837562,0.28841922534358655,0.07529748720648263,0.18515414884755124,0.12748972816690463,0.3134932250902078,0.5906161091496412,0.6931471805599453,0.67,diversified,2,100,100,B_noise,0.15,hard,4,0.67
2563,0,0,0.09274872327851244,0.30967069021817517,0.09998264712097145,0.3322467817123862,0.09998264712097145,0.3322467817123862,1.0,-0.0,0.81,diversified,2,100,100,B_noise,0.15,easy,5,0.81
2564,10,0,0.07270851435112988,0.30068994746833766,0.051470406016296766,0.18748941464355703,0.08714697282876852,0.3174471737885731,0.5906161091496412,0.6931471805599453,0.77,diversified,2,100,100,B_noise,0.15,neutral,4,0.77
2565,9,0,0.07677509466537658,0.28632934823085954,0.053835597526207514,0.17527172250820205,0.09115159016525821,0.2967608227966474,0.5906161091496412,0.6931471805599453,0.68,diversified,2,100,100,B_noise,0.15,hard,7,0.68
2566,8,1,0.07374161516200484,0.3011304134424365,0.06208625765044202,0.1989081783006718,0.10512117209236424,0.3367808212800974,0.5906161091496412,0.6931471805599453,0.78,diversified,2,100,100,B_noise,0.15,easy,8,0.78
2567,9,0,0.12729197760100353,0.3343712773788734,0.1647937316657648,0.23896545658979437,0.27902004214384185,0.40460368907623034,0.5906161091496412,0.6931471805599453,0.74,diversified,2,100,100,B_noise,0.15,neutral,4,0.74
2568,0,0,0.11334021598131362,0.30319906042942296,0.09258691296927912,0.19412682948854798,0.156763270650684,0.32868529401957625,0.5906161091496412,0.6931471805599453,0.73,diversified,2,100,100,B_noise,0.15,hard,4,0.73
2569,9,0,0.10685073463962004,0.2928546236447935,0.10533894558895099,0.20390705635782788,0.17835433872708986,0.3452446575685342,0.5906161091496412,0.6931471805599453,0.68,diversified,2,100,100,B_noise,0.15,easy,8,0.68
2570,5,0,0.06778966164993683,0.31186773227282033,0.04211264814629951,0.19364578431297078,0.07130291147482003,0.32787081373682575,0.5906161091496412,0.6931471805599453,0.79,diversified,2,100,100,B_noise,0.15,neutral,8,0.79
2571,9,0,0.07401734535612228,0.29902936927416657,0.06011222365095297,0.195163884024715,0.10177884199179989,0.33044117998357436,0.5906161091496412,0.6931471805599453,0.8,diversified,2,100,100,B_noise,0.15,hard,7,0.8
2572,8,0,0.08399156709019621,0.29244734594474375,0.056598797632869215,0.18178453287963697,0.09583009463517542,0.30778796931456404,0.5906161091496412,0.6931471805599453,0.69,diversified,2,100,100,B_noise,0.15,easy,6,0.69
2573,8,1,0.0761938512529451,0.30241493419902804,0.0520568868012755,0.20511742883235762,0.08813997111630785,0.34729399631121155,0.5906161091496412,0.6931471805599453,0.87,diversified,2,100,100,B_noise,0.15,neutral,8,0.87
2574,8,0,0.06511959156953225,0.30333144747046736,0.050469530391601375,0.18858442741422884,0.08545234308672434,0.31930119157391323,0.5906161091496412,0.6931471805599453,0.76,diversified,2,100,100,B_noise,0.15,hard,4,0.76
2575,3,0,0.12646433854330097,0.3061707044021869,0.09906085526107253,0.20036586115655505,0.16772460778914178,0.33924889289768667,0.5906161091496412,0.6931471805599453,0.72,diversified,2,100,100,B_noise,0.15,easy,8,0.72
2576,5,0,0.1873875474602363,0.3643989528617447,0.20690176866399743,0.3927622161748413,0.20690176866399743,0.3927622161748413,1.0,-0.0,0.79,diversified,2,100,100,B_noise,0.15,neutral,0,0.79
2577,4,1,0.06425624942719611,0.2942978046873209,0.04664696523213077,0.18528670113898243,0.07898017766446001,0.31371765562872134,0.5906161091496412,0.6931471805599453,0.78,diversified,2,100,100,B_noise,0.15,hard,4,0.78
2578,8,1,0.06441541880209976,0.30718487620314,0.04391464190633941,0.19020117000469053,0.0743539521290182,0.32203857473264463,0.5906161091496412,0.6931471805599453,0.77,diversified,2,100,100,B_noise,0.15,easy,8,0.77
2579,5,0,0.11248812148663762,0.32800941483228957,0.1246750927256032,0.21787005976037463,0.2110932817344048,0.3688860774117051,0.5906161091496412,0.6931471805599453,0.72,diversified,2,100,100,B_noise,0.15,neutral,3,0.72
2580,7,1,0.06607813444331248,0.2951607572610057,0.05703424167692413,0.19314836612568,0.09656736549065861,0.32702861153545515,0.5906161091496412,0.6931471805599453,0.71,diversified,2,100,100,B_noise,0.15,hard,7,0.71
2581,1,1,0.06725996960530925,0.29917666782686203,0.04727199926623003,0.1986626174128041,0.08003845227704919,0.33636505055514837,0.5906161091496412,0.6931471805599453,0.8,diversified,2,100,100,B_noise,0.15,easy,1,0.8
2582,10,0,0.06765881887543909,0.30218166255653256,0.06342119934648179,0.19643936134167775,0.10738142486122587,0.332600750806658,0.5906161091496412,0.6931471805599453,0.77,diversified,2,100,100,B_noise,0.15,neutral,1,0.77
2583,2,0,0.13705083226061104,0.3430516578329409,0.10646084117843785,0.23347198880410638,0.18025387308131216,0.39530243958339584,0.5906161091496412,0.6931471805599453,0.89,diversified,2,100,100,B_noise,0.15,hard,0,0.89
2584,10,0,0.11194882489883838,0.33256575085189655,0.0702658700777942,0.2072647929928435,0.11897045981180866,0.3509297998851737,0.5906161091496412,0.6931471805599453,0.82,diversified,2,100,100,B_noise,0.15,easy,1,0.82
2585,4,0,0.08890147548040621,0.2903511491485019,0.08847132437225436,0.1924541662479634,0.14979497342128684,0.3258532289697542,0.5906161091496412,0.6931471805599453,0.7,diversified,2,100,100,B_noise,0.15,neutral,5,0.7
2586,7,0,0.1722250463549474,0.3381174940822101,0.13716732597055206,0.2262361085538009,0.2322444712319872,0.38305102933872176,0.5906161091496412,0.6931471805599453,0.82,diversified,2,100,100,B_noise,0.15,hard,9,0.82
2587,8,1,0.04973078334779153,0.27909002478918243,0.040743170892055806,0.17423025993835953,0.06898418492295633,0.2949974733828598,0.5906161091496412,0.6931471805599453,0.73,diversified,2,100,100,B_noise,0.15,easy,8,0.73
2588,1,0,0.087221945076138,0.3328834246605344,0.07125884383725721,0.21925111078104506,0.12065171053301349,0.37122440005356266,0.5906161091496412,0.6931471805599453,0.87,diversified,2,100,100,B_noise,0.15,neutral,5,0.87
2589,6,0,0.12617173569999307,0.33914085369431274,0.17078587556534597,0.2402305809271778,0.2891656236929272,0.40674573078112886,0.5906161091496412,0.6931471805599453,0.76,diversified,2,100,100,B_noise,0.15,hard,3,0.76
2590,1,0,0.09111419637297713,0.3194688207606622,0.09701593067521445,0.2205789924239679,0.16426224949213847,0.37347269911339476,0.5906161091496412,0.6931471805599453,0.78,diversified,2,100,100,B_noise,0.15,easy,6,0.78
2591,0,0,0.10770876801340046,0.31353022060542834,0.12074069302069838,0.21594433700736465,0.20443176396684934,0.3656255453619061,0.5906161091496412,0.6931471805599453,0.72,diversified,2,100,100,B_noise,0.15,neutral,8,0.72
2592,3,0,0.06449046282295,0.2897477251011592,0.05669737331235992,0.18648647205708835,0.09599699776897688,0.3157490443760302,0.5906161091496412,0.6931471805599453,0.72,diversified,2,100,100,B_noise,0.15,hard,7,0.72
2593,4,0,0.1120013964125347,0.31319028672781685,0.1013059706248177,0.21039290095347746,0.17152591853729873,0.3562261470592082,0.5906161091496412,0.6931471805599453,0.79,diversified,2,100,100,B_noise,0.15,easy,10,0.79
2594,5,0,0.1358468054491432,0.35407155269140517,0.11753395469804903,0.2335461878612014,0.19900228401706205,0.3954280695077165,0.5906161091496412,0.6931471805599453,0.87,diversified,2,100,100,B_noise,0.15,neutral,1,0.87
2595,1,0,0.13870789297842157,0.3335630832561746,0.163399741590427,0.23431532522006185,0.2766598117780551,0.3967303322583344,0.5906161091496412,0.6931471805599453,0.75,diversified,2,100,100,B_noise,0.15,hard,9,0.75
2596,5,0,0.12304779829119235,0.3350096440043184,0.1329903065640875,0.24215536811409805,0.22517216260078754,0.4100046787798408,0.5906161091496412,0.6931471805599453,0.85,diversified,2,100,100,B_noise,0.15,easy,6,0.85
2597,7,0,0.09126266709451761,0.31314412857862317,0.1023015043502564,0.2141856004825637,0.1732115036576776,0.3626477455735916,0.5906161091496412,0.6931471805599453,0.7,diversified,2,100,100,B_noise,0.15,neutral,6,0.7
2598,7,1,0.04553751517919651,0.2725672812372505,0.036809786708354754,0.173958205961918,0.0623243865822638,0.2945368459596877,0.5906161091496412,0.6931471805599453,0.74,diversified,2,100,100,B_noise,0.15,hard,7,0.74
2599,6,0,0.1071011313080754,0.326185776425779,0.1257927383965781,0.22956606895732196,0.21298562035108098,0.38868914240731967,0.5906161091496412,0.6931471805599453,0.83,diversified,2,100,100,B_noise,0.15,easy,1,0.83
2600,4,0,0.10038621685445326,0.30259432742628284,0.09278192147309838,0.20094156118675183,0.15709344874911077,0.3402236377806626,0.5906161091496412,0.6931471805599453,0.7566666666666667,diversified,2,300,300,B_noise,0.15,easy,1,0.7566666666666667
2601,6,0,0.0780896362788254,0.3016249823786669,0.0743649786285194,0.20411248405071833,0.1259108538972782,0.34559247688756056,0.5906161091496412,0.6931471805599453,0.8033333333333333,diversified,2,300,300,B_noise,0.15,neutral,1,0.8033333333333333
2602,0,0,0.11002411814437812,0.3004989332197791,0.08986766824060838,0.19630808378710893,0.1521591891050826,0.332378478585269,0.5906161091496412,0.6931471805599453,0.74,diversified,2,300,300,B_noise,0.15,hard,3,0.74
2603,1,0,0.0570365826474762,0.28744729251049345,0.059359705692511026,0.18623297104593553,0.10050471833214318,0.3153198298537277,0.5906161091496412,0.6931471805599453,0.72,diversified,2,300,300,B_noise,0.15,easy,8,0.72
2604,4,1,0.06313135481379938,0.2828166591486013,0.0442241397247818,0.1830440098658819,0.07487797748770338,0.30992044922280476,0.5906161091496412,0.6931471805599453,0.7733333333333333,diversified,2,300,300,B_noise,0.15,neutral,4,0.7733333333333333
2605,7,0,0.10793078435678152,0.30316572788799684,0.09553991351741564,0.20023887791274972,0.1617631352029533,0.3390338915764593,0.5906161091496412,0.6931471805599453,0.73,diversified,2,300,300,B_noise,0.15,hard,0,0.73
2606,7,0,0.0682348802852308,0.2979091866940472,0.05040475335696311,0.19039573095483844,0.08534266603316153,0.3223679950568346,0.5906161091496412,0.6931471805599453,0.7666666666666667,diversified,2,300,300,B_noise,0.15,easy,2,0.7666666666666667
2607,3,0,0.09945439144890972,0.2907054480022729,0.08284275400218707,0.1859335969985392,0.14026497536862417,0.3148129455294458,0.5906161091496412,0.6931471805599453,0.7,diversified,2,300,300,B_noise,0.15,neutral,2,0.7
2608,10,0,0.1429327658912699,0.3237118323154223,0.15006447988808871,0.23951466213661912,0.254081251024712,0.4055335748993846,0.5906161091496412,0.6931471805599453,0.7566666666666667,diversified,2,300,300,B_noise,0.15,hard,7,0.7566666666666667
2609,1,1,0.07404266391993014,0.29579459681873466,0.07856563423339222,0.3123690344843711,0.07856563423339222,0.3123690344843711,1.0,-0.0,0.7766666666666666,diversified,2,300,300,B_noise,0.15,easy,1,0.7766666666666666
2610,2,0,0.1278756199934712,0.31984644315586946,0.09678299928552064,0.20899537843208926,0.16386786236641449,0.35385993574235075,0.5906161091496412,0.6931471805599453,0.7466666666666667,diversified,2,300,300,B_noise,0.15,neutral,1,0.7466666666666667
2611,6,0,0.0746308950912108,0.2955392913135874,0.04744723946683608,0.1815459115818308,0.08033515972862607,0.307383948336962,0.5906161091496412,0.6931471805599453,0.75,diversified,2,300,300,B_noise,0.15,hard,0,0.75
2612,10,1,0.07928879149026809,0.2971198928868963,0.08314714671852248,0.311569742727941,0.08314714671852248,0.311569742727941,1.0,-0.0,0.7233333333333334,diversified,2,300,300,B_noise,0.15,easy,10,0.7233333333333334
2613,10,0,0.07007301348151766,0.29212971881420885,0.058985363242278585,0.18286537433050573,0.09987090146796822,0.3096179929697348,0.5906161091496412,0.6931471805599453,0.7033333333333334,diversified,2,300,300,B_noise,0.15,neutral,6,0.7033333333333334
2614,0,0,0.07754602937019779,0.29972854565644697,0.058653595451425206,0.19167920117357026,0.09930916976828422,0.32454109903901307,0.5906161091496412,0.6931471805599453,0.79,diversified,2,300,300,B_noise,0.15,hard,4,0.79
2615,8,1,0.05787158392703981,0.29585669144782173,0.037787401160982094,0.17671146301719082,0.06397963173640443,0.29919851538017966,0.5906161091496412,0.6931471805599453,0.7066666666666667,diversified,2,300,300,B_noise,0.15,easy,8,0.7066666666666667
2616,8,0,0.06070043532320536,0.28712462771752434,0.06483017835405479,0.3045483159410465,0.06483017835405479,0.3045483159410465,1.0,-0.0,0.7666666666666667,diversified,2,300,300,B_noise,0.15,neutral,2,0.7666666666666667
2617,10,0,0.06763608808522391,0.29289482566052266,0.04843268266910107,0.185890500821145,0.082003660108143,0.31473997735819786,0.5906161091496412,0.6931471805599453,0.7633333333333333,diversified,2,300,300,B_noise,0.15,hard,3,0.7633333333333333
2618,9,0,0.04949873197436982,0.2882431054365004,0.04334603220674386,0.1811235269390571,0.07339121221930894,0.3066687889699378,0.5906161091496412,0.6931471805599453,0.7366666666666667,diversified,2,300,300,B_noise,0.15,easy,1,0.7366666666666667
2619,6,0,0.1028354607345901,0.3031705483690886,0.09664159044044543,0.20352372279051398,0.16362843637906915,0.34459561741982264,0.5906161091496412,0.6931471805599453,0.75,diversified,2,300,300,B_noise,0.15,neutral,3,0.75
2620,5,0,0.04904363987124611,0.28861101106927195,0.03628251154445308,0.1792079724822831,0.06143163212512441,0.3034254733422419,0.5906161091496412,0.6931471805599453,0.77,diversified,2,300,300,B_noise,0.15,hard,7,0.77
2621,8,0,0.0760931139349397,0.3083016228814691,0.07354444677345282,0.20033652445725428,0.1245215727003126,0.3391992215479786,0.5906161091496412,0.6931471805599453,0.7666666666666667,diversified,2,300,300,B_noise,0.15,easy,5,0.7666666666666667
2622,9,0,0.11699756642079442,0.3003691307657983,0.07989603273637404,0.18999557073143897,0.1352757425655168,0.32169046490281356,0.5906161091496412,0.6931471805599453,0.7233333333333334,diversified,2,300,300,B_noise,0.15,neutral,3,0.7233333333333334
2623,9,1,0.05772338508176193,0.2949619937724083,0.06440634621853975,0.19433505318822675,0.10904942351008826,0.3290378473896131,0.5906161091496412,0.6931471805599453,0.77,diversified,2,300,300,B_noise,0.15,hard,9,0.77
2624,3,0,0.10907419710553386,0.29789317978012014,0.08448129252700572,0.18803258928833735,0.1430392622521597,0.3183668484069346,0.5906161091496412,0.6931471805599453,0.7233333333333334,diversified,2,300,300,B_noise,0.15,easy,8,0.7233333333333334
2625,1,0,0.11074300699388767,0.3095109290031642,0.11537320414912046,0.3226653231936597,0.11537320414912046,0.3226653231936597,1.0,-0.0,0.71,diversified,2,300,300,B_noise,0.15,neutral,5,0.71
2626,4,0,0.12913723882843345,0.3152169644089249,0.09152751390239716,0.19680260527087476,0.15496955210750496,0.33321577624123344,0.5906161091496412,0.6931471805599453,0.6966666666666667,diversified,2,300,300,B_noise,0.15,hard,7,0.6966666666666667
2627,2,0,0.15429100871823173,0.3271202760695124,0.17618005378013374,0.349125010468378,0.17618005378013374,0.349125010468378,1.0,-0.0,0.74,diversified,2,300,300,B_noise,0.15,easy,6,0.74
2628,2,0,0.11738853570359606,0.3160126896230985,0.11307139153629936,0.21659506397687336,0.19144650778167493,0.3667273218956441,0.5906161091496412,0.6931471805599453,0.75,diversified,2,300,300,B_noise,0.15,neutral,0,0.75
2629,8,0,0.13398204124165508,0.3406909914996186,0.1396660357031885,0.23398503842060878,0.23647515457083826,0.39617110809506423,0.5906161091496412,0.6931471805599453,0.75,diversified,2,300,300,B_noise,0.15,hard,4,0.75
2630,8,1,0.049254018007176506,0.27930695851214127,0.036690071024454284,0.1727671960032034,0.062121690309598916,0.2925202908060713,0.5906161091496412,0.6931471805599453,0.76,diversified,2,300,300,B_noise,0.15,easy,8,0.76
2631,7,0,0.10423338093078187,0.3159170152719297,0.132753350176683,0.21184161604241605,0.22477096056153792,0.3586790349274792,0.5906161091496412,0.6931471805599453,0.7,diversified,2,300,300,B_noise,0.15,neutral,9,0.7
2632,0,1,0.05866082311690467,0.2864949712615508,0.04030103679315499,0.17498956158692927,0.068235586819973,0.2962830828283302,0.5906161091496412,0.6931471805599453,0.72,diversified,2,300,300,B_noise,0.15,hard,0,0.72
2633,2,0,0.16543257020269256,0.3428523802390595,0.17687204827735428,0.35909130102205594,0.17687204827735428,0.35909130102205594,1.0,-0.0,0.7433333333333333,diversified,2,300,300,B_noise,0.15,easy,8,0.7433333333333333
2634,8,0,0.14038944214626073,0.3464320357043708,0.09686133661978222,0.22697228063368957,0.16400049900305205,0.3842974770201922,0.5906161091496412,0.6931471805599453,0.8166666666666667,diversified,2,300,300,B_noise,0.15,neutral,5,0.8166666666666667
2635,7,0,0.09336579556524803,0.312678862450667,0.09632874662135535,0.20428368177691644,0.16309874574882116,0.34588233983499117,0.5906161091496412,0.6931471805599453,0.7233333333333334,diversified,2,300,300,B_noise,0.15,hard,0,0.7233333333333334
2636,5,0,0.1421432677854582,0.32695259925674774,0.16778565383184704,0.35523408406562207,0.16778565383184704,0.35523408406562207,1.0,-0.0,0.7566666666666667,diversified,2,300,300,B_noise,0.15,easy,2,0.7566666666666667
2637,4,0,0.05759190813557335,0.287487812384541,0.041362974101810335,0.17731644039485106,0.0700336029800542,0.3002228311214677,0.5906161091496412,0.6931471805599453,0.7,diversified,2,300,300,B_noise,0.15,neutral,3,0.7
2638,5,0,0.07622737988648765,0.30165498770676946,0.053372687758335834,0.18960177404796683,0.09036781579693262,0.32102370915847883,0.5906161091496412,0.6931471805599453,0.7866666666666666,diversified,2,300,300,B_noise,0.15,hard,7,0.7866666666666666
2639,10,0,0.0479127985135773,0.28031310606557885,0.045903839466316466,0.1772283218055111,0.07772195636927007,0.3000736333803718,0.5906161091496412,0.6931471805599453,0.7466666666666667,diversified,2,300,300,B_noise,0.15,easy,8,0.7466666666666667
2640,0,0,0.11324671561369187,0.3169992811201798,0.11414697803052033,0.2386584634634359,0.18680314681498325,0.39056795684138274,0.6110548991103224,0.6365141682948128,0.7666666666666667,diversified,3,30,30,B_noise,0.15,easy,1,0.7666666666666667
2641,7,0,0.06744265229253729,0.3070660026972594,0.09106115075264973,0.19085660307237293,0.19110204998977,0.4005340125811335,0.4765053580405044,1.0986122886681096,0.8333333333333334,diversified,3,30,30,B_noise,0.15,neutral,3,0.8333333333333334
2642,9,1,0.07558080276735452,0.3025361437853288,0.07061392268589434,0.179944409877665,0.14819124589967766,0.3776335498463989,0.4765053580405044,1.0986122886681096,0.7666666666666667,diversified,3,30,30,B_noise,0.15,hard,9,0.7666666666666667
2643,4,0,0.0900116885055293,0.3174389417668025,0.07792356566047336,0.21799230822263363,0.1275230192474158,0.35674750098562974,0.6110548991103224,0.6365141682948128,0.7666666666666667,diversified,3,30,30,B_noise,0.15,easy,5,0.7666666666666667
2644,1,1,0.10306267123823193,0.3256229964852454,0.0902560894734828,0.19382731793180458,0.18941253849617942,0.40676839129126574,0.4765053580405044,1.0986122886681096,0.7,diversified,3,30,30,B_noise,0.15,neutral,1,0.7
2645,2,0,0.07597705402603858,0.30339810909396703,0.0672104907739609,0.18156248243082204,0.14104876186564894,0.3810292567904109,0.4765053580405044,1.0986122886681096,0.7666666666666667,diversified,3,30,30,B_noise,0.15,hard,0,0.7666666666666667
2646,1,1,0.06602547477620369,0.3132038516155482,0.08043091627357941,0.18386959241929104,0.1687933092805696,0.3858709861635209,0.4765053580405044,1.0986122886681096,0.7333333333333333,diversified,3,30,30,B_noise,0.15,easy,1,0.7333333333333333
2647,3,0,0.07860779108204609,0.326482962736666,0.08521472662859386,0.20126999753665,0.17883267247826068,0.42238769017061384,0.4765053580405044,1.0986122886681096,0.8666666666666667,diversified,3,30,30,B_noise,0.15,neutral,6,0.8666666666666667
2648,5,0,0.10748824077439341,0.33995595041141957,0.1601781503518591,0.23879450540525035,0.3361518347045396,0.5011370835098817,0.4765053580405044,1.0986122886681096,0.7666666666666667,diversified,3,30,30,B_noise,0.15,hard,9,0.7666666666666667
2649,10,1,0.06704830497558406,0.3000857604930799,0.07347163774590404,0.22020550436914926,0.12023737613899593,0.3603694278366181,0.6110548991103224,0.6365141682948128,0.6666666666666666,diversified,3,30,30,B_noise,0.15,easy,10,0.6666666666666666
2650,9,0,0.0877898701701592,0.3063103398289664,0.12874337069044087,0.21315818067051445,0.27018241981551294,0.44733637738527876,0.4765053580405044,1.0986122886681096,0.9,diversified,3,30,30,B_noise,0.15,neutral,5,0.9
2651,1,0,0.08411152084459475,0.33779071802756183,0.10928485071699533,0.2512413970007449,0.17884620657834638,0.41116010585390084,0.6110548991103224,0.6365141682948128,0.8,diversified,3,30,30,B_noise,0.15,hard,7,0.8
2652,3,0,0.0677012358463665,0.31476924740772594,0.06363682913966476,0.21929718285260677,0.10414257251241757,0.35888294680542926,0.6110548991103224,0.6365141682948128,0.8666666666666667,diversified,3,30,30,B_noise,0.15,easy,2,0.8666666666666667
2653,6,0,0.0933340331988855,0.3312054491118065,0.11369093938419421,0.20718663588551858,0.23859320250189112,0.4348044201171544,0.4765053580405044,1.0986122886681096,0.8333333333333334,diversified,3,30,30,B_noise,0.15,neutral,5,0.8333333333333334
2654,4,1,0.08836438036116799,0.3079466222545447,0.061397677316156744,0.17131768796187727,0.12884992011136578,0.3595294052230043,0.4765053580405044,1.0986122886681096,0.7333333333333333,diversified,3,30,30,B_noise,0.15,hard,4,0.7333333333333333
2655,10,0,0.07477226511627308,0.2982789306382957,0.10509695926010311,0.19712184015684361,0.22055777020490405,0.41368231611802286,0.4765053580405044,1.0986122886681096,0.8,diversified,3,30,30,B_noise,0.15,easy,2,0.8
2656,10,0,0.11324671561369185,0.32509029418625707,0.106207159103072,0.20271814398609828,0.22288764923823598,0.4254267881052171,0.4765053580405044,1.0986122886681096,0.7333333333333333,diversified,3,30,30,B_noise,0.15,neutral,5,0.7333333333333333
2657,0,0,0.07625830398291233,0.2869482996459873,0.11783271539929872,0.22519849074024184,0.19283490823960273,0.368540520775014,0.6110548991103224,0.6365141682948128,0.7333333333333333,diversified,3,30,30,B_noise,0.15,hard,7,0.7333333333333333
2658,8,0,0.07462603032161388,0.3084076418781649,0.0866886043652639,0.19096937618179,0.18192577040843078,0.4007706796143875,0.4765053580405044,1.0986122886681096,0.8666666666666667,diversified,3,30,30,B_noise,0.15,easy,10,0.8666666666666667
2659,3,0,0.11936721561051075,0.3293158369385245,0.1523146814469907,0.25642507432651546,0.24926513422731134,0.41964326724139295,0.6110548991103224,0.6365141682948128,0.8333333333333334,diversified,3,30,30,B_noise,0.15,neutral,10,0.8333333333333334
2660,1,0,0.1920217459277003,0.39822815317734434,0.20133008409366668,0.3129926069452271,0.32947953512327166,0.5122168358373936,0.6110548991103224,0.6365141682948128,0.9333333333333333,diversified,3,30,30,B_noise,0.15,hard,7,0.9333333333333332
2661,1,1,0.06490432693734827,0.30798890510396504,0.0712576812168981,0.18340471054538826,0.1495422454637771,0.38489537935016943,0.4765053580405044,1.0986122886681096,0.8333333333333334,diversified,3,30,30,B_noise,0.15,easy,1,0.8333333333333334
2662,7,0,0.08550710437129366,0.28774213018978184,0.09308993993200278,0.17476013656298214,0.19535969189267718,0.36675377016039135,0.4765053580405044,1.0986122886681096,0.6,diversified,3,30,30,B_noise,0.15,neutral,6,0.6
2663,1,0,0.07558080276735453,0.2882406378607446,0.10489694925041816,0.19250096055569985,0.2201380267407226,0.40398488140260674,0.4765053580405044,1.0986122886681096,0.7,diversified,3,30,30,B_noise,0.15,hard,7,0.7
2664,8,0,0.1410797709029351,0.3293941656329931,0.1491053482618135,0.2600438201506198,0.2440130149989901,0.4255653960539974,0.6110548991103224,0.6365141682948128,0.8,diversified,3,30,30,B_noise,0.15,easy,2,0.8
2665,8,0,0.07530451897319201,0.28080204506772555,0.0859981560507383,0.16820730162571976,0.18047678709087714,0.35300191023543875,0.4765053580405044,1.0986122886681096,0.7,diversified,3,30,30,B_noise,0.15,neutral,4,0.7
2666,7,0,0.07638682801365203,0.3052568172035098,0.09992577434899191,0.19370859120204995,0.209705458003471,0.4065192299172093,0.4765053580405044,1.0986122886681096,0.8333333333333334,diversified,3,30,30,B_noise,0.15,hard,4,0.8333333333333334
2667,5,0,0.0800183330208999,0.33012684424636213,0.09316325254570339,0.2036850077428804,0.19551354664470366,0.4274558602666679,0.4765053580405044,1.0986122886681096,0.8666666666666667,diversified,3,30,30,B_noise,0.15,easy,2,0.8666666666666667
2668,4,0,0.06670984458552945,0.2872177884817357,0.07496578036844667,0.16119731170943372,0.15732410791081672,0.33829065925368135,0.4765053580405044,1.0986122886681096,0.6333333333333333,diversified,3,30,30,B_noise,0.15,neutral,3,0.6333333333333333
2669,5,0,0.14793760099393197,0.3760837963886987,0.17134583699296366,0.2821371849245965,0.28040988991731847,0.4617215005319158,0.6110548991103224,0.6365141682948128,0.8333333333333334,diversified,3,30,30,B_noise,0.15,hard,3,0.8333333333333334
2670,0,0,0.17031887109118932,0.3544186449120042,0.1715090772289013,0.2557962060527777,0.2806770348762662,0.41861411540143006,0.6110548991103224,0.6365141682948128,0.7333333333333333,diversified,3,30,30,B_noise,0.15,easy,2,0.7333333333333333
2671,8,0,0.08133420211072956,0.3292525053353957,0.11208607994320313,0.20459357350388455,0.23522522475744223,0.42936258753777423,0.4765053580405044,1.0986122886681096,0.7666666666666667,diversified,3,30,30,B_noise,0.15,neutral,3,0.7666666666666667
2672,2,0,0.06498462551992297,0.3002727028220956,0.05517962865423512,0.16575785796336015,0.11580064677792076,0.3478614776652107,0.4765053580405044,1.0986122886681096,0.5666666666666667,diversified,3,30,30,B_noise,0.15,hard,0,0.5666666666666667
2673,4,0,0.07632917104653061,0.27634965015254087,0.07578907205693808,0.17198718888923956,0.1590518779654431,0.3609344280964415,0.4765053580405044,1.0986122886681096,0.8,diversified,3,30,30,B_noise,0.15,easy,8,0.8
2674,2,1,0.07477226511627308,0.29898482504344714,0.06311562078126218,0.21944400545629228,0.10328960764925808,0.35912322407658653,0.6110548991103224,0.6365141682948128,0.7,diversified,3,30,30,B_noise,0.15,neutral,2,0.7
2675,2,0,0.0664078479229314,0.28880048751285564,0.07146622067496951,0.16621353541022715,0.14997988893315795,0.3488177679548747,0.4765053580405044,1.0986122886681096,0.6666666666666666,diversified,3,30,30,B_noise,0.15,hard,7,0.6666666666666666
2676,1,0,0.07987730946970989,0.30774256562331664,0.10608213607277618,0.18516816749087606,0.22262527437049065,0.3885961917665073,0.4765053580405044,1.0986122886681096,0.7333333333333333,diversified,3,30,30,B_noise,0.15,easy,6,0.7333333333333333
2677,7,0,0.091084169279258,0.31983229381020833,0.07489692004858471,0.18850937616419908,0.1571795967973528,0.3956080933473474,0.4765053580405044,1.0986122886681096,0.7666666666666667,diversified,3,30,30,B_noise,0.15,neutral,5,0.7666666666666667
2678,2,0,0.06559779804252668,0.3115293501304518,0.08046039362018233,0.18260250290976215,0.1688551708023878,0.3832118565479811,0.4765053580405044,1.0986122886681096,0.7666666666666667,diversified,3,30,30,B_noise,0.15,hard,7,0.7666666666666667
2679,0,0,0.09973786840306198,0.30714100736860944,0.08228322484547979,0.1828713736967094,0.172680586811965,0.3837761120855324,0.4765053580405044,1.0986122886681096,0.7,diversified,3,30,30,B_noise,0.15,easy,6,0.7
2680,7,0,0.07117847587392476,0.2942895398754942,0.05745288431425893,0.1559850959559452,0.12057132904133107,0.32735223922222084,0.4765053580405044,1.0986122886681096,0.696969696969697,diversified,3,100,99,B_noise,0.15,easy,5,0.696969696969697
2681,5,1,0.07041624287018312,0.301500192234552,0.05791283755189591,0.1744869411974661,0.12153659255804873,0.3661804390091122,0.4765053580405044,1.0986122886681096,0.8383838383838383,diversified,3,100,99,B_noise,0.15,neutral,5,0.8383838383838383
2682,2,0,0.11506558479133323,0.30926461060705773,0.09780359655640003,0.21711734366088417,0.1600569714747384,0.3553156090835709,0.6110548991103224,0.6365141682948128,0.7474747474747475,diversified,3,100,99,B_noise,0.15,hard,9,0.7474747474747475
2683,8,1,0.06517330282762702,0.2838538642917574,0.05494440857914534,0.19339280693911085,0.08991730310835042,0.3164900686021583,0.6110548991103224,0.6365141682948128,0.7272727272727273,diversified,3,100,99,B_noise,0.15,easy,8,0.7272727272727273
2684,1,0,0.054219068593663364,0.28844299651272565,0.06192720500703765,0.16431372876914177,0.1299611934306385,0.34483081039179964,0.4765053580405044,1.0986122886681096,0.797979797979798,diversified,3,100,99,B_noise,0.15,neutral,4,0.797979797979798
2685,2,0,0.09647337695235539,0.31339981111606013,0.07258364329317801,0.17565151533517784,0.152324925771366,0.36862442860557915,0.4765053580405044,1.0986122886681096,0.8080808080808081,diversified,3,100,99,B_noise,0.15,hard,4,0.8080808080808081
2686,5,0,0.057700397188340025,0.29435847351755384,0.06138016672805154,0.16302971161750052,0.1288131721759864,0.3421361562185047,0.4765053580405044,1.0986122886681096,0.6868686868686869,diversified,3,100,99,B_noise,0.15,easy,6,0.6868686868686869
2687,4,0,0.08430194271621431,0.3030071004171545,0.09401946550276526,0.21618985274516545,0.15386418739078073,0.3537977570590325,0.6110548991103224,0.6365141682948128,0.7676767676767676,diversified,3,100,99,B_noise,0.15,neutral,10,0.7676767676767676
2688,8,0,0.08397212161069936,0.3112550409001557,0.10326739940895134,0.19461420165906484,0.21671823341842317,0.4084197551510471,0.4765053580405044,1.0986122886681096,0.8585858585858586,diversified,3,100,99,B_noise,0.15,hard,7,0.8585858585858586
2689,10,0,0.09840320541918542,0.3208637492077932,0.11099645318541548,0.20282354974902103,0.23293852065348747,0.4256479939345832,0.4765053580405044,1.0986122886681096,0.7777777777777778,diversified,3,100,99,B_noise,0.15,easy,1,0.7777777777777778
2690,9,1,0.07264031754846281,0.2786584366666947,0.04715631564535502,0.14656378020419528,0.09896282350165428,0.30758055021017605,0.4765053580405044,1.0986122886681096,0.6363636363636364,diversified,3,100,99,B_noise,0.15,neutral,9,0.6363636363636364
2691,5,0,0.04782600757758939,0.2867591016011084,0.06783477364409715,0.15904116412116698,0.14235888956852188,0.3337657414287627,0.4765053580405044,1.0986122886681096,0.7272727272727273,diversified,3,100,99,B_noise,0.15,hard,0,0.7272727272727273
2692,5,0,0.10312952695089322,0.3269038746742792,0.13903252126620969,0.24393158285711664,0.22752869090590203,0.39919749144025146,0.6110548991103224,0.6365141682948128,0.7575757575757576,diversified,3,100,99,B_noise,0.15,easy,10,0.7575757575757576
2693,8,0,0.06560234601690382,0.307231887836967,0.05128482169087512,0.1622658114546519,0.10762695702262336,0.340533025949435,0.4765053580405044,1.0986122886681096,0.8686868686868687,diversified,3,100,99,B_noise,0.15,neutral,9,0.8686868686868687
2694,9,0,0.09463484553075853,0.2882013622459373,0.06671127548792338,0.15851382913302606,0.14000110253167966,0.3326590697424055,0.4765053580405044,1.0986122886681096,0.7373737373737373,diversified,3,100,99,B_noise,0.15,hard,3,0.7373737373737373
2695,10,0,0.0662199920039857,0.2871770200258572,0.04378877887745521,0.18999246862929803,0.07166095704528408,0.31092536678115396,0.6110548991103224,0.6365141682948128,0.7474747474747475,diversified,3,100,99,B_noise,0.15,easy,1,0.7474747474747475
2696,2,0,0.05283894861125561,0.2912798824675922,0.06740259502281726,0.1721265923543082,0.14145191420300426,0.36122698192131747,0.4765053580405044,1.0986122886681096,0.8181818181818182,diversified,3,100,99,B_noise,0.15,neutral,7,0.8181818181818182
2697,4,1,0.0727488381731508,0.29456398541028356,0.07212887172389859,0.16192459172509466,0.15137053656753932,0.33981693803185015,0.4765053580405044,1.0986122886681096,0.7070707070707071,diversified,3,100,99,B_noise,0.15,hard,4,0.7070707070707071
2698,1,0,0.0689211419090769,0.3023170969209238,0.0621238807545104,0.20423207836443694,0.1016666110442137,0.3342286898636975,0.6110548991103224,0.6365141682948128,0.797979797979798,diversified,3,100,99,B_noise,0.15,easy,6,0.797979797979798
2699,1,0,0.1290855240959199,0.33125511419778975,0.1206858294769025,0.20503933486385423,0.25327276480833155,0.43029806780562,0.4765053580405044,1.0986122886681096,0.8585858585858586,diversified,3,100,99,B_noise,0.15,neutral,10,0.8585858585858586
2700,4,1,0.06399498004644831,0.28425053685987167,0.07581423081530307,0.16508244435316607,0.1591046764449155,0.3464440463629237,0.4765053580405044,1.0986122886681096,0.7070707070707071,diversified,3,100,99,B_noise,0.15,hard,4,0.7070707070707071
2701,1,1,0.06599501608365126,0.2846259886600727,0.062174016362749406,0.20117488847652223,0.10174865867743292,0.3292255552969575,0.6110548991103224,0.6365141682948128,0.797979797979798,diversified,3,100,99,B_noise,0.15,easy,1,0.797979797979798
2702,3,0,0.08991965269823594,0.27721881477328114,0.08054340837350528,0.19160705293636404,0.13181042896599646,0.313567656875574,0.6110548991103224,0.6365141682948128,0.6262626262626263,diversified,3,100,99,B_noise,0.15,neutral,1,0.6262626262626263
2703,7,1,0.05371474008085392,0.2833407018234609,0.03724814389788234,0.14472078688622877,0.07816941251417395,0.3037128217851583,0.4765053580405044,1.0986122886681096,0.5959595959595959,diversified,3,100,99,B_noise,0.15,hard,7,0.5959595959595959
2704,0,0,0.07649189268901319,0.29092551052691445,0.060781900028164124,0.19361995294940626,0.09947044057196947,0.31686179626627836,0.6110548991103224,0.6365141682948128,0.7070707070707071,diversified,3,100,99,B_noise,0.15,easy,2,0.7070707070707071
2705,6,0,0.05966094260063352,0.2896942703638729,0.05972573657790416,0.16233808724327578,0.12534116473214407,0.34068470480761426,0.4765053580405044,1.0986122886681096,0.7070707070707071,diversified,3,100,99,B_noise,0.15,neutral,10,0.7070707070707071
2706,4,1,0.077009497523316,0.29836547434209965,0.04834781778993991,0.16045107859768457,0.10146332454425455,0.3367246052751535,0.4765053580405044,1.0986122886681096,0.8080808080808081,diversified,3,100,99,B_noise,0.15,hard,4,0.8080808080808081
2707,5,0,0.07628206920774754,0.3047961851311563,0.047376779058158035,0.16343383552442745,0.0994254907289644,0.3429842556157261,0.4765053580405044,1.0986122886681096,0.8484848484848485,diversified,3,100,99,B_noise,0.15,easy,2,0.8484848484848485
2708,5,0,0.08610433998736412,0.3079722618625307,0.09210635641312674,0.3289377168911638,0.09210635641312674,0.3289377168911638,1.0,-0.0,0.7575757575757576,diversified,3,100,99,B_noise,0.15,neutral,1,0.7575757575757576
2709,4,1,0.05533274706382991,0.2837876352674957,0.035238718957495925,0.14779098905218466,0.07395240864112282,0.3101559857793288,0.4765053580405044,1.0986122886681096,0.7878787878787878,diversified,3,100,99,B_noise,0.15,hard,4,0.7878787878787878
2710,2,0,0.05728221919428553,0.2931421310024117,0.06591471103298448,0.20057959581465282,0.10787035850453751,0.32825135042152626,0.6110548991103224,0.6365141682948128,0.7272727272727273,diversified,3,100,99,B_noise,0.15,easy,5,0.7272727272727273
2711,1,0,0.06396898396058744,0.28274206724198303,0.04641907502484259,0.18604062998614238,0.07596547395729479,0.3044581268508148,0.6110548991103224,0.6365141682948128,0.6464646464646465,diversified,3,100,99,B_noise,0.15,neutral,3,0.6464646464646465
2712,8,0,0.125989055592664,0.3314139838862087,0.11192534453540436,0.23696762697885493,0.18316741212346763,0.38780087897809623,0.6110548991103224,0.6365141682948128,0.7676767676767676,diversified,3,100,99,B_noise,0.15,hard,4,0.7676767676767676
2713,6,0,0.06245308381206274,0.2964851489556251,0.08531366056719855,0.20980080050562602,0.1396170142673149,0.3433419825470505,0.6110548991103224,0.6365141682948128,0.7171717171717171,diversified,3,100,99,B_noise,0.15,easy,8,0.7171717171717171
2714,7,0,0.05322431560823189,0.2857896066009681,0.04763375958832396,0.15426251768644594,0.09996479322751906,0.32373721529765703,0.4765053580405044,1.0986122886681096,0.7474747474747475,diversified,3,100,99,B_noise,0.15,neutral,9,0.7474747474747475
2715,5,0,0.05989447922080111,0.2894479753611314,0.04659493356655046,0.19411441139558924,0.07625326895241538,0.31767098451908987,0.6110548991103224,0.6365141682948128,0.7474747474747475,diversified,3,100,99,B_noise,0.15,hard,7,0.7474747474747475
2716,2,1,0.06241429795161166,0.30213014304114566,0.043199293216498603,0.15915559507412388,0.09065856760592088,0.33400588763284206,0.4765053580405044,1.0986122886681096,0.8181818181818182,diversified,3,100,99,B_noise,0.15,easy,2,0.8181818181818182
2717,8,0,0.05966819102110989,0.28894236424553366,0.05879030202775479,0.16289625731246501,0.12337805028995588,0.3418560873739815,0.4765053580405044,1.0986122886681096,0.8080808080808081,diversified,3,100,99,B_noise,0.15,neutral,2,0.8080808080808081
2718,9,0,0.06539630544150542,0.2823226339006135,0.05253395914232521,0.15300213399166399,0.11024841222847208,0.32109215858735074,0.4765053580405044,1.0986122886681096,0.7575757575757576,diversified,3,100,99,B_noise,0.15,hard,0,0.7575757575757576
2719,5,0,0.06390601589339374,0.29035797039981504,0.056899211561517796,0.1569894398182074,0.11940938459852782,0.3294599675936127,0.4765053580405044,1.0986122886681096,0.7676767676767676,diversified,3,100,99,B_noise,0.15,easy,2,0.7676767676767676
2720,0,0,0.0554345266080531,0.2820224974451743,0.05205908948102274,0.19060469452220336,0.08519543752422117,0.31192728312909046,0.6110548991103224,0.6365141682948128,0.77,diversified,3,300,300,B_noise,0.15,easy,8,0.77
2721,4,0,0.06456148183675992,0.28423402422125515,0.05782962601274395,0.1532845472059047,0.12136196379942542,0.32168483442923856,0.4765053580405044,1.0986122886681096,0.6966666666666667,diversified,3,300,300,B_noise,0.15,neutral,9,0.6966666666666667
2722,10,0,0.07005318698356237,0.2903482330698264,0.0674090315816576,0.16384250512298915,0.14146542204448334,0.3438418946572727,0.4765053580405044,1.0986122886681096,0.7433333333333333,diversified,3,300,300,B_noise,0.15,hard,9,0.7433333333333333
2723,6,1,0.0634144295285273,0.29678380895853584,0.04635549029709556,0.1597831208208633,0.09728220158472006,0.33532282087640497,0.4765053580405044,1.0986122886681096,0.7566666666666667,diversified,3,300,300,B_noise,0.15,easy,6,0.7566666666666667
2724,2,1,0.06716313726214566,0.29290411087211626,0.0451083510203217,0.1523750706750471,0.09466493977280178,0.31977619580532557,0.4765053580405044,1.0986122886681096,0.73,diversified,3,300,300,B_noise,0.15,neutral,2,0.73
2725,9,1,0.05064220044945889,0.2809176019365994,0.043646195948475255,0.18585049176330004,0.07142761806185141,0.30414696295519894,0.6110548991103224,0.6365141682948128,0.76,diversified,3,300,300,B_noise,0.15,hard,9,0.76
2726,10,0,0.08191772799685909,0.3079322196237259,0.09865954153393779,0.1798555341560553,0.2070481262574836,0.3774470341648646,0.4765053580405044,1.0986122886681096,0.7866666666666666,diversified,3,300,300,B_noise,0.15,easy,8,0.7866666666666666
2727,8,0,0.08985402795567486,0.29316681053271737,0.0704940099655407,0.16167566082669718,0.1479395955911759,0.33929452858944403,0.4765053580405044,1.0986122886681096,0.7533333333333333,diversified,3,300,300,B_noise,0.15,neutral,9,0.7533333333333333
2728,2,0,0.08146039690657354,0.29370241243890344,0.06400385886229489,0.1616656099944377,0.13431928473059135,0.3392734357893529,0.4765053580405044,1.0986122886681096,0.7633333333333333,diversified,3,300,300,B_noise,0.15,hard,0,0.7633333333333333
2729,7,0,0.08371072287480825,0.29438815971492227,0.061399206303693686,0.15839809239617328,0.12885312886340003,0.3324161832041959,0.4765053580405044,1.0986122886681096,0.7833333333333333,diversified,3,300,300,B_noise,0.15,easy,8,0.7833333333333333
2730,5,0,0.10169189399950258,0.32290282031463075,0.13460986026249708,0.23805728586199063,0.22029094351176137,0.3895841211789561,0.6110548991103224,0.6365141682948128,0.8,diversified,3,300,300,B_noise,0.15,neutral,7,0.8
2731,8,0,0.05460616176306219,0.2786279344717714,0.03830270769303302,0.14299616514889865,0.08038253305386163,0.3000935094138932,0.4765053580405044,1.0986122886681096,0.7133333333333334,diversified,3,300,300,B_noise,0.15,hard,0,0.7133333333333334
2732,2,1,0.05930872922124555,0.2875674521620614,0.03298679509819893,0.14396166837317903,0.06922649355685723,0.30211972634511663,0.4765053580405044,1.0986122886681096,0.6966666666666667,diversified,3,300,300,B_noise,0.15,easy,2,0.6966666666666667
2733,7,1,0.04463891338010356,0.28384360025297173,0.03717961379326423,0.18246499056402038,0.06084496474440616,0.2986065422757987,0.6110548991103224,0.6365141682948128,0.74,diversified,3,300,300,B_noise,0.15,neutral,7,0.74
2734,4,0,0.07542848256646667,0.2966165826991206,0.06845159837886765,0.16339893774085,0.1436533655368657,0.3429110186982631,0.4765053580405044,1.0986122886681096,0.7533333333333333,diversified,3,300,300,B_noise,0.15,hard,9,0.7533333333333333
2735,1,1,0.05710093749712678,0.28486478146542926,0.03546112348861358,0.14760913813407905,0.0744191495231818,0.30977435120788677,0.4765053580405044,1.0986122886681096,0.7766666666666666,diversified,3,300,300,B_noise,0.15,easy,1,0.7766666666666666
2736,2,0,0.07731061202582537,0.3088597491870249,0.08812531600623522,0.17163529557419754,0.18494087111344568,0.3601959404611942,0.4765053580405044,1.0986122886681096,0.7666666666666667,diversified,3,300,300,B_noise,0.15,neutral,7,0.7666666666666667
2737,9,0,0.1002526647139726,0.3086393626026845,0.07767546431943088,0.16921667930838363,0.16301068394875892,0.35512020264418453,0.4765053580405044,1.0986122886681096,0.7533333333333333,diversified,3,300,300,B_noise,0.15,hard,0,0.7533333333333333
2738,2,0,0.07025807018327986,0.2994625304554509,0.04868959144599849,0.15974035350289476,0.10218057493880212,0.33523306885736287,0.4765053580405044,1.0986122886681096,0.7766666666666666,diversified,3,300,300,B_noise,0.15,easy,5,0.7766666666666666
2739,6,1,0.051273881489449155,0.2785039003366177,0.04204375401668637,0.18374475815534483,0.0688051991366092,0.30070090007112565,0.6110548991103224,0.6365141682948128,0.73,diversified,3,300,300,B_noise,0.15,neutral,6,0.73
2740,7,1,0.06864052782777476,0.283195910852368,0.04947270369135936,0.1882973264713257,0.08096278053476068,0.3081512426223584,0.6110548991103224,0.6365141682948128,0.7,diversified,3,300,300,B_noise,0.15,hard,7,0.7
2741,1,0,0.05596321670886609,0.2819825347919037,0.05885516511377671,0.15476354527533778,0.12351417275936243,0.32478867795266725,0.4765053580405044,1.0986122886681096,0.75,diversified,3,300,300,B_noise,0.15,easy,10,0.75
2742,5,0,0.10281268882521345,0.3261240099963308,0.08917272935945783,0.1812889395870008,0.18713898564783374,0.3804551964168904,0.4765053580405044,1.0986122886681096,0.79,diversified,3,300,300,B_noise,0.15,neutral,7,0.79
2743,5,0,0.062297361182822246,0.28471836004275447,0.03245912276484937,0.1435385101157876,0.06811911391369968,0.30123168122610366,0.4765053580405044,1.0986122886681096,0.7166666666666667,diversified,3,300,300,B_noise,0.15,hard,3,0.7166666666666667
2744,5,0,0.12325176681801106,0.33454085137189493,0.0829245222529248,0.18027827865384666,0.17402642143192013,0.3783342109628963,0.4765053580405044,1.0986122886681096,0.8333333333333334,diversified,3,300,300,B_noise,0.15,easy,1,0.8333333333333334
2745,9,0,0.07865718465707307,0.29011754360092645,0.05310896433628222,0.1877643001399837,0.08691357259978977,0.307278937479043,0.6110548991103224,0.6365141682948128,0.72,diversified,3,300,300,B_noise,0.15,neutral,4,0.72
2746,6,0,0.09383097127252146,0.3125082409733606,0.09732691442839358,0.17847597528090334,0.20425145863757632,0.37455187495652953,0.4765053580405044,1.0986122886681096,0.7766666666666666,diversified,3,300,300,B_noise,0.15,hard,9,0.7766666666666666
2747,9,0,0.04963189317883331,0.2878296408231935,0.04836327225034973,0.15489833686736634,0.10149575746478533,0.3250715532441075,0.4765053580405044,1.0986122886681096,0.7366666666666667,diversified,3,300,300,B_noise,0.15,easy,6,0.7366666666666667
2748,10,0,0.11204725469583937,0.3161215728963392,0.10193851715464305,0.22321532844434921,0.16682382761853717,0.3652950475797576,0.6110548991103224,0.6365141682948128,0.7533333333333333,diversified,3,300,300,B_noise,0.15,neutral,5,0.7533333333333333
2749,4,1,0.06037724150680866,0.29952007561179717,0.05386301199681138,0.16086696457426197,0.11303757888118618,0.33759738869628364,0.4765053580405044,1.0986122886681096,0.77,diversified,3,300,300,B_noise,0.15,hard,4,0.77
2750,6,0,0.0785426572849691,0.30177117095903794,0.09182376053157486,0.17765509958561496,0.19270247224328074,0.37282917513492836,0.4765053580405044,1.0986122886681096,0.7666666666666667,diversified,3,300,300,B_noise,0.15,easy,1,0.7666666666666667
2751,6,0,0.08599956150179208,0.2990211226211468,0.05783464467638512,0.19603324643407277,0.09464721543120042,0.3208111852461887,0.6110548991103224,0.6365141682948128,0.74,diversified,3,300,300,B_noise,0.15,neutral,10,0.74
2752,6,0,0.0794686921316133,0.3054786303454184,0.08289776096194855,0.17368666579077335,0.17397025985781672,0.3645009712063079,0.4765053580405044,1.0986122886681096,0.7733333333333333,diversified,3,300,300,B_noise,0.15,hard,7,0.7733333333333333
2753,6,0,0.06602400726858762,0.2925809487250573,0.04446246956079059,0.15057294586322423,0.0933094850048069,0.31599423452952036,0.4765053580405044,1.0986122886681096,0.74,diversified,3,300,300,B_noise,0.15,easy,5,0.74
2754,10,0,0.07558283505816947,0.3097702675755362,0.06082551086010995,0.17370468018545224,0.1276491645555423,0.36453877643635396,0.4765053580405044,1.0986122886681096,0.8033333333333333,diversified,3,300,300,B_noise,0.15,neutral,6,0.8033333333333333
2755,9,0,0.08331401376902316,0.31840014087121776,0.12810526945172926,0.19044474022856694,0.2688432927145384,0.3996696721558765,0.4765053580405044,1.0986122886681096,0.7366666666666667,diversified,3,300,300,B_noise,0.15,hard,7,0.7366666666666667
2756,5,0,0.05611904789577499,0.28904460259056536,0.040977228982990534,0.1549307144931387,0.08599531629927096,0.32513950132743125,0.4765053580405044,1.0986122886681096,0.82,diversified,3,300,300,B_noise,0.15,easy,2,0.82
2757,1,0,0.07383283265385777,0.30008454178606225,0.04379860395669436,0.15704274497473772,0.09191628849002648,0.3295718344501566,0.4765053580405044,1.0986122886681096,0.7866666666666666,diversified,3,300,300,B_noise,0.15,neutral,2,0.7866666666666666
2758,5,0,0.08726503891343468,0.3126937557628372,0.09015981247318565,0.22142611177207078,0.1475478105231717,0.36236696914542466,0.6110548991103224,0.6365141682948128,0.7833333333333333,diversified,3,300,300,B_noise,0.15,hard,9,0.7833333333333333
2759,9,0,0.06133776877186508,0.2893476126689175,0.05084347219219068,0.1576196261539101,0.10670073554108668,0.3307824843818691,0.4765053580405044,1.0986122886681096,0.7566666666666667,diversified,3,300,300,B_noise,0.15,easy,10,0.7566666666666667
2760,1,0,0.07705431380874146,0.2949195017952451,0.10723322237965728,0.1999194228611799,0.2203557113461009,0.4108184540095888,0.48663690958856887,1.0549201679861442,0.7,diversified,5,30,30,B_noise,0.15,easy,5,0.7
2761,5,1,0.06660731919304584,0.2858352219723912,0.07383153590367601,0.14801580812393694,0.19265880892029166,0.3862380613581724,0.383224293337255,1.6094379124341005,0.7333333333333333,diversified,5,30,30,B_noise,0.15,neutral,5,0.7333333333333333
2762,3,1,0.07830897771620114,0.31225783095003945,0.07614247882139204,0.1750769415206282,0.17757789317689365,0.40831077343850236,0.42878354652818723,1.3321790402101223,0.8,diversified,5,30,30,B_noise,0.15,hard,3,0.8
2763,10,0,0.05217751208170729,0.27878014793863154,0.08639573866568316,0.18862054299371636,0.17753634581217265,0.38760015789428537,0.48663690958856887,1.0549201679861442,0.6666666666666666,diversified,5,30,30,B_noise,0.15,easy,6,0.6666666666666666
2764,1,1,0.07675370228767145,0.2934041281937157,0.06585961498333426,0.17634135803529938,0.135336251085056,0.3623674130768022,0.48663690958856887,1.0549201679861442,0.8,diversified,5,30,30,B_noise,0.15,neutral,1,0.8
2765,4,0,0.051026168340789574,0.2877159092074484,0.06608909862161987,0.15461848126525155,0.17245539954185113,0.40346732697652904,0.383224293337255,1.6094379124341005,0.7666666666666667,diversified,5,30,30,B_noise,0.15,hard,7,0.7666666666666667
2766,5,1,0.07441138475175917,0.30120893673035587,0.07064247553908252,0.17990487887927753,0.1647509008008045,0.41957038775379174,0.42878354652818723,1.3321790402101223,0.8666666666666667,diversified,5,30,30,B_noise,0.15,easy,5,0.8666666666666667
2767,0,0,0.10757717714480175,0.33410795011786576,0.09692906270303635,0.18535394334128022,0.22605592842323408,0.4322785816808283,0.42878354652818723,1.3321790402101223,0.8,diversified,5,30,30,B_noise,0.15,neutral,9,0.8
2768,4,1,0.08948486372006487,0.3247922051080352,0.10732732471374379,0.20193232977160244,0.25030653713921913,0.4709423470341297,0.42878354652818723,1.3321790402101223,0.8666666666666667,diversified,5,30,30,B_noise,0.15,hard,4,0.8666666666666667
2769,6,1,0.07574547974649101,0.3064063466964633,0.06509960564017037,0.15244858434307326,0.16987337904196936,0.397805115681723,0.383224293337255,1.6094379124341005,0.8,diversified,5,30,30,B_noise,0.15,easy,6,0.8
2770,1,0,0.09011127772833129,0.315315120220154,0.09883503209706367,0.19424964444380774,0.23050099029526658,0.45302494934011706,0.42878354652818723,1.3321790402101223,0.8333333333333334,diversified,5,30,30,B_noise,0.15,neutral,9,0.8333333333333334
2771,8,0,0.12910122900533988,0.3363769380135012,0.1485396067591711,0.22602099577754683,0.3464209575247926,0.5271214289998153,0.42878354652818723,1.3321790402101223,0.8333333333333334,diversified,5,30,30,B_noise,0.15,hard,4,0.8333333333333334
2772,5,0,0.05147009081956429,0.28112953743976615,0.08392316267490832,0.1896107824149766,0.1724553995418511,0.38963502085216795,0.48663690958856887,1.0549201679861442,0.7666666666666667,diversified,5,30,30,B_noise,0.15,easy,6,0.7666666666666667
2773,1,0,0.06479474108279229,0.30481994960481607,0.14509811561835853,0.21569499735390796,0.33839478401912076,0.5030393519069619,0.42878354652818723,1.3321790402101223,0.6333333333333333,diversified,5,30,30,B_noise,0.15,neutral,7,0.6333333333333333
2774,10,0,0.0642563211436397,0.3035957055250713,0.11328760283633654,0.18564494450037658,0.2956169658499135,0.4844289564310071,0.383224293337255,1.6094379124341005,0.8,diversified,5,30,30,B_noise,0.15,hard,0,0.8
2775,6,1,0.06296861119313461,0.2900243780294232,0.06818443876168659,0.1697569960594548,0.15901831894849608,0.3959037081388928,0.42878354652818723,1.3321790402101223,0.8,diversified,5,30,30,B_noise,0.15,easy,6,0.8
2776,10,0,0.08811845097290609,0.31359402256044316,0.08664045226650852,0.16904183443004062,0.2260828808946643,0.44110417154915604,0.383224293337255,1.6094379124341005,0.8,diversified,5,30,30,B_noise,0.15,neutral,3,0.8
2777,5,0,0.10077905479870379,0.3233055530674854,0.12298180904366034,0.2071223144281783,0.2868155973787483,0.48304632046920803,0.42878354652818723,1.3321790402101223,0.8333333333333334,diversified,5,30,30,B_noise,0.15,hard,3,0.8333333333333334
2778,5,0,0.06602547477620369,0.31945766849155716,0.06924713130483744,0.16158552587615424,0.18069608975414506,0.42164739732183826,0.383224293337255,1.6094379124341005,0.8,diversified,5,30,30,B_noise,0.15,easy,2,0.8
2779,7,0,0.10306267123823193,0.31418591794563894,0.16108262978080504,0.24545842144941346,0.3310119446488218,0.5043974606384425,0.48663690958856887,1.0549201679861442,0.9,diversified,5,30,30,B_noise,0.15,neutral,3,0.9
2780,6,0,0.08026659862927793,0.3093177299344471,0.09668134439662425,0.18132305181998498,0.22547820498114343,0.42287782096150284,0.42878354652818723,1.3321790402101223,0.8,diversified,5,30,30,B_noise,0.15,hard,3,0.8
2781,10,0,0.07717191968670159,0.31135045614718015,0.10919129996377233,0.19687367708592077,0.2546536611488061,0.45914466326888026,0.42878354652818723,1.3321790402101223,0.8,diversified,5,30,30,B_noise,0.15,easy,5,0.8
2782,9,0,0.06336258909226737,0.2874507483938718,0.10111736628224244,0.1708215919740649,0.263859489182369,0.4457483383594736,0.383224293337255,1.6094379124341005,0.8333333333333334,diversified,5,30,30,B_noise,0.15,neutral,4,0.8333333333333334
2783,0,1,0.06256781795854782,0.29128387043242276,0.06488086986663721,0.16315545835894107,0.15131380481357182,0.38050774028059775,0.42878354652818723,1.3321790402101223,0.7666666666666667,diversified,5,30,30,B_noise,0.15,hard,0,0.7666666666666667
2784,5,1,0.08948486372006487,0.3273826894525621,0.09084887537644169,0.19432366339981202,0.2118758429795988,0.45319757479788847,0.42878354652818723,1.3321790402101223,0.8666666666666667,diversified,5,30,30,B_noise,0.15,easy,5,0.8666666666666667
2785,5,1,0.08728865992211732,0.309157055907191,0.07365688531280576,0.20886552898740904,0.14365085343724623,0.4073442878455091,0.5127493749626953,0.9502705392332347,0.8,diversified,5,30,30,B_noise,0.15,neutral,5,0.8
2786,5,0,0.08581878908797441,0.29677371072624914,0.13151639873261242,0.20932638638920706,0.30671978856811577,0.4881866108998341,0.42878354652818723,1.3321790402101223,0.8,diversified,5,30,30,B_noise,0.15,hard,9,0.8
2787,10,1,0.08495287846830224,0.2939016729417697,0.05994449074398389,0.16189111853609556,0.13980128488918891,0.3775590734460545,0.42878354652818723,1.3321790402101223,0.5666666666666667,diversified,5,30,30,B_noise,0.15,easy,10,0.5666666666666667
2788,2,0,0.06587950151946087,0.2826513330477692,0.09668401898802696,0.18887071182143703,0.19867794054045193,0.38811423486377,0.48663690958856887,1.0549201679861442,0.8,diversified,5,30,30,B_noise,0.15,neutral,7,0.8
2789,3,1,0.06336258909226737,0.2950745458850936,0.07253919374259289,0.17745433302167954,0.1691743872402164,0.413855276067628,0.42878354652818723,1.3321790402101223,0.7333333333333333,diversified,5,30,30,B_noise,0.15,hard,3,0.7333333333333333
2790,8,0,0.0642563211436397,0.2876243384359683,0.08492934284219274,0.1593583772493489,0.22161784709053142,0.4158357912584268,0.383224293337255,1.6094379124341005,0.8,diversified,5,30,30,B_noise,0.15,easy,10,0.8
2791,2,1,0.061676212109251,0.2821934513878803,0.08860351626992226,0.16426907794541945,0.2312053745297068,0.42864995983136983,0.383224293337255,1.6094379124341005,0.8333333333333334,diversified,5,30,30,B_noise,0.15,neutral,2,0.8333333333333334
2792,5,0,0.07705431380874146,0.31466121866617486,0.09582193479588857,0.18752085930300752,0.22347390792335234,0.4373322176686654,0.42878354652818723,1.3321790402101223,0.8333333333333334,diversified,5,30,30,B_noise,0.15,hard,4,0.8333333333333334
2793,2,1,0.07595314352869947,0.294665790072109,0.06707731085453882,0.16329844875300903,0.15643629844861434,0.38084121948059446,0.42878354652818723,1.3321790402101223,0.7,diversified,5,30,30,B_noise,0.15,easy,2,0.7
2794,0,0,0.066273285270876,0.3138883334321532,0.08652686334901721,0.18262700950161287,0.20179613711770336,0.4259188837359164,0.42878354652818723,1.3321790402101223,0.7,diversified,5,30,30,B_noise,0.15,neutral,1,0.7
2795,6,0,0.07787837980167045,0.30639344017189185,0.0829933909739497,0.17388126929086692,0.19355544690540943,0.4055222517252918,0.42878354652818723,1.3321790402101223,0.7,diversified,5,30,30,B_noise,0.15,hard,0,0.7
2796,1,0,0.07667112560993034,0.2946030883763597,0.12510702621771955,0.18145338564516636,0.32645901732440435,0.4734913438420227,0.383224293337255,1.6094379124341005,0.8333333333333334,diversified,5,30,30,B_noise,0.15,easy,10,0.8333333333333334
2797,7,1,0.06240339430362592,0.2843874642121984,0.04745226187243119,0.1431772238992395,0.1238237311606731,0.37361207623974135,0.383224293337255,1.6094379124341005,0.7666666666666667,diversified,5,30,30,B_noise,0.15,neutral,7,0.7666666666666667
2798,0,1,0.07462603032161388,0.29236150976853115,0.0854375502682634,0.1755673150020379,0.1992556639825426,0.409454412193721,0.42878354652818723,1.3321790402101223,0.7666666666666667,diversified,5,30,30,B_noise,0.15,hard,0,0.7666666666666667
2799,8,1,0.06645876473830058,0.3030103598108693,0.07635961102315542,0.15610151860114663,0.1992556639825426,0.4073372208263689,0.383224293337255,1.6094379124341005,0.8333333333333334,diversified,5,30,30,B_noise,0.15,easy,8,0.8333333333333334
2800,10,0,0.07033490152573256,0.2939429160523027,0.0867907806864574,0.16339890008577068,0.20241163960042943,0.38107548997342233,0.42878354652818723,1.3321790402101223,0.75,diversified,5,100,100,B_noise,0.15,easy,2,0.75
2801,10,0,0.07690299543733958,0.30262048173771233,0.06921931346303618,0.16517332651165523,0.16143183203622732,0.38521377009226526,0.42878354652818723,1.3321790402101223,0.83,diversified,5,100,100,B_noise,0.15,neutral,9,0.83
2802,9,1,0.04237462765856784,0.27467046954754487,0.04504851460771027,0.12658647402194698,0.11755130191620056,0.3303195445142228,0.383224293337255,1.6094379124341005,0.77,diversified,5,100,100,B_noise,0.15,hard,9,0.77
2803,10,1,0.05857940695857125,0.2894196700585707,0.038678453394300316,0.12907196111534022,0.10092902268140266,0.3368052687665888,0.383224293337255,1.6094379124341005,0.72,diversified,5,100,100,B_noise,0.15,easy,10,0.72
2804,1,1,0.06589537798979057,0.2972578292746305,0.047816775040984756,0.14097066773607053,0.12477490564227825,0.3678542049316531,0.383224293337255,1.6094379124341005,0.81,diversified,5,100,100,B_noise,0.15,neutral,1,0.81
2805,2,0,0.05070183818701618,0.2930407096040785,0.05937993322761763,0.136040558419566,0.1549482490019508,0.3549893907687216,0.383224293337255,1.6094379124341005,0.71,diversified,5,100,100,B_noise,0.15,hard,4,0.71
2806,2,1,0.0479934644987996,0.27408873507691567,0.041453300295006344,0.12536175834203922,0.10816981338530524,0.327123724987119,0.383224293337255,1.6094379124341005,0.67,diversified,5,100,100,B_noise,0.15,easy,2,0.67
2807,1,0,0.09432638143491114,0.3233013031252722,0.07953701828728467,0.17326098869667994,0.1854945669704145,0.40407564632447984,0.42878354652818723,1.3321790402101223,0.82,diversified,5,100,100,B_noise,0.15,neutral,10,0.82
2808,0,1,0.06600611092107565,0.28169846445960145,0.04947867764518072,0.1264604640353317,0.12911153730444017,0.3299907292778036,0.383224293337255,1.6094379124341005,0.69,diversified,5,100,100,B_noise,0.15,hard,0,0.69
2809,1,1,0.04869117990845075,0.2819179915492197,0.044887713784492744,0.14087245088020905,0.10468618525114497,0.32853977728585354,0.42878354652818723,1.3321790402101223,0.78,diversified,5,100,100,B_noise,0.15,easy,1,0.78
2810,5,0,0.06488556397166385,0.28172843316210483,0.04565981832620869,0.1631108801862076,0.08904899850834656,0.31811034425556267,0.5127493749626953,0.9502705392332347,0.71,diversified,5,100,100,B_noise,0.15,neutral,6,0.71
2811,1,0,0.10809783094144267,0.3062662084522369,0.14039360905241705,0.20753191663553908,0.2884976586981739,0.4264615209951884,0.48663690958856887,1.0549201679861442,0.74,diversified,5,100,100,B_noise,0.15,hard,0,0.74
2812,6,1,0.06720489492384593,0.302470147494191,0.058930946434475474,0.15762886536708998,0.13743751809422913,0.36761873594123046,0.42878354652818723,1.3321790402101223,0.77,diversified,5,100,100,B_noise,0.15,easy,6,0.77
2813,0,0,0.058850933319834195,0.28349903062648685,0.04487773842059877,0.1414576212964455,0.10466292091655298,0.3299044994655512,0.42878354652818723,1.3321790402101223,0.75,diversified,5,100,100,B_noise,0.15,neutral,10,0.75
2814,2,0,0.06670502489080186,0.2905508010901697,0.08615967804281699,0.22576589547772039,0.12927418974671262,0.3387396967270409,0.6664878597315517,0.5004024235381879,0.72,diversified,5,100,100,B_noise,0.15,hard,7,0.72
2815,1,1,0.07245009977186173,0.30312854400528794,0.04988869308015869,0.14393061507341467,0.13018144712515484,0.37557800373252725,0.383224293337255,1.6094379124341005,0.84,diversified,5,100,100,B_noise,0.15,easy,1,0.84
2816,4,1,0.05749170184719988,0.2775709427743573,0.04932356935296432,0.1327845428226668,0.1287067918461978,0.34649302022669604,0.383224293337255,1.6094379124341005,0.76,diversified,5,100,100,B_noise,0.15,neutral,4,0.76
2817,0,0,0.042257658405087016,0.2782374858377474,0.04450544270992277,0.1302788449080258,0.11613418951693634,0.33995455709112476,0.383224293337255,1.6094379124341005,0.78,diversified,5,100,100,B_noise,0.15,hard,3,0.78
2818,4,0,0.06956771454650344,0.2957113209916665,0.06142183055053694,0.1523974757076328,0.1432467058213,0.35541819862627244,0.42878354652818723,1.3321790402101223,0.7,diversified,5,100,100,B_noise,0.15,easy,8,0.7
2819,6,0,0.05871990285440205,0.277826589116974,0.05012870605005356,0.14096869341447657,0.11690911756278927,0.32876423210704897,0.42878354652818723,1.3321790402101223,0.78,diversified,5,100,100,B_noise,0.15,neutral,4,0.78
2820,8,0,0.06686406854513745,0.2933491148803777,0.05412708574930758,0.14942598366691245,0.12623405489219114,0.34848814717075327,0.42878354652818723,1.3321790402101223,0.72,diversified,5,100,100,B_noise,0.15,hard,0,0.72
2821,10,1,0.0729798494770355,0.2989436765630158,0.06948239005273169,0.1481209273542169,0.18130998285013206,0.3865123634629907,0.383224293337255,1.6094379124341005,0.76,diversified,5,100,100,B_noise,0.15,easy,10,0.76
2822,4,1,0.057950477624546706,0.28599126237274863,0.049453206357091016,0.13377985604518577,0.12904507155962036,0.34909022828428404,0.383224293337255,1.6094379124341005,0.8,diversified,5,100,100,B_noise,0.15,neutral,4,0.8
2823,4,0,0.06130898959050716,0.27418587389385174,0.055591673789500036,0.12671510581503237,0.14506302120199047,0.3306552011918442,0.383224293337255,1.6094379124341005,0.68,diversified,5,100,100,B_noise,0.15,hard,3,0.68
2824,8,1,0.05695135790243119,0.29266715644903557,0.0702795100593181,0.16042062923821737,0.1639044003165781,0.3741296291266897,0.42878354652818723,1.3321790402101223,0.8,diversified,5,100,100,B_noise,0.15,easy,8,0.8
2825,1,1,0.06939867830078128,0.31212773405876537,0.08798868050002429,0.16138981049915052,0.2296009987618144,0.42113669019703837,0.383224293337255,1.6094379124341005,0.81,diversified,5,100,100,B_noise,0.15,neutral,1,0.81
2826,4,1,0.06290021401992764,0.2894444831456245,0.07865321704375758,0.1538152817312812,0.20524068648888896,0.40137142766133743,0.383224293337255,1.6094379124341005,0.71,diversified,5,100,100,B_noise,0.15,hard,4,0.71
2827,1,1,0.08231921371072483,0.28889627539156976,0.10047499625937531,0.19748535816673016,0.19595342513422914,0.38514987596249733,0.5127493749626953,0.9502705392332347,0.8,diversified,5,100,100,B_noise,0.15,easy,1,0.8
2828,6,0,0.0684811054641835,0.287027025755109,0.06502439141142953,0.15758943610159848,0.15164852275215504,0.36752677983468035,0.42878354652818723,1.3321790402101223,0.84,diversified,5,100,100,B_noise,0.15,neutral,3,0.84
2829,7,1,0.06742345776060184,0.2912562897061477,0.08431029566163951,0.1655654237592103,0.19662670441599409,0.38612821107473727,0.42878354652818723,1.3321790402101223,0.73,diversified,5,100,100,B_noise,0.15,hard,7,0.73
2830,8,1,0.07355632627361987,0.2925262961131546,0.0863594084641573,0.1797022408158708,0.17746169014835014,0.36927375888483577,0.48663690958856887,1.0549201679861442,0.75,diversified,5,100,100,B_noise,0.15,easy,8,0.75
2831,9,0,0.07575417815738236,0.28889185538283224,0.06545556837840737,0.14364675368004537,0.17080224170653882,0.374837285050793,0.383224293337255,1.6094379124341005,0.77,diversified,5,100,100,B_noise,0.15,neutral,10,0.77
2832,6,0,0.06607503597538388,0.2903891729398567,0.04944536036338554,0.14198469321169793,0.11531543307512411,0.33113372553898635,0.42878354652818723,1.3321790402101223,0.73,diversified,5,100,100,B_noise,0.15,hard,7,0.73
2833,1,1,0.048635009205188505,0.2809942997086896,0.04700964146417384,0.13977614531943838,0.10963490051053892,0.3259829964353584,0.42878354652818723,1.3321790402101223,0.72,diversified,5,100,100,B_noise,0.15,easy,1,0.72
2834,0,0,0.061403543751478135,0.28510046962274294,0.047717336687361576,0.13295354656560168,0.1245154274323839,0.34693402500085363,0.383224293337255,1.6094379124341005,0.75,diversified,5,100,100,B_noise,0.15,neutral,10,0.75
2835,8,0,0.04827543981842371,0.27672159109636835,0.05530259089992201,0.13645068492813223,0.14430867735008956,0.35605959042906854,0.383224293337255,1.6094379124341005,0.79,diversified,5,100,100,B_noise,0.15,hard,0,0.79
2836,8,1,0.058010028932777506,0.2754199563800011,0.05619392011628645,0.1456062594005897,0.1310542826824452,0.33957986629745335,0.42878354652818723,1.3321790402101223,0.79,diversified,5,100,100,B_noise,0.15,easy,8,0.79
2837,1,0,0.07811581545400742,0.2847595946964552,0.07474621846028194,0.15673275091948358,0.17432156402803645,0.36552883660889335,0.42878354652818723,1.3321790402101223,0.74,diversified,5,100,100,B_noise,0.15,neutral,2,0.74
2838,1,0,0.053586308181385336,0.28379264301552387,0.06227535662878129,0.14883777367709036,0.14523728145125422,0.347116336161248,0.42878354652818723,1.3321790402101223,0.72,diversified,5,100,100,B_noise,0.15,hard,7,0.72
2839,10,1,0.0712296390058537,0.2963139208999188,0.03806067974351857,0.13581805024210933,0.09931698069574996,0.35440876949463956,0.383224293337255,1.6094379124341005,0.79,diversified,5,100,100,B_noise,0.15,easy,10,0.79
2840,8,0,0.07235433976707133,0.29662872861936623,0.06784912397711082,0.13844158388727731,0.17704807643131454,0.3612547176528873,0.383224293337255,1.6094379124341005,0.7466666666666667,diversified,5,300,300,B_noise,0.15,easy,10,0.7466666666666667
2841,2,1,0.06373358989051528,0.29457218716282824,0.06880260864174992,0.1438261613097206,0.1795361354641483,0.37530543812144745,0.383224293337255,1.6094379124341005,0.8166666666666667,diversified,5,300,300,B_noise,0.15,neutral,2,0.8166666666666667
2842,7,1,0.04800366208069428,0.27840046061281354,0.031551258135960644,0.13215554424269516,0.0735831829169465,0.3082103903303751,0.42878354652818723,1.3321790402101223,0.74,diversified,5,300,300,B_noise,0.15,hard,7,0.74
2843,5,1,0.060832919582278384,0.2893649809632222,0.05083472435327767,0.14759838214190626,0.11855567865157324,0.3442258532002778,0.42878354652818723,1.3321790402101223,0.7766666666666666,diversified,5,300,300,B_noise,0.15,easy,5,0.7766666666666666
2844,4,0,0.06256116880042857,0.28425639678863696,0.04215662137243715,0.12355541818290673,0.11000508606936717,0.3224101924931264,0.383224293337255,1.6094379124341005,0.7066666666666667,diversified,5,300,300,B_noise,0.15,neutral,6,0.7066666666666667
2845,0,0,0.0644383293577869,0.28947140219858053,0.06536138237861182,0.14931122540977054,0.1524344460225577,0.3482205103687559,0.42878354652818723,1.3321790402101223,0.75,diversified,5,300,300,B_noise,0.15,hard,4,0.75
2846,5,0,0.04519658641876055,0.28387456272626393,0.05195980309547403,0.14145642007480047,0.12117956371270956,0.329901698001608,0.42878354652818723,1.3321790402101223,0.6466666666666666,diversified,5,300,300,B_noise,0.15,easy,2,0.6466666666666666
2847,5,0,0.07625774960078348,0.2983667322427145,0.051372256834160364,0.13131203233702207,0.13405271463035986,0.34265059553899796,0.383224293337255,1.6094379124341005,0.74,diversified,5,300,300,B_noise,0.15,neutral,2,0.74
2848,2,0,0.0489689349309119,0.27348670671093306,0.04509747185459517,0.12757166598974023,0.11767905281231042,0.33289034178600807,0.383224293337255,1.6094379124341005,0.73,diversified,5,300,300,B_noise,0.15,hard,3,0.73
2849,6,1,0.05265670133735077,0.2857150298082788,0.04515334929026691,0.12538476941149457,0.11782486151140185,0.32718377094416146,0.383224293337255,1.6094379124341005,0.71,diversified,5,300,300,B_noise,0.15,easy,6,0.71
2850,5,1,0.06528442995926528,0.2942206243456983,0.05100037387625603,0.13409634734182416,0.13308230914101615,0.34991609267268764,0.383224293337255,1.6094379124341005,0.7533333333333333,diversified,5,300,300,B_noise,0.15,neutral,5,0.7533333333333333
2851,7,0,0.07286246086525712,0.2998245298716265,0.09135927742712355,0.16745882536796644,0.21306619194427928,0.39054396262137847,0.42878354652818723,1.3321790402101223,0.7966666666666666,diversified,5,300,300,B_noise,0.15,hard,0,0.7966666666666666
2852,8,0,0.07184012524105539,0.30461108366342554,0.07179172411786959,0.17877573582825815,0.1475262617843075,0.36736986510005076,0.48663690958856887,1.0549201679861442,0.7866666666666666,diversified,5,300,300,B_noise,0.15,easy,1,0.7866666666666666
2853,5,0,0.08076752431098137,0.3025918687576738,0.07873897261233592,0.1455508944468014,0.20546446032073964,0.3798060221581775,0.383224293337255,1.6094379124341005,0.7733333333333333,diversified,5,300,300,B_noise,0.15,neutral,6,0.7733333333333333
2854,8,0,0.05203165955402289,0.2910998109723323,0.07074081323933537,0.14077760257544572,0.18459376002314185,0.3673504133819485,0.383224293337255,1.6094379124341005,0.72,diversified,5,300,300,B_noise,0.15,hard,3,0.72
2855,8,0,0.06962593275915298,0.2909709383563398,0.05103750803630932,0.14260404357919504,0.11902860650683628,0.3325781614846095,0.42878354652818723,1.3321790402101223,0.69,diversified,5,300,300,B_noise,0.15,easy,10,0.69
2856,10,1,0.05878567568602017,0.2915135566309152,0.059621930505932653,0.14011848247438183,0.1555797258746919,0.365630480401385,0.383224293337255,1.6094379124341005,0.77,diversified,5,300,300,B_noise,0.15,neutral,10,0.77
2857,9,1,0.057554217387393865,0.2899315342611783,0.040206450441814506,0.16426405749442669,0.07841345578381191,0.3203593519862946,0.5127493749626953,0.9502705392332347,0.76,diversified,5,300,300,B_noise,0.15,hard,9,0.76
2858,2,0,0.10063353224334383,0.3073158658558267,0.07862402599931213,0.16101062016524054,0.18336530549253147,0.3755055936006072,0.42878354652818723,1.3321790402101223,0.75,diversified,5,300,300,B_noise,0.15,easy,1,0.75
2859,5,1,0.055331489529093364,0.28430973713837254,0.06672129539917038,0.13341139388365283,0.1741050777813101,0.34812874915068254,0.383224293337255,1.6094379124341005,0.7133333333333334,diversified,5,300,300,B_noise,0.15,neutral,5,0.7133333333333334
2860,0,0,0.08306040535161358,0.2853190130661997,0.07478972796334184,0.14966406719107495,0.1744230359791227,0.34904340057562444,0.42878354652818723,1.3321790402101223,0.7133333333333334,diversified,5,300,300,B_noise,0.15,hard,3,0.7133333333333334
2861,6,1,0.05929905981072476,0.2926007078050179,0.05317340051821903,0.13530324686033582,0.13875268724528378,0.35306542203279045,0.383224293337255,1.6094379124341005,0.7866666666666666,diversified,5,300,300,B_noise,0.15,easy,6,0.7866666666666666
2862,6,1,0.05707204249541854,0.28218952739214853,0.05482550766440552,0.1417254107689847,0.12786289984380597,0.33052903246059606,0.42878354652818723,1.3321790402101223,0.73,diversified,5,300,300,B_noise,0.15,neutral,6,0.73
2863,6,0,0.05849775703497227,0.28706371890999305,0.040012980655362296,0.12393784925776322,0.10441138871159462,0.32340812263874985,0.383224293337255,1.6094379124341005,0.72,diversified,5,300,300,B_noise,0.15,hard,9,0.72
2864,8,0,0.058750970419941526,0.28865668972467073,0.06973571076021327,0.1536382158929351,0.1626361629891249,0.35831182688078095,0.42878354652818723,1.3321790402101223,0.7666666666666667,diversified,5,300,300,B_noise,0.15,easy,2,0.7666666666666667
2865,6,0,0.05413117846004087,0.28746490995179835,0.07426300247454688,0.1559195982510738,0.1731946178342107,0.3636324189991371,0.42878354652818723,1.3321790402101223,0.7466666666666667,diversified,5,300,300,B_noise,0.15,neutral,4,0.7466666666666667
2866,1,0,0.07522204390173988,0.2892490466747842,0.06264597159108808,0.15957880065759075,0.12873247046561392,0.3279216958543238,0.48663690958856887,1.0549201679861442,0.7333333333333333,diversified,5,300,300,B_noise,0.15,hard,3,0.7333333333333333
2867,1,1,0.05179561862992691,0.2893295478793879,0.05491823343852459,0.13755691270993553,0.1433057204183922,0.358946223142694,0.383224293337255,1.6094379124341005,0.79,diversified,5,300,300,B_noise,0.15,easy,1,0.79
2868,1,1,0.0502319151421753,0.2776196835235111,0.03026444773448092,0.11764446080961201,0.07897319731723483,0.3069859162244693,0.383224293337255,1.6094379124341005,0.7266666666666667,diversified,5,300,300,B_noise,0.15,neutral,1,0.7266666666666667
2869,2,0,0.06065735671081969,0.28967595210142844,0.06722915667600003,0.16594121373905216,0.1381505499302128,0.3409959468124777,0.48663690958856887,1.0549201679861442,0.7566666666666667,diversified,5,300,300,B_noise,0.15,hard,7,0.7566666666666667
2870,1,0,0.04949271036205009,0.28339670923518856,0.04393421567748044,0.15775358232973297,0.0902813058603076,0.3241710179014309,0.48663690958856887,1.0549201679861442,0.7366666666666667,diversified,5,300,300,B_noise,0.15,easy,6,0.7366666666666667
2871,5,1,0.05799437149537872,0.28399186102396307,0.04883867247132415,0.12741901086874294,0.12744148353962487,0.3324919977257505,0.383224293337255,1.6094379124341005,0.7466666666666667,diversified,5,300,300,B_noise,0.15,neutral,5,0.7466666666666667
2872,7,1,0.05769409452832556,0.28282660737052945,0.03861556957790628,0.13900139785192206,0.09005842199536866,0.3241761466301609,0.42878354652818723,1.3321790402101223,0.7566666666666667,diversified,5,300,300,B_noise,0.15,hard,7,0.7566666666666667
2873,6,0,0.060508842717373536,0.2967004066044447,0.050384691198886555,0.13402316360560673,0.13147572342065933,0.34972512425682833,0.383224293337255,1.6094379124341005,0.7933333333333333,diversified,5,300,300,B_noise,0.15,easy,8,0.7933333333333333
2874,0,0,0.059293935358574634,0.2901946644315088,0.05628846376355684,0.13276395453426507,0.14688125137729827,0.3464392963663884,0.383224293337255,1.6094379124341005,0.77,diversified,5,300,300,B_noise,0.15,neutral,5,0.77
2875,7,1,0.05271443457859634,0.2812213007523257,0.031287175001755846,0.11885591461993188,0.08164194062254215,0.3101471297262807,0.383224293337255,1.6094379124341005,0.7233333333333334,diversified,5,300,300,B_noise,0.15,hard,7,0.7233333333333334
2876,2,1,0.06499062071373174,0.3047030597650917,0.06831305340925696,0.15139434510510497,0.15931827133382373,0.35307871846046374,0.42878354652818723,1.3321790402101223,0.8066666666666666,diversified,5,300,300,B_noise,0.15,easy,2,0.8066666666666666
2877,10,1,0.053138009108636704,0.2867918150042919,0.046233236130718953,0.1277188816978679,0.1206427591740161,0.33327449203610227,0.383224293337255,1.6094379124341005,0.73,diversified,5,300,300,B_noise,0.15,neutral,10,0.73
2878,4,1,0.05639307669509825,0.27720915924297296,0.0436009073518883,0.12469774763810687,0.11377386066054401,0.3253910302820159,0.383224293337255,1.6094379124341005,0.7,diversified,5,300,300,B_noise,0.15,hard,4,0.7
2879,5,1,0.048300548811916685,0.2938807642099133,0.04939695398821084,0.1519572490493929,0.11520254074152914,0.3543915112409836,0.42878354652818723,1.3321790402101223,0.8333333333333334,diversified,5,300,300,B_noise,0.15,easy,5,0.8333333333333334
