seller_id,regime,n_stores,n_items_target,n_items_actual,method,eta,tilt,gt_segment,seller_accuracy
0,focused,1,30,30,A_real,0.0,easy,1,0.9
1,focused,1,30,30,A_real,0.0,neutral,5,0.9333333333333333
2,focused,1,30,30,A_real,0.0,hard,0,0.7
3,focused,1,30,30,A_real,0.0,easy,2,0.9
4,focused,1,30,30,A_real,0.0,neutral,0,0.8666666666666667
5,focused,1,30,30,A_real,0.0,hard,4,0.7666666666666667
6,focused,1,30,30,A_real,0.0,easy,2,0.9666666666666667
7,focused,1,30,30,A_real,0.0,neutral,9,0.8333333333333334
8,focused,1,30,30,A_real,0.0,hard,3,0.6666666666666666
9,focused,1,30,30,A_real,0.0,easy,5,0.9666666666666667
10,focused,1,30,30,A_real,0.0,neutral,4,0.8666666666666667
11,focused,1,30,30,A_real,0.0,hard,0,0.8
12,focused,1,30,30,A_real,0.0,easy,10,0.9666666666666667
13,focused,1,30,30,A_real,0.0,neutral,5,0.9666666666666667
14,focused,1,30,30,A_real,0.0,hard,7,0.5666666666666667
15,focused,1,30,30,A_real,0.0,easy,8,0.8666666666666667
16,focused,1,30,30,A_real,0.0,neutral,9,0.9
17,focused,1,30,30,A_real,0.0,hard,4,0.7666666666666667
18,focused,1,30,30,A_real,0.0,easy,8,0.8666666666666667
19,focused,1,30,30,A_real,0.0,neutral,2,0.9
20,focused,1,30,30,A_real,0.0,hard,4,0.8666666666666667
21,focused,1,30,30,A_real,0.0,easy,1,0.9666666666666667
22,focused,1,30,30,A_real,0.0,neutral,6,0.8666666666666667
23,focused,1,30,30,A_real,0.0,hard,3,0.7333333333333333
24,focused,1,30,30,A_real,0.0,easy,1,0.8666666666666667
25,focused,1,30,30,A_real,0.0,neutral,5,0.9666666666666667
26,focused,1,30,30,A_real,0.0,hard,9,0.8
27,focused,1,30,30,A_real,0.0,easy,8,0.9666666666666667
28,focused,1,30,30,A_real,0.0,neutral,0,0.7666666666666667
29,focused,1,30,30,A_real,0.0,hard,3,0.7666666666666667
30,focused,1,30,30,A_real,0.0,easy,2,0.9666666666666667
31,focused,1,30,30,A_real,0.0,neutral,3,0.8666666666666667
32,focused,1,30,30,A_real,0.0,hard,4,0.8666666666666667
33,focused,1,30,30,A_real,0.0,easy,8,0.7666666666666667
34,focused,1,30,30,A_real,0.0,neutral,6,0.8333333333333334
35,focused,1,30,30,A_real,0.0,hard,3,0.8666666666666667
36,focused,1,30,30,A_real,0.0,easy,1,0.9666666666666667
37,focused,1,30,30,A_real,0.0,neutral,6,0.7666666666666667
38,focused,1,30,30,A_real,0.0,hard,3,0.7
39,focused,1,30,30,A_real,0.0,easy,10,1.0
40,focused,1,100,100,A_real,0.0,easy,5,0.91
41,focused,1,100,100,A_real,0.0,neutral,6,0.86
42,focused,1,100,100,A_real,0.0,hard,9,0.85
43,focused,1,100,100,A_real,0.0,easy,2,0.91
44,focused,1,100,100,A_real,0.0,neutral,1,0.98
45,focused,1,100,100,A_real,0.0,hard,3,0.75
46,focused,1,100,100,A_real,0.0,easy,2,0.9
47,focused,1,100,100,A_real,0.0,neutral,8,0.89
48,focused,1,100,100,A_real,0.0,hard,9,0.9
49,focused,1,100,100,A_real,0.0,easy,2,0.89
50,focused,1,100,100,A_real,0.0,neutral,8,0.92
51,focused,1,100,100,A_real,0.0,hard,9,0.85
52,focused,1,100,100,A_real,0.0,easy,10,0.93
53,focused,1,100,100,A_real,0.0,neutral,10,0.93
54,focused,1,100,100,A_real,0.0,hard,0,0.83
55,focused,1,100,100,A_real,0.0,easy,8,0.93
56,focused,1,100,100,A_real,0.0,neutral,6,0.92
57,focused,1,100,100,A_real,0.0,hard,7,0.87
58,focused,1,100,100,A_real,0.0,easy,1,0.97
59,focused,1,100,100,A_real,0.0,neutral,0,0.83
60,focused,1,100,100,A_real,0.0,hard,4,0.76
61,focused,1,100,100,A_real,0.0,easy,8,0.88
62,focused,1,100,100,A_real,0.0,neutral,1,0.92
63,focused,1,100,100,A_real,0.0,hard,3,0.74
64,focused,1,100,100,A_real,0.0,easy,1,0.95
65,focused,1,100,100,A_real,0.0,neutral,9,0.83
66,focused,1,100,100,A_real,0.0,hard,0,0.88
67,focused,1,100,100,A_real,0.0,easy,6,0.92
68,focused,1,100,100,A_real,0.0,neutral,4,0.85
69,focused,1,100,100,A_real,0.0,hard,7,0.85
70,focused,1,100,100,A_real,0.0,easy,1,0.96
71,focused,1,100,100,A_real,0.0,neutral,9,0.91
72,focused,1,100,100,A_real,0.0,hard,9,0.82
73,focused,1,100,100,A_real,0.0,easy,6,0.87
74,focused,1,100,100,A_real,0.0,neutral,10,0.95
75,focused,1,100,100,A_real,0.0,hard,0,0.88
76,focused,1,100,100,A_real,0.0,easy,10,0.9
77,focused,1,100,100,A_real,0.0,neutral,5,0.96
78,focused,1,100,100,A_real,0.0,hard,0,0.8
79,focused,1,100,100,A_real,0.0,easy,2,0.91
80,focused,1,300,300,A_real,0.0,easy,2,0.9233333333333333
81,focused,1,300,300,A_real,0.0,neutral,1,0.9633333333333334
82,focused,1,300,300,A_real,0.0,hard,0,0.84
83,focused,1,300,300,A_real,0.0,easy,2,0.8633333333333333
84,focused,1,300,300,A_real,0.0,neutral,3,0.7033333333333334
85,focused,1,300,300,A_real,0.0,hard,0,0.8233333333333334
86,focused,1,300,300,A_real,0.0,easy,8,0.9166666666666666
87,focused,1,300,300,A_real,0.0,neutral,3,0.7866666666666666
88,focused,1,300,300,A_real,0.0,hard,7,0.8366666666666667
89,focused,1,300,300,A_real,0.0,easy,6,0.88
90,focused,1,300,300,A_real,0.0,neutral,10,0.9566666666666667
91,focused,1,300,300,A_real,0.0,hard,0,0.8266666666666667
92,focused,1,300,300,A_real,0.0,easy,8,0.8933333333333333
93,focused,1,300,300,A_real,0.0,neutral,0,0.8266666666666667
94,focused,1,300,300,A_real,0.0,hard,3,0.7333333333333333
95,focused,1,300,300,A_real,0.0,easy,1,0.95
96,focused,1,300,300,A_real,0.0,neutral,8,0.9333333333333333
97,focused,1,300,300,A_real,0.0,hard,9,0.8966666666666666
98,focused,1,300,300,A_real,0.0,easy,8,0.8833333333333333
99,focused,1,300,300,A_real,0.0,neutral,6,0.9333333333333333
100,focused,1,300,300,A_real,0.0,hard,0,0.82
101,focused,1,300,300,A_real,0.0,easy,1,0.9466666666666667
102,focused,1,300,300,A_real,0.0,neutral,1,0.9366666666666666
103,focused,1,300,300,A_real,0.0,hard,7,0.8333333333333334
104,focused,1,300,300,A_real,0.0,easy,6,0.88
105,focused,1,300,300,A_real,0.0,neutral,0,0.8366666666666667
106,focused,1,300,300,A_real,0.0,hard,0,0.8433333333333334
107,focused,1,300,300,A_real,0.0,easy,2,0.8666666666666667
108,focused,1,300,300,A_real,0.0,neutral,10,0.9266666666666666
109,focused,1,300,300,A_real,0.0,hard,9,0.8533333333333334
110,focused,1,300,300,A_real,0.0,easy,5,0.9266666666666666
111,focused,1,300,300,A_real,0.0,neutral,6,0.8966666666666666
112,focused,1,300,300,A_real,0.0,hard,9,0.8966666666666666
113,focused,1,300,300,A_real,0.0,easy,10,0.9466666666666667
114,focused,1,300,300,A_real,0.0,neutral,6,0.92
115,focused,1,300,300,A_real,0.0,hard,0,0.83
116,focused,1,300,300,A_real,0.0,easy,8,0.8766666666666667
117,focused,1,300,300,A_real,0.0,neutral,9,0.8433333333333334
118,focused,1,300,300,A_real,0.0,hard,0,0.8633333333333333
119,focused,1,300,300,A_real,0.0,easy,10,0.92
120,focused,2,30,30,A_real,0.0,easy,2,0.9333333333333333
121,focused,2,30,30,A_real,0.0,neutral,3,0.7666666666666667
122,focused,2,30,30,A_real,0.0,hard,9,0.8666666666666667
123,focused,2,30,30,A_real,0.0,easy,2,0.8666666666666667
124,focused,2,30,30,A_real,0.0,neutral,1,0.8666666666666667
125,focused,2,30,30,A_real,0.0,hard,3,0.7666666666666667
126,focused,2,30,30,A_real,0.0,easy,5,0.9333333333333333
127,focused,2,30,30,A_real,0.0,neutral,6,0.9
128,focused,2,30,30,A_real,0.0,hard,3,0.8
129,focused,2,30,30,A_real,0.0,easy,6,0.8666666666666667
130,focused,2,30,30,A_real,0.0,neutral,7,0.9
131,focused,2,30,30,A_real,0.0,hard,3,0.6333333333333333
132,focused,2,30,30,A_real,0.0,easy,2,0.9333333333333333
133,focused,2,30,30,A_real,0.0,neutral,7,0.9
134,focused,2,30,30,A_real,0.0,hard,7,0.9333333333333333
135,focused,2,30,30,A_real,0.0,easy,10,0.9666666666666667
136,focused,2,30,30,A_real,0.0,neutral,9,0.8
137,focused,2,30,30,A_real,0.0,hard,3,0.7
138,focused,2,30,30,A_real,0.0,easy,8,0.9333333333333333
139,focused,2,30,30,A_real,0.0,neutral,0,0.8666666666666667
140,focused,2,30,30,A_real,0.0,hard,4,0.8
141,focused,2,30,30,A_real,0.0,easy,5,0.9
142,focused,2,30,30,A_real,0.0,neutral,8,0.9
143,focused,2,30,30,A_real,0.0,hard,7,0.9333333333333333
144,focused,2,30,30,A_real,0.0,easy,5,0.9666666666666667
145,focused,2,30,30,A_real,0.0,neutral,5,0.9666666666666667
146,focused,2,30,30,A_real,0.0,hard,4,0.9
147,focused,2,30,30,A_real,0.0,easy,10,0.8333333333333334
148,focused,2,30,30,A_real,0.0,neutral,7,0.8333333333333334
149,focused,2,30,30,A_real,0.0,hard,0,0.7666666666666667
150,focused,2,30,30,A_real,0.0,easy,5,0.9666666666666667
151,focused,2,30,30,A_real,0.0,neutral,2,0.7666666666666667
152,focused,2,30,30,A_real,0.0,hard,7,0.6666666666666666
153,focused,2,30,30,A_real,0.0,easy,1,0.9333333333333333
154,focused,2,30,30,A_real,0.0,neutral,9,0.8
155,focused,2,30,30,A_real,0.0,hard,3,0.8666666666666667
156,focused,2,30,30,A_real,0.0,easy,6,0.9333333333333333
157,focused,2,30,30,A_real,0.0,neutral,0,0.8333333333333334
158,focused,2,30,30,A_real,0.0,hard,4,0.9
159,focused,2,30,30,A_real,0.0,easy,1,0.8666666666666667
160,focused,2,100,100,A_real,0.0,easy,5,0.91
161,focused,2,100,100,A_real,0.0,neutral,1,0.93
162,focused,2,100,100,A_real,0.0,hard,7,0.85
163,focused,2,100,100,A_real,0.0,easy,8,0.88
164,focused,2,100,100,A_real,0.0,neutral,10,0.95
165,focused,2,100,100,A_real,0.0,hard,7,0.81
166,focused,2,100,100,A_real,0.0,easy,1,0.92
167,focused,2,100,100,A_real,0.0,neutral,4,0.82
168,focused,2,100,100,A_real,0.0,hard,0,0.91
169,focused,2,100,100,A_real,0.0,easy,6,0.94
170,focused,2,100,100,A_real,0.0,neutral,4,0.82
171,focused,2,100,100,A_real,0.0,hard,9,0.87
172,focused,2,100,100,A_real,0.0,easy,5,0.95
173,focused,2,100,100,A_real,0.0,neutral,9,0.9
174,focused,2,100,100,A_real,0.0,hard,0,0.86
175,focused,2,100,100,A_real,0.0,easy,1,0.94
176,focused,2,100,100,A_real,0.0,neutral,6,0.88
177,focused,2,100,100,A_real,0.0,hard,3,0.81
178,focused,2,100,100,A_real,0.0,easy,6,0.85
179,focused,2,100,100,A_real,0.0,neutral,1,0.93
180,focused,2,100,100,A_real,0.0,hard,9,0.89
181,focused,2,100,100,A_real,0.0,easy,6,0.87
182,focused,2,100,100,A_real,0.0,neutral,8,0.96
183,focused,2,100,100,A_real,0.0,hard,0,0.87
184,focused,2,100,100,A_real,0.0,easy,8,0.94
185,focused,2,100,100,A_real,0.0,neutral,10,0.91
186,focused,2,100,100,A_real,0.0,hard,7,0.82
187,focused,2,100,100,A_real,0.0,easy,1,0.93
188,focused,2,100,100,A_real,0.0,neutral,1,0.88
189,focused,2,100,100,A_real,0.0,hard,0,0.89
190,focused,2,100,100,A_real,0.0,easy,8,0.9
191,focused,2,100,100,A_real,0.0,neutral,9,0.94
192,focused,2,100,100,A_real,0.0,hard,4,0.8
193,focused,2,100,100,A_real,0.0,easy,2,0.9
194,focused,2,100,100,A_real,0.0,neutral,10,0.96
195,focused,2,100,100,A_real,0.0,hard,9,0.88
196,focused,2,100,100,A_real,0.0,easy,10,0.96
197,focused,2,100,100,A_real,0.0,neutral,9,0.89
198,focused,2,100,100,A_real,0.0,hard,3,0.76
199,focused,2,100,100,A_real,0.0,easy,1,0.92
200,focused,2,300,300,A_real,0.0,easy,6,0.8933333333333333
201,focused,2,300,300,A_real,0.0,neutral,8,0.9333333333333333
202,focused,2,300,300,A_real,0.0,hard,4,0.8166666666666667
203,focused,2,300,300,A_real,0.0,easy,5,0.94
204,focused,2,300,300,A_real,0.0,neutral,5,0.94
205,focused,2,300,300,A_real,0.0,hard,4,0.7866666666666666
206,focused,2,300,300,A_real,0.0,easy,10,0.95
207,focused,2,300,300,A_real,0.0,neutral,1,0.9566666666666667
208,focused,2,300,300,A_real,0.0,hard,0,0.86
209,focused,2,300,300,A_real,0.0,easy,2,0.8933333333333333
210,focused,2,300,300,A_real,0.0,neutral,5,0.9333333333333333
211,focused,2,300,300,A_real,0.0,hard,7,0.8666666666666667
212,focused,2,300,300,A_real,0.0,easy,1,0.95
213,focused,2,300,300,A_real,0.0,neutral,8,0.92
214,focused,2,300,300,A_real,0.0,hard,7,0.8266666666666667
215,focused,2,300,300,A_real,0.0,easy,6,0.9033333333333333
216,focused,2,300,300,A_real,0.0,neutral,6,0.9033333333333333
217,focused,2,300,300,A_real,0.0,hard,3,0.7866666666666666
218,focused,2,300,300,A_real,0.0,easy,1,0.9033333333333333
219,focused,2,300,300,A_real,0.0,neutral,9,0.8666666666666667
220,focused,2,300,300,A_real,0.0,hard,7,0.85
221,focused,2,300,300,A_real,0.0,easy,1,0.9266666666666666
222,focused,2,300,300,A_real,0.0,neutral,6,0.8833333333333333
223,focused,2,300,300,A_real,0.0,hard,7,0.8366666666666667
224,focused,2,300,300,A_real,0.0,easy,5,0.9633333333333334
225,focused,2,300,300,A_real,0.0,neutral,7,0.8066666666666666
226,focused,2,300,300,A_real,0.0,hard,3,0.7366666666666667
227,focused,2,300,300,A_real,0.0,easy,5,0.9433333333333334
228,focused,2,300,300,A_real,0.0,neutral,1,0.9733333333333334
229,focused,2,300,300,A_real,0.0,hard,3,0.7233333333333334
230,focused,2,300,300,A_real,0.0,easy,8,0.9266666666666666
231,focused,2,300,300,A_real,0.0,neutral,8,0.9033333333333333
232,focused,2,300,300,A_real,0.0,hard,3,0.75
233,focused,2,300,300,A_real,0.0,easy,8,0.9033333333333333
234,focused,2,300,300,A_real,0.0,neutral,9,0.89
235,focused,2,300,300,A_real,0.0,hard,7,0.8333333333333334
236,focused,2,300,300,A_real,0.0,easy,1,0.96
237,focused,2,300,300,A_real,0.0,neutral,3,0.7466666666666667
238,focused,2,300,300,A_real,0.0,hard,7,0.8133333333333334
239,focused,2,300,300,A_real,0.0,easy,1,0.95
240,focused,3,30,30,A_real,0.0,easy,2,0.7666666666666667
241,focused,3,30,30,A_real,0.0,neutral,3,0.43333333333333335
242,focused,3,30,30,A_real,0.0,hard,3,0.7333333333333333
243,focused,3,30,30,A_real,0.0,easy,5,0.9666666666666667
244,focused,3,30,30,A_real,0.0,neutral,4,0.7
245,focused,3,30,30,A_real,0.0,hard,4,0.8666666666666667
246,focused,3,30,30,A_real,0.0,easy,1,0.8333333333333334
247,focused,3,30,30,A_real,0.0,neutral,0,0.8666666666666667
248,focused,3,30,30,A_real,0.0,hard,4,0.8333333333333334
249,focused,3,30,30,A_real,0.0,easy,10,1.0
250,focused,3,30,30,A_real,0.0,neutral,10,1.0
251,focused,3,30,30,A_real,0.0,hard,7,0.7333333333333333
252,focused,3,30,30,A_real,0.0,easy,8,0.8333333333333334
253,focused,3,30,30,A_real,0.0,neutral,0,0.9
254,focused,3,30,30,A_real,0.0,hard,3,0.8
255,focused,3,30,30,A_real,0.0,easy,5,1.0
256,focused,3,30,30,A_real,0.0,neutral,3,0.7666666666666667
257,focused,3,30,30,A_real,0.0,hard,0,0.8666666666666667
258,focused,3,30,30,A_real,0.0,easy,6,0.9666666666666667
259,focused,3,30,30,A_real,0.0,neutral,6,0.9
260,focused,3,30,30,A_real,0.0,hard,3,0.7333333333333333
261,focused,3,30,30,A_real,0.0,easy,1,0.9666666666666667
262,focused,3,30,30,A_real,0.0,neutral,10,0.9333333333333333
263,focused,3,30,30,A_real,0.0,hard,3,0.7
264,focused,3,30,30,A_real,0.0,easy,2,0.9333333333333333
265,focused,3,30,30,A_real,0.0,neutral,7,0.7333333333333333
266,focused,3,30,30,A_real,0.0,hard,7,0.8
267,focused,3,30,30,A_real,0.0,easy,10,0.9333333333333333
268,focused,3,30,30,A_real,0.0,neutral,9,0.9
269,focused,3,30,30,A_real,0.0,hard,7,0.8666666666666667
270,focused,3,30,30,A_real,0.0,easy,1,1.0
271,focused,3,30,30,A_real,0.0,neutral,9,0.9
272,focused,3,30,30,A_real,0.0,hard,7,0.7
273,focused,3,30,30,A_real,0.0,easy,8,0.9333333333333333
274,focused,3,30,30,A_real,0.0,neutral,6,0.9666666666666667
275,focused,3,30,30,A_real,0.0,hard,4,0.8666666666666667
276,focused,3,30,30,A_real,0.0,easy,8,0.9666666666666667
277,focused,3,30,30,A_real,0.0,neutral,9,0.9
278,focused,3,30,30,A_real,0.0,hard,0,0.8333333333333334
279,focused,3,30,30,A_real,0.0,easy,8,0.8
280,focused,3,100,99,A_real,0.0,easy,1,0.9595959595959596
281,focused,3,100,99,A_real,0.0,neutral,10,0.9595959595959596
282,focused,3,100,99,A_real,0.0,hard,3,0.7575757575757576
283,focused,3,100,99,A_real,0.0,easy,10,0.9393939393939394
284,focused,3,100,99,A_real,0.0,neutral,5,0.9090909090909091
285,focused,3,100,99,A_real,0.0,hard,4,0.8686868686868687
286,focused,3,100,99,A_real,0.0,easy,2,0.9292929292929293
287,focused,3,100,99,A_real,0.0,neutral,5,0.9292929292929293
288,focused,3,100,99,A_real,0.0,hard,3,0.7474747474747475
289,focused,3,100,99,A_real,0.0,easy,6,0.8888888888888888
290,focused,3,100,99,A_real,0.0,neutral,0,0.8686868686868687
291,focused,3,100,99,A_real,0.0,hard,0,0.7878787878787878
292,focused,3,100,99,A_real,0.0,easy,5,0.9797979797979798
293,focused,3,100,99,A_real,0.0,neutral,1,0.9494949494949495
294,focused,3,100,99,A_real,0.0,hard,4,0.9090909090909091
295,focused,3,100,99,A_real,0.0,easy,8,0.8787878787878788
296,focused,3,100,99,A_real,0.0,neutral,1,0.9595959595959596
297,focused,3,100,99,A_real,0.0,hard,9,0.9292929292929293
298,focused,3,100,99,A_real,0.0,easy,1,0.9393939393939394
299,focused,3,100,99,A_real,0.0,neutral,2,0.7878787878787878
300,focused,3,100,99,A_real,0.0,hard,4,0.8686868686868687
301,focused,3,100,99,A_real,0.0,easy,6,0.898989898989899
302,focused,3,100,99,A_real,0.0,neutral,10,0.9292929292929293
303,focused,3,100,99,A_real,0.0,hard,0,0.7777777777777778
304,focused,3,100,99,A_real,0.0,easy,10,0.9191919191919192
305,focused,3,100,99,A_real,0.0,neutral,1,0.9393939393939394
306,focused,3,100,99,A_real,0.0,hard,4,0.7777777777777778
307,focused,3,100,99,A_real,0.0,easy,8,0.9090909090909091
308,focused,3,100,99,A_real,0.0,neutral,4,0.8383838383838383
309,focused,3,100,99,A_real,0.0,hard,3,0.7272727272727273
310,focused,3,100,99,A_real,0.0,easy,8,0.8383838383838383
311,focused,3,100,99,A_real,0.0,neutral,9,0.9090909090909091
312,focused,3,100,99,A_real,0.0,hard,4,0.8383838383838383
313,focused,3,100,99,A_real,0.0,easy,2,0.8484848484848485
314,focused,3,100,99,A_real,0.0,neutral,1,0.98989898989899
315,focused,3,100,99,A_real,0.0,hard,3,0.6565656565656566
316,focused,3,100,99,A_real,0.0,easy,1,0.9696969696969697
317,focused,3,100,99,A_real,0.0,neutral,1,0.9191919191919192
318,focused,3,100,99,A_real,0.0,hard,3,0.7878787878787878
319,focused,3,100,99,A_real,0.0,easy,2,0.898989898989899
320,focused,3,300,300,A_real,0.0,easy,6,0.8666666666666667
321,focused,3,300,300,A_real,0.0,neutral,5,0.9666666666666667
322,focused,3,300,300,A_real,0.0,hard,7,0.8466666666666667
323,focused,3,300,300,A_real,0.0,easy,8,0.94
324,focused,3,300,300,A_real,0.0,neutral,9,0.8866666666666667
325,focused,3,300,300,A_real,0.0,hard,9,0.87
326,focused,3,300,300,A_real,0.0,easy,5,0.9533333333333334
327,focused,3,300,300,A_real,0.0,neutral,8,0.96
328,focused,3,300,300,A_real,0.0,hard,4,0.84
329,focused,3,300,300,A_real,0.0,easy,1,0.9233333333333333
330,focused,3,300,300,A_real,0.0,neutral,3,0.72
331,focused,3,300,300,A_real,0.0,hard,3,0.7766666666666666
332,focused,3,300,300,A_real,0.0,easy,2,0.9033333333333333
333,focused,3,300,300,A_real,0.0,neutral,4,0.8
334,focused,3,300,300,A_real,0.0,hard,3,0.71
335,focused,3,300,300,A_real,0.0,easy,5,0.9533333333333334
336,focused,3,300,300,A_real,0.0,neutral,5,0.9366666666666666
337,focused,3,300,300,A_real,0.0,hard,9,0.9133333333333333
338,focused,3,300,300,A_real,0.0,easy,5,0.9466666666666667
339,focused,3,300,300,A_real,0.0,neutral,0,0.8533333333333334
340,focused,3,300,300,A_real,0.0,hard,4,0.8433333333333334
341,focused,3,300,300,A_real,0.0,easy,2,0.87
342,focused,3,300,300,A_real,0.0,neutral,3,0.7766666666666666
343,focused,3,300,300,A_real,0.0,hard,0,0.8533333333333334
344,focused,3,300,300,A_real,0.0,easy,8,0.9233333333333333
345,focused,3,300,300,A_real,0.0,neutral,10,0.92
346,focused,3,300,300,A_real,0.0,hard,3,0.7266666666666667
347,focused,3,300,300,A_real,0.0,easy,10,0.9466666666666667
348,focused,3,300,300,A_real,0.0,neutral,0,0.8166666666666667
349,focused,3,300,300,A_real,0.0,hard,3,0.7533333333333333
350,focused,3,300,300,A_real,0.0,easy,10,0.95
351,focused,3,300,300,A_real,0.0,neutral,1,0.9733333333333334
352,focused,3,300,300,A_real,0.0,hard,9,0.8866666666666667
353,focused,3,300,300,A_real,0.0,easy,8,0.9333333333333333
354,focused,3,300,300,A_real,0.0,neutral,4,0.8466666666666667
355,focused,3,300,300,A_real,0.0,hard,4,0.78
356,focused,3,300,300,A_real,0.0,easy,2,0.8833333333333333
357,focused,3,300,300,A_real,0.0,neutral,2,0.8833333333333333
358,focused,3,300,300,A_real,0.0,hard,9,0.9066666666666666
359,focused,3,300,300,A_real,0.0,easy,8,0.9266666666666666
360,focused,5,30,30,A_real,0.0,easy,6,0.8666666666666667
361,focused,5,30,30,A_real,0.0,neutral,8,1.0
362,focused,5,30,30,A_real,0.0,hard,7,0.8333333333333334
363,focused,5,30,30,A_real,0.0,easy,1,0.9666666666666667
364,focused,5,30,30,A_real,0.0,neutral,2,0.8666666666666667
365,focused,5,30,30,A_real,0.0,hard,7,0.9
366,focused,5,30,30,A_real,0.0,easy,5,0.9666666666666667
367,focused,5,30,30,A_real,0.0,neutral,10,0.9666666666666667
368,focused,5,30,30,A_real,0.0,hard,9,0.9333333333333333
369,focused,5,30,30,A_real,0.0,easy,8,0.9
370,focused,5,30,30,A_real,0.0,neutral,10,0.9666666666666667
371,focused,5,30,30,A_real,0.0,hard,3,0.7333333333333333
372,focused,5,30,30,A_real,0.0,easy,8,0.8
373,focused,5,30,30,A_real,0.0,neutral,8,0.9
374,focused,5,30,30,A_real,0.0,hard,3,0.8
375,focused,5,30,30,A_real,0.0,easy,1,0.9333333333333333
376,focused,5,30,30,A_real,0.0,neutral,6,0.8666666666666667
377,focused,5,30,30,A_real,0.0,hard,3,0.6333333333333333
378,focused,5,30,30,A_real,0.0,easy,8,0.8333333333333334
379,focused,5,30,30,A_real,0.0,neutral,7,0.9
380,focused,5,30,30,A_real,0.0,hard,4,0.8
381,focused,5,30,30,A_real,0.0,easy,6,0.9
382,focused,5,30,30,A_real,0.0,neutral,6,0.8333333333333334
383,focused,5,30,30,A_real,0.0,hard,0,0.8
384,focused,5,30,30,A_real,0.0,easy,1,0.9333333333333333
385,focused,5,30,30,A_real,0.0,neutral,3,0.6666666666666666
386,focused,5,30,30,A_real,0.0,hard,0,0.7333333333333333
387,focused,5,30,30,A_real,0.0,easy,1,0.9333333333333333
388,focused,5,30,30,A_real,0.0,neutral,2,0.8
389,focused,5,30,30,A_real,0.0,hard,7,0.9333333333333333
390,focused,5,30,30,A_real,0.0,easy,1,0.8
391,focused,5,30,30,A_real,0.0,neutral,1,1.0
392,focused,5,30,30,A_real,0.0,hard,0,0.7666666666666667
393,focused,5,30,30,A_real,0.0,easy,2,0.7666666666666667
394,focused,5,30,30,A_real,0.0,neutral,5,0.9
395,focused,5,30,30,A_real,0.0,hard,3,0.6333333333333333
396,focused,5,30,30,A_real,0.0,easy,2,0.8666666666666667
397,focused,5,30,30,A_real,0.0,neutral,3,0.7
398,focused,5,30,30,A_real,0.0,hard,3,0.7333333333333333
399,focused,5,30,30,A_real,0.0,easy,8,0.9
400,focused,5,100,100,A_real,0.0,easy,5,0.92
401,focused,5,100,100,A_real,0.0,neutral,6,0.91
402,focused,5,100,100,A_real,0.0,hard,9,0.88
403,focused,5,100,100,A_real,0.0,easy,5,0.99
404,focused,5,100,100,A_real,0.0,neutral,0,0.81
405,focused,5,100,100,A_real,0.0,hard,9,0.93
406,focused,5,100,100,A_real,0.0,easy,8,0.88
407,focused,5,100,100,A_real,0.0,neutral,4,0.85
408,focused,5,100,100,A_real,0.0,hard,9,0.86
409,focused,5,100,100,A_real,0.0,easy,1,0.97
410,focused,5,100,100,A_real,0.0,neutral,10,0.96
411,focused,5,100,100,A_real,0.0,hard,9,0.92
412,focused,5,100,100,A_real,0.0,easy,1,0.96
413,focused,5,100,100,A_real,0.0,neutral,5,0.99
414,focused,5,100,100,A_real,0.0,hard,7,0.84
415,focused,5,100,100,A_real,0.0,easy,6,0.89
416,focused,5,100,100,A_real,0.0,neutral,8,0.97
417,focused,5,100,100,A_real,0.0,hard,9,0.88
418,focused,5,100,100,A_real,0.0,easy,6,0.89
419,focused,5,100,100,A_real,0.0,neutral,4,0.8
420,focused,5,100,100,A_real,0.0,hard,4,0.81
421,focused,5,100,100,A_real,0.0,easy,8,0.91
422,focused,5,100,100,A_real,0.0,neutral,1,0.85
423,focused,5,100,100,A_real,0.0,hard,0,0.84
424,focused,5,100,100,A_real,0.0,easy,5,0.96
425,focused,5,100,100,A_real,0.0,neutral,10,0.93
426,focused,5,100,100,A_real,0.0,hard,3,0.78
427,focused,5,100,100,A_real,0.0,easy,8,0.88
428,focused,5,100,100,A_real,0.0,neutral,0,0.84
429,focused,5,100,100,A_real,0.0,hard,0,0.81
430,focused,5,100,100,A_real,0.0,easy,5,0.91
431,focused,5,100,100,A_real,0.0,neutral,10,0.93
432,focused,5,100,100,A_real,0.0,hard,7,0.83
433,focused,5,100,100,A_real,0.0,easy,1,0.94
434,focused,5,100,100,A_real,0.0,neutral,1,0.98
435,focused,5,100,100,A_real,0.0,hard,3,0.74
436,focused,5,100,100,A_real,0.0,easy,2,0.88
437,focused,5,100,100,A_real,0.0,neutral,4,0.83
438,focused,5,100,100,A_real,0.0,hard,4,0.81
439,focused,5,100,100,A_real,0.0,easy,5,0.94
440,focused,5,300,300,A_real,0.0,easy,10,0.9033333333333333
441,focused,5,300,300,A_real,0.0,neutral,2,0.8633333333333333
442,focused,5,300,300,A_real,0.0,hard,0,0.8433333333333334
443,focused,5,300,300,A_real,0.0,easy,5,0.95
444,focused,5,300,300,A_real,0.0,neutral,7,0.75
445,focused,5,300,300,A_real,0.0,hard,4,0.8433333333333334
446,focused,5,300,300,A_real,0.0,easy,1,0.9233333333333333
447,focused,5,300,300,A_real,0.0,neutral,9,0.87
448,focused,5,300,300,A_real,0.0,hard,9,0.8666666666666667
449,focused,5,300,300,A_real,0.0,easy,1,0.9766666666666667
450,focused,5,300,300,A_real,0.0,neutral,7,0.81
451,focused,5,300,300,A_real,0.0,hard,0,0.8333333333333334
452,focused,5,300,300,A_real,0.0,easy,1,0.93
453,focused,5,300,300,A_real,0.0,neutral,8,0.9166666666666666
454,focused,5,300,300,A_real,0.0,hard,0,0.83
455,focused,5,300,300,A_real,0.0,easy,10,0.9266666666666666
456,focused,5,300,300,A_real,0.0,neutral,2,0.88
457,focused,5,300,300,A_real,0.0,hard,4,0.84
458,focused,5,300,300,A_real,0.0,easy,2,0.88
459,focused,5,300,300,A_real,0.0,neutral,3,0.7366666666666667
460,focused,5,300,300,A_real,0.0,hard,7,0.8266666666666667
461,focused,5,300,300,A_real,0.0,easy,6,0.8466666666666667
462,focused,5,300,300,A_real,0.0,neutral,9,0.9033333333333333
463,focused,5,300,300,A_real,0.0,hard,3,0.69
464,focused,5,300,300,A_real,0.0,easy,10,0.9233333333333333
465,focused,5,300,300,A_real,0.0,neutral,10,0.93
466,focused,5,300,300,A_real,0.0,hard,9,0.8466666666666667
467,focused,5,300,300,A_real,0.0,easy,6,0.9233333333333333
468,focused,5,300,300,A_real,0.0,neutral,9,0.8833333333333333
469,focused,5,300,300,A_real,0.0,hard,0,0.84
470,focused,5,300,300,A_real,0.0,easy,5,0.9333333333333333
471,focused,5,300,300,A_real,0.0,neutral,0,0.8566666666666667
472,focused,5,300,300,A_real,0.0,hard,7,0.8233333333333334
473,focused,5,300,300,A_real,0.0,easy,8,0.9033333333333333
474,focused,5,300,300,A_real,0.0,neutral,0,0.86
475,focused,5,300,300,A_real,0.0,hard,4,0.85
476,focused,5,300,300,A_real,0.0,easy,5,0.95
477,focused,5,300,300,A_real,0.0,neutral,10,0.9033333333333333
478,focused,5,300,300,A_real,0.0,hard,3,0.73
479,focused,5,300,300,A_real,0.0,easy,1,0.95
480,cross,1,30,30,A_real,0.0,easy,6,0.9
481,cross,1,30,30,A_real,0.0,neutral,5,0.9
482,cross,1,30,30,A_real,0.0,hard,0,0.9
483,cross,1,30,30,A_real,0.0,easy,2,0.9333333333333333
484,cross,1,30,30,A_real,0.0,neutral,7,1.0
485,cross,1,30,30,A_real,0.0,hard,4,0.8666666666666667
486,cross,1,30,30,A_real,0.0,easy,10,0.8333333333333334
487,cross,1,30,30,A_real,0.0,neutral,2,0.8333333333333334
488,cross,1,30,30,A_real,0.0,hard,3,0.8
489,cross,1,30,30,A_real,0.0,easy,2,0.9
490,cross,1,30,30,A_real,0.0,neutral,2,0.8666666666666667
491,cross,1,30,30,A_real,0.0,hard,4,0.7666666666666667
492,cross,1,30,30,A_real,0.0,easy,2,0.8666666666666667
493,cross,1,30,30,A_real,0.0,neutral,4,0.8
494,cross,1,30,30,A_real,0.0,hard,4,0.7
495,cross,1,30,30,A_real,0.0,easy,10,1.0
496,cross,1,30,30,A_real,0.0,neutral,0,0.9666666666666667
497,cross,1,30,30,A_real,0.0,hard,7,0.8333333333333334
498,cross,1,30,30,A_real,0.0,easy,2,0.8666666666666667
499,cross,1,30,30,A_real,0.0,neutral,4,0.8333333333333334
500,cross,1,30,30,A_real,0.0,hard,4,0.8
501,cross,1,30,30,A_real,0.0,easy,8,0.9666666666666667
502,cross,1,30,30,A_real,0.0,neutral,4,0.8333333333333334
503,cross,1,30,30,A_real,0.0,hard,7,0.9
504,cross,1,30,30,A_real,0.0,easy,10,0.9333333333333333
505,cross,1,30,30,A_real,0.0,neutral,9,0.9
506,cross,1,30,30,A_real,0.0,hard,9,0.9
507,cross,1,30,30,A_real,0.0,easy,8,0.8666666666666667
508,cross,1,30,30,A_real,0.0,neutral,9,0.9333333333333333
509,cross,1,30,30,A_real,0.0,hard,9,0.9666666666666667
510,cross,1,30,30,A_real,0.0,easy,1,0.9
511,cross,1,30,30,A_real,0.0,neutral,9,0.8333333333333334
512,cross,1,30,30,A_real,0.0,hard,7,0.8666666666666667
513,cross,1,30,30,A_real,0.0,easy,10,0.9
514,cross,1,30,30,A_real,0.0,neutral,10,0.9
515,cross,1,30,30,A_real,0.0,hard,9,0.8333333333333334
516,cross,1,30,30,A_real,0.0,easy,5,0.8666666666666667
517,cross,1,30,30,A_real,0.0,neutral,2,0.8
518,cross,1,30,30,A_real,0.0,hard,3,0.8
519,cross,1,30,30,A_real,0.0,easy,6,0.9
520,cross,1,100,100,A_real,0.0,easy,6,0.87
521,cross,1,100,100,A_real,0.0,neutral,6,0.94
522,cross,1,100,100,A_real,0.0,hard,7,0.85
523,cross,1,100,100,A_real,0.0,easy,2,0.92
524,cross,1,100,100,A_real,0.0,neutral,4,0.81
525,cross,1,100,100,A_real,0.0,hard,4,0.84
526,cross,1,100,100,A_real,0.0,easy,8,0.89
527,cross,1,100,100,A_real,0.0,neutral,3,0.83
528,cross,1,100,100,A_real,0.0,hard,3,0.81
529,cross,1,100,100,A_real,0.0,easy,2,0.93
530,cross,1,100,100,A_real,0.0,neutral,1,0.93
531,cross,1,100,100,A_real,0.0,hard,3,0.8
532,cross,1,100,100,A_real,0.0,easy,2,0.79
533,cross,1,100,100,A_real,0.0,neutral,0,0.89
534,cross,1,100,100,A_real,0.0,hard,9,0.89
535,cross,1,100,100,A_real,0.0,easy,5,0.85
536,cross,1,100,100,A_real,0.0,neutral,10,0.93
537,cross,1,100,100,A_real,0.0,hard,0,0.83
538,cross,1,100,100,A_real,0.0,easy,2,0.76
539,cross,1,100,100,A_real,0.0,neutral,6,0.87
540,cross,1,100,100,A_real,0.0,hard,0,0.9
541,cross,1,100,100,A_real,0.0,easy,8,0.9
542,cross,1,100,100,A_real,0.0,neutral,7,0.84
543,cross,1,100,100,A_real,0.0,hard,4,0.85
544,cross,1,100,100,A_real,0.0,easy,6,0.83
545,cross,1,100,100,A_real,0.0,neutral,2,0.81
546,cross,1,100,100,A_real,0.0,hard,4,0.79
547,cross,1,100,100,A_real,0.0,easy,10,0.93
548,cross,1,100,100,A_real,0.0,neutral,4,0.87
549,cross,1,100,100,A_real,0.0,hard,4,0.87
550,cross,1,100,100,A_real,0.0,easy,2,0.87
551,cross,1,100,100,A_real,0.0,neutral,0,0.84
552,cross,1,100,100,A_real,0.0,hard,3,0.83
553,cross,1,100,100,A_real,0.0,easy,1,0.92
554,cross,1,100,100,A_real,0.0,neutral,10,0.85
555,cross,1,100,100,A_real,0.0,hard,7,0.76
556,cross,1,100,100,A_real,0.0,easy,1,0.91
557,cross,1,100,100,A_real,0.0,neutral,9,0.84
558,cross,1,100,100,A_real,0.0,hard,4,0.83
559,cross,1,100,100,A_real,0.0,easy,1,0.86
560,cross,1,300,300,A_real,0.0,easy,10,0.8833333333333333
561,cross,1,300,300,A_real,0.0,neutral,10,0.9066666666666666
562,cross,1,300,300,A_real,0.0,hard,9,0.8433333333333334
563,cross,1,300,300,A_real,0.0,easy,1,0.9
564,cross,1,300,300,A_real,0.0,neutral,4,0.88
565,cross,1,300,300,A_real,0.0,hard,7,0.8633333333333333
566,cross,1,300,300,A_real,0.0,easy,6,0.85
567,cross,1,300,300,A_real,0.0,neutral,5,0.9
568,cross,1,300,300,A_real,0.0,hard,9,0.8433333333333334
569,cross,1,300,300,A_real,0.0,easy,10,0.94
570,cross,1,300,300,A_real,0.0,neutral,7,0.8166666666666667
571,cross,1,300,300,A_real,0.0,hard,4,0.8866666666666667
572,cross,1,300,300,A_real,0.0,easy,8,0.9
573,cross,1,300,300,A_real,0.0,neutral,3,0.7833333333333333
574,cross,1,300,300,A_real,0.0,hard,4,0.9
575,cross,1,300,300,A_real,0.0,easy,8,0.9266666666666666
576,cross,1,300,300,A_real,0.0,neutral,5,0.9066666666666666
577,cross,1,300,300,A_real,0.0,hard,4,0.9033333333333333
578,cross,1,300,300,A_real,0.0,easy,2,0.9166666666666666
579,cross,1,300,300,A_real,0.0,neutral,2,0.8866666666666667
580,cross,1,300,300,A_real,0.0,hard,9,0.8666666666666667
581,cross,1,300,300,A_real,0.0,easy,8,0.92
582,cross,1,300,300,A_real,0.0,neutral,8,0.8966666666666666
583,cross,1,300,300,A_real,0.0,hard,4,0.8366666666666667
584,cross,1,300,300,A_real,0.0,easy,10,0.92
585,cross,1,300,300,A_real,0.0,neutral,4,0.9033333333333333
586,cross,1,300,300,A_real,0.0,hard,0,0.87
587,cross,1,300,300,A_real,0.0,easy,8,0.8766666666666667
588,cross,1,300,300,A_real,0.0,neutral,10,0.89
589,cross,1,300,300,A_real,0.0,hard,9,0.86
590,cross,1,300,300,A_real,0.0,easy,8,0.9066666666666666
591,cross,1,300,300,A_real,0.0,neutral,1,0.9066666666666666
592,cross,1,300,300,A_real,0.0,hard,9,0.8866666666666667
593,cross,1,300,300,A_real,0.0,easy,2,0.87
594,cross,1,300,300,A_real,0.0,neutral,7,0.85
595,cross,1,300,300,A_real,0.0,hard,9,0.91
596,cross,1,300,300,A_real,0.0,easy,5,0.8766666666666667
597,cross,1,300,300,A_real,0.0,neutral,9,0.8933333333333333
598,cross,1,300,300,A_real,0.0,hard,9,0.8833333333333333
599,cross,1,300,300,A_real,0.0,easy,1,0.9333333333333333
600,cross,2,30,30,A_real,0.0,easy,10,0.8333333333333334
601,cross,2,30,30,A_real,0.0,neutral,3,0.8333333333333334
602,cross,2,30,30,A_real,0.0,hard,0,0.8
603,cross,2,30,30,A_real,0.0,easy,1,0.8333333333333334
604,cross,2,30,30,A_real,0.0,neutral,6,0.9333333333333333
605,cross,2,30,30,A_real,0.0,hard,3,0.7333333333333333
606,cross,2,30,30,A_real,0.0,easy,6,1.0
607,cross,2,30,30,A_real,0.0,neutral,6,0.9666666666666667
608,cross,2,30,30,A_real,0.0,hard,9,0.9333333333333333
609,cross,2,30,30,A_real,0.0,easy,6,0.9666666666666667
610,cross,2,30,30,A_real,0.0,neutral,4,0.8333333333333334
611,cross,2,30,30,A_real,0.0,hard,3,0.7666666666666667
612,cross,2,30,30,A_real,0.0,easy,5,0.8666666666666667
613,cross,2,30,30,A_real,0.0,neutral,8,0.8333333333333334
614,cross,2,30,30,A_real,0.0,hard,0,0.9
615,cross,2,30,30,A_real,0.0,easy,2,0.9
616,cross,2,30,30,A_real,0.0,neutral,1,1.0
617,cross,2,30,30,A_real,0.0,hard,7,0.8333333333333334
618,cross,2,30,30,A_real,0.0,easy,8,0.8666666666666667
619,cross,2,30,30,A_real,0.0,neutral,5,0.9666666666666667
620,cross,2,30,30,A_real,0.0,hard,7,0.7666666666666667
621,cross,2,30,30,A_real,0.0,easy,2,0.9333333333333333
622,cross,2,30,30,A_real,0.0,neutral,10,0.9
623,cross,2,30,30,A_real,0.0,hard,3,0.9333333333333333
624,cross,2,30,30,A_real,0.0,easy,2,0.8
625,cross,2,30,30,A_real,0.0,neutral,7,0.8666666666666667
626,cross,2,30,30,A_real,0.0,hard,4,0.7666666666666667
627,cross,2,30,30,A_real,0.0,easy,6,0.9666666666666667
628,cross,2,30,30,A_real,0.0,neutral,9,1.0
629,cross,2,30,30,A_real,0.0,hard,7,0.9
630,cross,2,30,30,A_real,0.0,easy,8,0.8666666666666667
631,cross,2,30,30,A_real,0.0,neutral,0,0.8333333333333334
632,cross,2,30,30,A_real,0.0,hard,0,0.8333333333333334
633,cross,2,30,30,A_real,0.0,easy,2,0.8333333333333334
634,cross,2,30,30,A_real,0.0,neutral,4,0.9333333333333333
635,cross,2,30,30,A_real,0.0,hard,9,0.9
636,cross,2,30,30,A_real,0.0,easy,2,0.8666666666666667
637,cross,2,30,30,A_real,0.0,neutral,9,0.8333333333333334
638,cross,2,30,30,A_real,0.0,hard,7,0.9333333333333333
639,cross,2,30,30,A_real,0.0,easy,5,0.8
640,cross,2,100,100,A_real,0.0,easy,2,0.8
641,cross,2,100,100,A_real,0.0,neutral,5,0.83
642,cross,2,100,100,A_real,0.0,hard,4,0.81
643,cross,2,100,100,A_real,0.0,easy,8,0.92
644,cross,2,100,100,A_real,0.0,neutral,0,0.86
645,cross,2,100,100,A_real,0.0,hard,3,0.82
646,cross,2,100,100,A_real,0.0,easy,5,0.92
647,cross,2,100,100,A_real,0.0,neutral,2,0.86
648,cross,2,100,100,A_real,0.0,hard,7,0.79
649,cross,2,100,100,A_real,0.0,easy,8,0.91
650,cross,2,100,100,A_real,0.0,neutral,1,0.91
651,cross,2,100,100,A_real,0.0,hard,0,0.81
652,cross,2,100,100,A_real,0.0,easy,5,0.92
653,cross,2,100,100,A_real,0.0,neutral,0,0.91
654,cross,2,100,100,A_real,0.0,hard,0,0.81
655,cross,2,100,100,A_real,0.0,easy,5,0.9
656,cross,2,100,100,A_real,0.0,neutral,5,0.87
657,cross,2,100,100,A_real,0.0,hard,7,0.86
658,cross,2,100,100,A_real,0.0,easy,2,0.91
659,cross,2,100,100,A_real,0.0,neutral,5,0.92
660,cross,2,100,100,A_real,0.0,hard,7,0.89
661,cross,2,100,100,A_real,0.0,easy,8,0.92
662,cross,2,100,100,A_real,0.0,neutral,1,0.9
663,cross,2,100,100,A_real,0.0,hard,9,0.88
664,cross,2,100,100,A_real,0.0,easy,8,0.82
665,cross,2,100,100,A_real,0.0,neutral,8,0.88
666,cross,2,100,100,A_real,0.0,hard,3,0.77
667,cross,2,100,100,A_real,0.0,easy,2,0.91
668,cross,2,100,100,A_real,0.0,neutral,10,0.91
669,cross,2,100,100,A_real,0.0,hard,0,0.84
670,cross,2,100,100,A_real,0.0,easy,1,0.96
671,cross,2,100,100,A_real,0.0,neutral,2,0.87
672,cross,2,100,100,A_real,0.0,hard,0,0.85
673,cross,2,100,100,A_real,0.0,easy,1,0.97
674,cross,2,100,100,A_real,0.0,neutral,9,0.86
675,cross,2,100,100,A_real,0.0,hard,3,0.76
676,cross,2,100,100,A_real,0.0,easy,1,0.92
677,cross,2,100,100,A_real,0.0,neutral,8,0.91
678,cross,2,100,100,A_real,0.0,hard,0,0.85
679,cross,2,100,100,A_real,0.0,easy,10,0.94
680,cross,2,300,300,A_real,0.0,easy,8,0.9
681,cross,2,300,300,A_real,0.0,neutral,10,0.9166666666666666
682,cross,2,300,300,A_real,0.0,hard,9,0.9066666666666666
683,cross,2,300,300,A_real,0.0,easy,6,0.89
684,cross,2,300,300,A_real,0.0,neutral,10,0.9066666666666666
685,cross,2,300,300,A_real,0.0,hard,9,0.8566666666666667
686,cross,2,300,300,A_real,0.0,easy,6,0.9133333333333333
687,cross,2,300,300,A_real,0.0,neutral,8,0.9133333333333333
688,cross,2,300,300,A_real,0.0,hard,4,0.8466666666666667
689,cross,2,300,300,A_real,0.0,easy,6,0.8533333333333334
690,cross,2,300,300,A_real,0.0,neutral,10,0.8833333333333333
691,cross,2,300,300,A_real,0.0,hard,3,0.7833333333333333
692,cross,2,300,300,A_real,0.0,easy,6,0.86
693,cross,2,300,300,A_real,0.0,neutral,8,0.9133333333333333
694,cross,2,300,300,A_real,0.0,hard,4,0.86
695,cross,2,300,300,A_real,0.0,easy,1,0.9166666666666666
696,cross,2,300,300,A_real,0.0,neutral,1,0.9033333333333333
697,cross,2,300,300,A_real,0.0,hard,3,0.8233333333333334
698,cross,2,300,300,A_real,0.0,easy,2,0.87
699,cross,2,300,300,A_real,0.0,neutral,1,0.8766666666666667
700,cross,2,300,300,A_real,0.0,hard,7,0.9066666666666666
701,cross,2,300,300,A_real,0.0,easy,6,0.8533333333333334
702,cross,2,300,300,A_real,0.0,neutral,6,0.9166666666666666
703,cross,2,300,300,A_real,0.0,hard,9,0.8733333333333333
704,cross,2,300,300,A_real,0.0,easy,1,0.93
705,cross,2,300,300,A_real,0.0,neutral,2,0.96
706,cross,2,300,300,A_real,0.0,hard,4,0.8233333333333334
707,cross,2,300,300,A_real,0.0,easy,5,0.92
708,cross,2,300,300,A_real,0.0,neutral,4,0.83
709,cross,2,300,300,A_real,0.0,hard,9,0.85
710,cross,2,300,300,A_real,0.0,easy,10,0.88
711,cross,2,300,300,A_real,0.0,neutral,3,0.7766666666666666
712,cross,2,300,300,A_real,0.0,hard,4,0.8066666666666666
713,cross,2,300,300,A_real,0.0,easy,1,0.8966666666666666
714,cross,2,300,300,A_real,0.0,neutral,9,0.8966666666666666
715,cross,2,300,300,A_real,0.0,hard,3,0.8
716,cross,2,300,300,A_real,0.0,easy,1,0.8733333333333333
717,cross,2,300,300,A_real,0.0,neutral,6,0.88
718,cross,2,300,300,A_real,0.0,hard,4,0.8866666666666667
719,cross,2,300,300,A_real,0.0,easy,6,0.8966666666666666
720,cross,3,30,30,A_real,0.0,easy,5,0.9
721,cross,3,30,30,A_real,0.0,neutral,4,0.8666666666666667
722,cross,3,30,30,A_real,0.0,hard,0,0.9
723,cross,3,30,30,A_real,0.0,easy,5,1.0
724,cross,3,30,30,A_real,0.0,neutral,2,1.0
725,cross,3,30,30,A_real,0.0,hard,9,0.8333333333333334
726,cross,3,30,30,A_real,0.0,easy,10,0.9
727,cross,3,30,30,A_real,0.0,neutral,0,0.9
728,cross,3,30,30,A_real,0.0,hard,7,0.9
729,cross,3,30,30,A_real,0.0,easy,6,0.9333333333333333
730,cross,3,30,30,A_real,0.0,neutral,2,0.7666666666666667
731,cross,3,30,30,A_real,0.0,hard,9,0.9333333333333333
732,cross,3,30,30,A_real,0.0,easy,8,0.9
733,cross,3,30,30,A_real,0.0,neutral,2,0.8333333333333334
734,cross,3,30,30,A_real,0.0,hard,9,0.8666666666666667
735,cross,3,30,30,A_real,0.0,easy,5,0.9333333333333333
736,cross,3,30,30,A_real,0.0,neutral,7,0.8
737,cross,3,30,30,A_real,0.0,hard,0,0.7
738,cross,3,30,30,A_real,0.0,easy,1,0.9666666666666667
739,cross,3,30,30,A_real,0.0,neutral,6,0.9
740,cross,3,30,30,A_real,0.0,hard,0,0.9
741,cross,3,30,30,A_real,0.0,easy,6,0.9333333333333333
742,cross,3,30,30,A_real,0.0,neutral,8,0.9333333333333333
743,cross,3,30,30,A_real,0.0,hard,7,0.8333333333333334
744,cross,3,30,30,A_real,0.0,easy,2,0.8
745,cross,3,30,30,A_real,0.0,neutral,1,0.9
746,cross,3,30,30,A_real,0.0,hard,0,0.7666666666666667
747,cross,3,30,30,A_real,0.0,easy,1,0.9
748,cross,3,30,30,A_real,0.0,neutral,1,0.9
749,cross,3,30,30,A_real,0.0,hard,7,0.8
750,cross,3,30,30,A_real,0.0,easy,5,0.9666666666666667
751,cross,3,30,30,A_real,0.0,neutral,2,0.8666666666666667
752,cross,3,30,30,A_real,0.0,hard,9,0.9333333333333333
753,cross,3,30,30,A_real,0.0,easy,6,0.9666666666666667
754,cross,3,30,30,A_real,0.0,neutral,5,0.9666666666666667
755,cross,3,30,30,A_real,0.0,hard,9,0.8
756,cross,3,30,30,A_real,0.0,easy,1,0.9
757,cross,3,30,30,A_real,0.0,neutral,1,1.0
758,cross,3,30,30,A_real,0.0,hard,7,0.9
759,cross,3,30,30,A_real,0.0,easy,6,0.8666666666666667
760,cross,3,100,99,A_real,0.0,easy,1,0.9494949494949495
761,cross,3,100,99,A_real,0.0,neutral,3,0.8383838383838383
762,cross,3,100,99,A_real,0.0,hard,9,0.9292929292929293
763,cross,3,100,99,A_real,0.0,easy,1,0.9090909090909091
764,cross,3,100,99,A_real,0.0,neutral,6,0.898989898989899
765,cross,3,100,99,A_real,0.0,hard,3,0.7878787878787878
766,cross,3,100,99,A_real,0.0,easy,8,0.9393939393939394
767,cross,3,100,99,A_real,0.0,neutral,7,0.8383838383838383
768,cross,3,100,99,A_real,0.0,hard,3,0.8282828282828283
769,cross,3,100,99,A_real,0.0,easy,1,0.9191919191919192
770,cross,3,100,99,A_real,0.0,neutral,9,0.8383838383838383
771,cross,3,100,99,A_real,0.0,hard,4,0.898989898989899
772,cross,3,100,99,A_real,0.0,easy,1,0.8888888888888888
773,cross,3,100,99,A_real,0.0,neutral,9,0.8888888888888888
774,cross,3,100,99,A_real,0.0,hard,7,0.9191919191919192
775,cross,3,100,99,A_real,0.0,easy,5,0.898989898989899
776,cross,3,100,99,A_real,0.0,neutral,6,0.9090909090909091
777,cross,3,100,99,A_real,0.0,hard,4,0.8282828282828283
778,cross,3,100,99,A_real,0.0,easy,5,0.9393939393939394
779,cross,3,100,99,A_real,0.0,neutral,9,0.9494949494949495
780,cross,3,100,99,A_real,0.0,hard,0,0.8888888888888888
781,cross,3,100,99,A_real,0.0,easy,1,0.9191919191919192
782,cross,3,100,99,A_real,0.0,neutral,10,0.898989898989899
783,cross,3,100,99,A_real,0.0,hard,9,0.8080808080808081
784,cross,3,100,99,A_real,0.0,easy,8,0.9191919191919192
785,cross,3,100,99,A_real,0.0,neutral,4,0.7474747474747475
786,cross,3,100,99,A_real,0.0,hard,4,0.9393939393939394
787,cross,3,100,99,A_real,0.0,easy,10,0.9393939393939394
788,cross,3,100,99,A_real,0.0,neutral,0,0.8888888888888888
789,cross,3,100,99,A_real,0.0,hard,3,0.8282828282828283
790,cross,3,100,99,A_real,0.0,easy,10,0.9393939393939394
791,cross,3,100,99,A_real,0.0,neutral,6,0.8484848484848485
792,cross,3,100,99,A_real,0.0,hard,7,0.7878787878787878
793,cross,3,100,99,A_real,0.0,easy,1,0.9191919191919192
794,cross,3,100,99,A_real,0.0,neutral,7,0.7171717171717171
795,cross,3,100,99,A_real,0.0,hard,4,0.8484848484848485
796,cross,3,100,99,A_real,0.0,easy,8,0.9191919191919192
797,cross,3,100,99,A_real,0.0,neutral,3,0.8787878787878788
798,cross,3,100,99,A_real,0.0,hard,7,0.8484848484848485
799,cross,3,100,99,A_real,0.0,easy,1,0.9292929292929293
800,cross,3,300,300,A_real,0.0,easy,6,0.8866666666666667
801,cross,3,300,300,A_real,0.0,neutral,3,0.7866666666666666
802,cross,3,300,300,A_real,0.0,hard,9,0.83
803,cross,3,300,300,A_real,0.0,easy,10,0.92
804,cross,3,300,300,A_real,0.0,neutral,1,0.9033333333333333
805,cross,3,300,300,A_real,0.0,hard,9,0.88
806,cross,3,300,300,A_real,0.0,easy,5,0.9266666666666666
807,cross,3,300,300,A_real,0.0,neutral,1,0.9366666666666666
808,cross,3,300,300,A_real,0.0,hard,4,0.81
809,cross,3,300,300,A_real,0.0,easy,2,0.8566666666666667
810,cross,3,300,300,A_real,0.0,neutral,6,0.8966666666666666
811,cross,3,300,300,A_real,0.0,hard,0,0.8633333333333333
812,cross,3,300,300,A_real,0.0,easy,6,0.84
813,cross,3,300,300,A_real,0.0,neutral,4,0.88
814,cross,3,300,300,A_real,0.0,hard,4,0.85
815,cross,3,300,300,A_real,0.0,easy,8,0.9233333333333333
816,cross,3,300,300,A_real,0.0,neutral,1,0.9066666666666666
817,cross,3,300,300,A_real,0.0,hard,0,0.8233333333333334
818,cross,3,300,300,A_real,0.0,easy,2,0.8666666666666667
819,cross,3,300,300,A_real,0.0,neutral,5,0.9166666666666666
820,cross,3,300,300,A_real,0.0,hard,7,0.8866666666666667
821,cross,3,300,300,A_real,0.0,easy,10,0.9
822,cross,3,300,300,A_real,0.0,neutral,1,0.9133333333333333
823,cross,3,300,300,A_real,0.0,hard,3,0.8266666666666667
824,cross,3,300,300,A_real,0.0,easy,6,0.8866666666666667
825,cross,3,300,300,A_real,0.0,neutral,7,0.8433333333333334
826,cross,3,300,300,A_real,0.0,hard,7,0.81
827,cross,3,300,300,A_real,0.0,easy,1,0.88
828,cross,3,300,300,A_real,0.0,neutral,3,0.8233333333333334
829,cross,3,300,300,A_real,0.0,hard,9,0.8733333333333333
830,cross,3,300,300,A_real,0.0,easy,5,0.9333333333333333
831,cross,3,300,300,A_real,0.0,neutral,7,0.9
832,cross,3,300,300,A_real,0.0,hard,3,0.82
833,cross,3,300,300,A_real,0.0,easy,1,0.9233333333333333
834,cross,3,300,300,A_real,0.0,neutral,8,0.9266666666666666
835,cross,3,300,300,A_real,0.0,hard,3,0.7966666666666666
836,cross,3,300,300,A_real,0.0,easy,5,0.91
837,cross,3,300,300,A_real,0.0,neutral,10,0.91
838,cross,3,300,300,A_real,0.0,hard,4,0.8466666666666667
839,cross,3,300,300,A_real,0.0,easy,1,0.8766666666666667
840,cross,5,30,30,A_real,0.0,easy,8,0.9
841,cross,5,30,30,A_real,0.0,neutral,0,0.8
842,cross,5,30,30,A_real,0.0,hard,7,0.9
843,cross,5,30,30,A_real,0.0,easy,8,0.9
844,cross,5,30,30,A_real,0.0,neutral,0,0.9
845,cross,5,30,30,A_real,0.0,hard,9,0.9
846,cross,5,30,30,A_real,0.0,easy,6,0.9
847,cross,5,30,30,A_real,0.0,neutral,4,0.8
848,cross,5,30,30,A_real,0.0,hard,4,0.7666666666666667
849,cross,5,30,30,A_real,0.0,easy,6,0.9
850,cross,5,30,30,A_real,0.0,neutral,7,0.8
851,cross,5,30,30,A_real,0.0,hard,0,0.8333333333333334
852,cross,5,30,30,A_real,0.0,easy,5,0.8666666666666667
853,cross,5,30,30,A_real,0.0,neutral,7,0.8666666666666667
854,cross,5,30,30,A_real,0.0,hard,3,0.7
855,cross,5,30,30,A_real,0.0,easy,8,0.8
856,cross,5,30,30,A_real,0.0,neutral,3,0.6333333333333333
857,cross,5,30,30,A_real,0.0,hard,9,0.8666666666666667
858,cross,5,30,30,A_real,0.0,easy,8,0.9666666666666667
859,cross,5,30,30,A_real,0.0,neutral,8,0.8
860,cross,5,30,30,A_real,0.0,hard,4,0.8
861,cross,5,30,30,A_real,0.0,easy,2,0.8333333333333334
862,cross,5,30,30,A_real,0.0,neutral,9,0.7
863,cross,5,30,30,A_real,0.0,hard,0,0.9
864,cross,5,30,30,A_real,0.0,easy,6,0.9666666666666667
865,cross,5,30,30,A_real,0.0,neutral,7,0.9666666666666667
866,cross,5,30,30,A_real,0.0,hard,9,0.8666666666666667
867,cross,5,30,30,A_real,0.0,easy,6,0.8666666666666667
868,cross,5,30,30,A_real,0.0,neutral,3,0.7666666666666667
869,cross,5,30,30,A_real,0.0,hard,7,0.9333333333333333
870,cross,5,30,30,A_real,0.0,easy,8,0.8666666666666667
871,cross,5,30,30,A_real,0.0,neutral,7,0.9333333333333333
872,cross,5,30,30,A_real,0.0,hard,7,0.9666666666666667
873,cross,5,30,30,A_real,0.0,easy,5,0.9333333333333333
874,cross,5,30,30,A_real,0.0,neutral,5,0.9
875,cross,5,30,30,A_real,0.0,hard,0,0.9333333333333333
876,cross,5,30,30,A_real,0.0,easy,8,0.8333333333333334
877,cross,5,30,30,A_real,0.0,neutral,4,0.9
878,cross,5,30,30,A_real,0.0,hard,7,0.7333333333333333
879,cross,5,30,30,A_real,0.0,easy,5,0.8333333333333334
880,cross,5,100,100,A_real,0.0,easy,2,0.9
881,cross,5,100,100,A_real,0.0,neutral,2,0.84
882,cross,5,100,100,A_real,0.0,hard,4,0.89
883,cross,5,100,100,A_real,0.0,easy,5,0.91
884,cross,5,100,100,A_real,0.0,neutral,9,0.89
885,cross,5,100,100,A_real,0.0,hard,0,0.83
886,cross,5,100,100,A_real,0.0,easy,10,0.91
887,cross,5,100,100,A_real,0.0,neutral,8,0.84
888,cross,5,100,100,A_real,0.0,hard,3,0.82
889,cross,5,100,100,A_real,0.0,easy,6,0.92
890,cross,5,100,100,A_real,0.0,neutral,9,0.9
891,cross,5,100,100,A_real,0.0,hard,0,0.92
892,cross,5,100,100,A_real,0.0,easy,2,0.93
893,cross,5,100,100,A_real,0.0,neutral,7,0.77
894,cross,5,100,100,A_real,0.0,hard,0,0.88
895,cross,5,100,100,A_real,0.0,easy,5,0.89
896,cross,5,100,100,A_real,0.0,neutral,2,0.89
897,cross,5,100,100,A_real,0.0,hard,9,0.85
898,cross,5,100,100,A_real,0.0,easy,1,0.9
899,cross,5,100,100,A_real,0.0,neutral,3,0.84
900,cross,5,100,100,A_real,0.0,hard,3,0.77
901,cross,5,100,100,A_real,0.0,easy,8,0.88
902,cross,5,100,100,A_real,0.0,neutral,0,0.84
903,cross,5,100,100,A_real,0.0,hard,7,0.9
904,cross,5,100,100,A_real,0.0,easy,8,0.79
905,cross,5,100,100,A_real,0.0,neutral,5,0.94
906,cross,5,100,100,A_real,0.0,hard,3,0.81
907,cross,5,100,100,A_real,0.0,easy,8,0.9
908,cross,5,100,100,A_real,0.0,neutral,6,0.88
909,cross,5,100,100,A_real,0.0,hard,7,0.89
910,cross,5,100,100,A_real,0.0,easy,1,0.86
911,cross,5,100,100,A_real,0.0,neutral,8,0.84
912,cross,5,100,100,A_real,0.0,hard,3,0.8
913,cross,5,100,100,A_real,0.0,easy,6,0.86
914,cross,5,100,100,A_real,0.0,neutral,0,0.91
915,cross,5,100,100,A_real,0.0,hard,9,0.89
916,cross,5,100,100,A_real,0.0,easy,1,0.89
917,cross,5,100,100,A_real,0.0,neutral,2,0.88
918,cross,5,100,100,A_real,0.0,hard,9,0.85
919,cross,5,100,100,A_real,0.0,easy,5,0.87
920,cross,5,300,300,A_real,0.0,easy,6,0.83
921,cross,5,300,300,A_real,0.0,neutral,3,0.8066666666666666
922,cross,5,300,300,A_real,0.0,hard,0,0.85
923,cross,5,300,300,A_real,0.0,easy,1,0.9133333333333333
924,cross,5,300,300,A_real,0.0,neutral,9,0.8733333333333333
925,cross,5,300,300,A_real,0.0,hard,9,0.87
926,cross,5,300,300,A_real,0.0,easy,1,0.9333333333333333
927,cross,5,300,300,A_real,0.0,neutral,7,0.8666666666666667
928,cross,5,300,300,A_real,0.0,hard,0,0.8466666666666667
929,cross,5,300,300,A_real,0.0,easy,5,0.9266666666666666
930,cross,5,300,300,A_real,0.0,neutral,5,0.9066666666666666
931,cross,5,300,300,A_real,0.0,hard,0,0.9
932,cross,5,300,300,A_real,0.0,easy,1,0.92
933,cross,5,300,300,A_real,0.0,neutral,7,0.8533333333333334
934,cross,5,300,300,A_real,0.0,hard,0,0.8233333333333334
935,cross,5,300,300,A_real,0.0,easy,2,0.8966666666666666
936,cross,5,300,300,A_real,0.0,neutral,3,0.7833333333333333
937,cross,5,300,300,A_real,0.0,hard,4,0.8666666666666667
938,cross,5,300,300,A_real,0.0,easy,5,0.8733333333333333
939,cross,5,300,300,A_real,0.0,neutral,8,0.9133333333333333
940,cross,5,300,300,A_real,0.0,hard,4,0.84
941,cross,5,300,300,A_real,0.0,easy,10,0.8833333333333333
942,cross,5,300,300,A_real,0.0,neutral,8,0.8966666666666666
943,cross,5,300,300,A_real,0.0,hard,3,0.7766666666666666
944,cross,5,300,300,A_real,0.0,easy,2,0.86
945,cross,5,300,300,A_real,0.0,neutral,3,0.7933333333333333
946,cross,5,300,300,A_real,0.0,hard,7,0.9
947,cross,5,300,300,A_real,0.0,easy,1,0.93
948,cross,5,300,300,A_real,0.0,neutral,3,0.84
949,cross,5,300,300,A_real,0.0,hard,9,0.87
950,cross,5,300,300,A_real,0.0,easy,1,0.92
951,cross,5,300,300,A_real,0.0,neutral,10,0.9066666666666666
952,cross,5,300,300,A_real,0.0,hard,4,0.8566666666666667
953,cross,5,300,300,A_real,0.0,easy,1,0.9066666666666666
954,cross,5,300,300,A_real,0.0,neutral,6,0.84
955,cross,5,300,300,A_real,0.0,hard,9,0.8733333333333333
956,cross,5,300,300,A_real,0.0,easy,2,0.85
957,cross,5,300,300,A_real,0.0,neutral,8,0.9
958,cross,5,300,300,A_real,0.0,hard,4,0.84
959,cross,5,300,300,A_real,0.0,easy,5,0.9333333333333333
960,diversified,1,30,30,A_real,0.0,easy,10,0.9333333333333333
961,diversified,1,30,30,A_real,0.0,neutral,2,0.9
962,diversified,1,30,30,A_real,0.0,hard,0,0.8666666666666667
963,diversified,1,30,30,A_real,0.0,easy,6,0.7
964,diversified,1,30,30,A_real,0.0,neutral,4,0.8
965,diversified,1,30,30,A_real,0.0,hard,0,0.8
966,diversified,1,30,30,A_real,0.0,easy,1,0.8666666666666667
967,diversified,1,30,30,A_real,0.0,neutral,2,0.9333333333333333
968,diversified,1,30,30,A_real,0.0,hard,9,0.8333333333333334
969,diversified,1,30,30,A_real,0.0,easy,5,0.8666666666666667
970,diversified,1,30,30,A_real,0.0,neutral,0,0.9
971,diversified,1,30,30,A_real,0.0,hard,0,0.8333333333333334
972,diversified,1,30,30,A_real,0.0,easy,1,0.9
973,diversified,1,30,30,A_real,0.0,neutral,0,0.9333333333333333
974,diversified,1,30,30,A_real,0.0,hard,0,0.9
975,diversified,1,30,30,A_real,0.0,easy,2,0.8666666666666667
976,diversified,1,30,30,A_real,0.0,neutral,4,0.8666666666666667
977,diversified,1,30,30,A_real,0.0,hard,4,0.9
978,diversified,1,30,30,A_real,0.0,easy,6,0.8666666666666667
979,diversified,1,30,30,A_real,0.0,neutral,1,0.8666666666666667
980,diversified,1,30,30,A_real,0.0,hard,3,0.7333333333333333
981,diversified,1,30,30,A_real,0.0,easy,2,0.8333333333333334
982,diversified,1,30,30,A_real,0.0,neutral,0,0.9333333333333333
983,diversified,1,30,30,A_real,0.0,hard,0,0.9333333333333333
984,diversified,1,30,30,A_real,0.0,easy,8,0.7333333333333333
985,diversified,1,30,30,A_real,0.0,neutral,0,0.9333333333333333
986,diversified,1,30,30,A_real,0.0,hard,7,0.9666666666666667
987,diversified,1,30,30,A_real,0.0,easy,1,0.9333333333333333
988,diversified,1,30,30,A_real,0.0,neutral,10,0.9333333333333333
989,diversified,1,30,30,A_real,0.0,hard,7,0.8
990,diversified,1,30,30,A_real,0.0,easy,8,0.9666666666666667
991,diversified,1,30,30,A_real,0.0,neutral,3,0.9666666666666667
992,diversified,1,30,30,A_real,0.0,hard,3,0.8666666666666667
993,diversified,1,30,30,A_real,0.0,easy,10,0.8333333333333334
994,diversified,1,30,30,A_real,0.0,neutral,3,0.8666666666666667
995,diversified,1,30,30,A_real,0.0,hard,9,0.8333333333333334
996,diversified,1,30,30,A_real,0.0,easy,5,0.9666666666666667
997,diversified,1,30,30,A_real,0.0,neutral,1,0.9
998,diversified,1,30,30,A_real,0.0,hard,7,0.8666666666666667
999,diversified,1,30,30,A_real,0.0,easy,8,0.8333333333333334
1000,diversified,1,100,100,A_real,0.0,easy,6,0.82
1001,diversified,1,100,100,A_real,0.0,neutral,4,0.77
1002,diversified,1,100,100,A_real,0.0,hard,0,0.84
1003,diversified,1,100,100,A_real,0.0,easy,5,0.88
1004,diversified,1,100,100,A_real,0.0,neutral,4,0.91
1005,diversified,1,100,100,A_real,0.0,hard,0,0.6
1006,diversified,1,100,100,A_real,0.0,easy,8,0.86
1007,diversified,1,100,100,A_real,0.0,neutral,10,0.94
1008,diversified,1,100,100,A_real,0.0,hard,7,0.93
1009,diversified,1,100,100,A_real,0.0,easy,10,0.91
1010,diversified,1,100,100,A_real,0.0,neutral,6,0.83
1011,diversified,1,100,100,A_real,0.0,hard,9,0.96
1012,diversified,1,100,100,A_real,0.0,easy,10,0.89
1013,diversified,1,100,100,A_real,0.0,neutral,6,0.93
1014,diversified,1,100,100,A_real,0.0,hard,0,0.86
1015,diversified,1,100,100,A_real,0.0,easy,1,0.91
1016,diversified,1,100,100,A_real,0.0,neutral,9,0.92
1017,diversified,1,100,100,A_real,0.0,hard,3,0.92
1018,diversified,1,100,100,A_real,0.0,easy,6,0.8
1019,diversified,1,100,100,A_real,0.0,neutral,2,0.9
1020,diversified,1,100,100,A_real,0.0,hard,9,0.91
1021,diversified,1,100,100,A_real,0.0,easy,5,0.88
1022,diversified,1,100,100,A_real,0.0,neutral,10,0.87
1023,diversified,1,100,100,A_real,0.0,hard,3,0.88
1024,diversified,1,100,100,A_real,0.0,easy,5,0.92
1025,diversified,1,100,100,A_real,0.0,neutral,3,0.79
1026,diversified,1,100,100,A_real,0.0,hard,9,0.93
1027,diversified,1,100,100,A_real,0.0,easy,8,0.82
1028,diversified,1,100,100,A_real,0.0,neutral,6,0.83
1029,diversified,1,100,100,A_real,0.0,hard,0,0.91
1030,diversified,1,100,100,A_real,0.0,easy,10,0.88
1031,diversified,1,100,100,A_real,0.0,neutral,5,0.8
1032,diversified,1,100,100,A_real,0.0,hard,0,0.86
1033,diversified,1,100,100,A_real,0.0,easy,2,0.9
1034,diversified,1,100,100,A_real,0.0,neutral,4,0.82
1035,diversified,1,100,100,A_real,0.0,hard,3,0.91
1036,diversified,1,100,100,A_real,0.0,easy,6,0.86
1037,diversified,1,100,100,A_real,0.0,neutral,5,0.82
1038,diversified,1,100,100,A_real,0.0,hard,3,0.94
1039,diversified,1,100,100,A_real,0.0,easy,5,0.93
1040,diversified,1,300,300,A_real,0.0,easy,1,0.9233333333333333
1041,diversified,1,300,300,A_real,0.0,neutral,4,0.85
1042,diversified,1,300,300,A_real,0.0,hard,7,0.8866666666666667
1043,diversified,1,300,300,A_real,0.0,easy,8,0.7766666666666666
1044,diversified,1,300,300,A_real,0.0,neutral,2,0.8966666666666666
1045,diversified,1,300,300,A_real,0.0,hard,3,0.8666666666666667
1046,diversified,1,300,300,A_real,0.0,easy,1,0.8366666666666667
1047,diversified,1,300,300,A_real,0.0,neutral,5,0.8466666666666667
1048,diversified,1,300,300,A_real,0.0,hard,9,0.86
1049,diversified,1,300,300,A_real,0.0,easy,5,0.9033333333333333
1050,diversified,1,300,300,A_real,0.0,neutral,7,0.9233333333333333
1051,diversified,1,300,300,A_real,0.0,hard,9,0.8766666666666667
1052,diversified,1,300,300,A_real,0.0,easy,6,0.8966666666666666
1053,diversified,1,300,300,A_real,0.0,neutral,1,0.8266666666666667
1054,diversified,1,300,300,A_real,0.0,hard,3,0.8866666666666667
1055,diversified,1,300,300,A_real,0.0,easy,5,0.8533333333333334
1056,diversified,1,300,300,A_real,0.0,neutral,7,0.85
1057,diversified,1,300,300,A_real,0.0,hard,0,0.93
1058,diversified,1,300,300,A_real,0.0,easy,2,0.91
1059,diversified,1,300,300,A_real,0.0,neutral,0,0.8633333333333333
1060,diversified,1,300,300,A_real,0.0,hard,0,0.8766666666666667
1061,diversified,1,300,300,A_real,0.0,easy,1,0.86
1062,diversified,1,300,300,A_real,0.0,neutral,10,0.8733333333333333
1063,diversified,1,300,300,A_real,0.0,hard,0,0.8866666666666667
1064,diversified,1,300,300,A_real,0.0,easy,6,0.8133333333333334
1065,diversified,1,300,300,A_real,0.0,neutral,3,0.8566666666666667
1066,diversified,1,300,300,A_real,0.0,hard,0,0.8766666666666667
1067,diversified,1,300,300,A_real,0.0,easy,2,0.8666666666666667
1068,diversified,1,300,300,A_real,0.0,neutral,6,0.9466666666666667
1069,diversified,1,300,300,A_real,0.0,hard,7,0.85
1070,diversified,1,300,300,A_real,0.0,easy,5,0.9266666666666666
1071,diversified,1,300,300,A_real,0.0,neutral,4,0.85
1072,diversified,1,300,300,A_real,0.0,hard,7,0.8933333333333333
1073,diversified,1,300,300,A_real,0.0,easy,6,0.9
1074,diversified,1,300,300,A_real,0.0,neutral,3,0.8066666666666666
1075,diversified,1,300,300,A_real,0.0,hard,0,0.8633333333333333
1076,diversified,1,300,300,A_real,0.0,easy,8,0.8933333333333333
1077,diversified,1,300,300,A_real,0.0,neutral,4,0.9033333333333333
1078,diversified,1,300,300,A_real,0.0,hard,4,0.8633333333333333
1079,diversified,1,300,300,A_real,0.0,easy,10,0.8733333333333333
1080,diversified,2,30,30,A_real,0.0,easy,5,0.8666666666666667
1081,diversified,2,30,30,A_real,0.0,neutral,2,0.8333333333333334
1082,diversified,2,30,30,A_real,0.0,hard,3,0.9333333333333333
1083,diversified,2,30,30,A_real,0.0,easy,8,0.8
1084,diversified,2,30,30,A_real,0.0,neutral,5,0.8333333333333334
1085,diversified,2,30,30,A_real,0.0,hard,3,0.8333333333333334
1086,diversified,2,30,30,A_real,0.0,easy,1,0.9333333333333333
1087,diversified,2,30,30,A_real,0.0,neutral,5,0.9
1088,diversified,2,30,30,A_real,0.0,hard,3,0.8666666666666667
1089,diversified,2,30,30,A_real,0.0,easy,8,0.9333333333333333
1090,diversified,2,30,30,A_real,0.0,neutral,4,0.8
1091,diversified,2,30,30,A_real,0.0,hard,4,0.8333333333333334
1092,diversified,2,30,30,A_real,0.0,easy,10,0.8333333333333334
1093,diversified,2,30,30,A_real,0.0,neutral,4,0.7666666666666667
1094,diversified,2,30,30,A_real,0.0,hard,4,0.8
1095,diversified,2,30,30,A_real,0.0,easy,1,0.8666666666666667
1096,diversified,2,30,30,A_real,0.0,neutral,0,0.8666666666666667
1097,diversified,2,30,30,A_real,0.0,hard,0,0.8666666666666667
1098,diversified,2,30,30,A_real,0.0,easy,1,0.8
1099,diversified,2,30,30,A_real,0.0,neutral,8,0.9
1100,diversified,2,30,30,A_real,0.0,hard,7,0.8
1101,diversified,2,30,30,A_real,0.0,easy,1,0.9333333333333333
1102,diversified,2,30,30,A_real,0.0,neutral,0,0.8
1103,diversified,2,30,30,A_real,0.0,hard,7,0.9333333333333333
1104,diversified,2,30,30,A_real,0.0,easy,2,0.9
1105,diversified,2,30,30,A_real,0.0,neutral,7,0.9333333333333333
1106,diversified,2,30,30,A_real,0.0,hard,7,0.8333333333333334
1107,diversified,2,30,30,A_real,0.0,easy,5,0.8
1108,diversified,2,30,30,A_real,0.0,neutral,8,0.7666666666666667
1109,diversified,2,30,30,A_real,0.0,hard,4,0.8666666666666667
1110,diversified,2,30,30,A_real,0.0,easy,5,0.9666666666666667
1111,diversified,2,30,30,A_real,0.0,neutral,0,0.8333333333333334
1112,diversified,2,30,30,A_real,0.0,hard,4,0.9333333333333333
1113,diversified,2,30,30,A_real,0.0,easy,1,0.9
1114,diversified,2,30,30,A_real,0.0,neutral,8,0.8
1115,diversified,2,30,30,A_real,0.0,hard,3,0.9333333333333333
1116,diversified,2,30,30,A_real,0.0,easy,1,0.9333333333333333
1117,diversified,2,30,30,A_real,0.0,neutral,7,0.8333333333333334
1118,diversified,2,30,30,A_real,0.0,hard,7,0.9
1119,diversified,2,30,30,A_real,0.0,easy,10,0.9666666666666667
1120,diversified,2,100,100,A_real,0.0,easy,8,0.89
1121,diversified,2,100,100,A_real,0.0,neutral,10,0.91
1122,diversified,2,100,100,A_real,0.0,hard,3,0.89
1123,diversified,2,100,100,A_real,0.0,easy,6,0.88
1124,diversified,2,100,100,A_real,0.0,neutral,9,0.87
1125,diversified,2,100,100,A_real,0.0,hard,3,0.81
1126,diversified,2,100,100,A_real,0.0,easy,1,0.89
1127,diversified,2,100,100,A_real,0.0,neutral,1,0.89
1128,diversified,2,100,100,A_real,0.0,hard,0,0.88
1129,diversified,2,100,100,A_real,0.0,easy,1,0.93
1130,diversified,2,100,100,A_real,0.0,neutral,4,0.88
1131,diversified,2,100,100,A_real,0.0,hard,0,0.89
1132,diversified,2,100,100,A_real,0.0,easy,2,0.93
1133,diversified,2,100,100,A_real,0.0,neutral,2,0.88
1134,diversified,2,100,100,A_real,0.0,hard,3,0.85
1135,diversified,2,100,100,A_real,0.0,easy,10,0.92
1136,diversified,2,100,100,A_real,0.0,neutral,7,0.87
1137,diversified,2,100,100,A_real,0.0,hard,4,0.93
1138,diversified,2,100,100,A_real,0.0,easy,8,0.93
1139,diversified,2,100,100,A_real,0.0,neutral,5,0.98
1140,diversified,2,100,100,A_real,0.0,hard,3,0.89
1141,diversified,2,100,100,A_real,0.0,easy,8,0.85
1142,diversified,2,100,100,A_real,0.0,neutral,2,0.83
1143,diversified,2,100,100,A_real,0.0,hard,7,0.92
1144,diversified,2,100,100,A_real,0.0,easy,5,0.86
1145,diversified,2,100,100,A_real,0.0,neutral,3,0.81
1146,diversified,2,100,100,A_real,0.0,hard,7,0.89
1147,diversified,2,100,100,A_real,0.0,easy,6,0.83
1148,diversified,2,100,100,A_real,0.0,neutral,2,0.87
1149,diversified,2,100,100,A_real,0.0,hard,7,0.81
1150,diversified,2,100,100,A_real,0.0,easy,5,0.9
1151,diversified,2,100,100,A_real,0.0,neutral,10,0.83
1152,diversified,2,100,100,A_real,0.0,hard,4,0.92
1153,diversified,2,100,100,A_real,0.0,easy,5,0.89
1154,diversified,2,100,100,A_real,0.0,neutral,4,0.9
1155,diversified,2,100,100,A_real,0.0,hard,0,0.86
1156,diversified,2,100,100,A_real,0.0,easy,5,0.85
1157,diversified,2,100,100,A_real,0.0,neutral,8,0.8
1158,diversified,2,100,100,A_real,0.0,hard,0,0.9
1159,diversified,2,100,100,A_real,0.0,easy,5,0.89
1160,diversified,2,300,300,A_real,0.0,easy,1,0.93
1161,diversified,2,300,300,A_real,0.0,neutral,2,0.8666666666666667
1162,diversified,2,300,300,A_real,0.0,hard,7,0.85
1163,diversified,2,300,300,A_real,0.0,easy,6,0.8833333333333333
1164,diversified,2,300,300,A_real,0.0,neutral,8,0.8633333333333333
1165,diversified,2,300,300,A_real,0.0,hard,9,0.9066666666666666
1166,diversified,2,300,300,A_real,0.0,easy,10,0.88
1167,diversified,2,300,300,A_real,0.0,neutral,2,0.86
1168,diversified,2,300,300,A_real,0.0,hard,4,0.8633333333333333
1169,diversified,2,300,300,A_real,0.0,easy,10,0.9066666666666666
1170,diversified,2,300,300,A_real,0.0,neutral,5,0.88
1171,diversified,2,300,300,A_real,0.0,hard,7,0.91
1172,diversified,2,300,300,A_real,0.0,easy,6,0.9366666666666666
1173,diversified,2,300,300,A_real,0.0,neutral,6,0.8666666666666667
1174,diversified,2,300,300,A_real,0.0,hard,4,0.8766666666666667
1175,diversified,2,300,300,A_real,0.0,easy,5,0.85
1176,diversified,2,300,300,A_real,0.0,neutral,0,0.8866666666666667
1177,diversified,2,300,300,A_real,0.0,hard,9,0.8866666666666667
1178,diversified,2,300,300,A_real,0.0,easy,2,0.8966666666666666
1179,diversified,2,300,300,A_real,0.0,neutral,0,0.87
1180,diversified,2,300,300,A_real,0.0,hard,4,0.8933333333333333
1181,diversified,2,300,300,A_real,0.0,easy,2,0.8733333333333333
1182,diversified,2,300,300,A_real,0.0,neutral,4,0.85
1183,diversified,2,300,300,A_real,0.0,hard,0,0.84
1184,diversified,2,300,300,A_real,0.0,easy,6,0.89
1185,diversified,2,300,300,A_real,0.0,neutral,4,0.89
1186,diversified,2,300,300,A_real,0.0,hard,4,0.9066666666666666
1187,diversified,2,300,300,A_real,0.0,easy,5,0.93
1188,diversified,2,300,300,A_real,0.0,neutral,5,0.9
1189,diversified,2,300,300,A_real,0.0,hard,4,0.8966666666666666
1190,diversified,2,300,300,A_real,0.0,easy,5,0.9033333333333333
1191,diversified,2,300,300,A_real,0.0,neutral,1,0.8433333333333334
1192,diversified,2,300,300,A_real,0.0,hard,7,0.82
1193,diversified,2,300,300,A_real,0.0,easy,5,0.8333333333333334
1194,diversified,2,300,300,A_real,0.0,neutral,10,0.8866666666666667
1195,diversified,2,300,300,A_real,0.0,hard,9,0.8733333333333333
1196,diversified,2,300,300,A_real,0.0,easy,2,0.8766666666666667
1197,diversified,2,300,300,A_real,0.0,neutral,8,0.9033333333333333
1198,diversified,2,300,300,A_real,0.0,hard,3,0.8433333333333334
1199,diversified,2,300,300,A_real,0.0,easy,5,0.9133333333333333
1200,diversified,3,30,30,A_real,0.0,easy,8,0.7666666666666667
1201,diversified,3,30,30,A_real,0.0,neutral,8,1.0
1202,diversified,3,30,30,A_real,0.0,hard,7,0.7666666666666667
1203,diversified,3,30,30,A_real,0.0,easy,8,0.9
1204,diversified,3,30,30,A_real,0.0,neutral,10,0.9666666666666667
1205,diversified,3,30,30,A_real,0.0,hard,0,0.9666666666666667
1206,diversified,3,30,30,A_real,0.0,easy,1,0.8
1207,diversified,3,30,30,A_real,0.0,neutral,9,0.8
1208,diversified,3,30,30,A_real,0.0,hard,0,0.9333333333333333
1209,diversified,3,30,30,A_real,0.0,easy,5,0.9333333333333333
1210,diversified,3,30,30,A_real,0.0,neutral,3,0.8333333333333334
1211,diversified,3,30,30,A_real,0.0,hard,4,0.8666666666666667
1212,diversified,3,30,30,A_real,0.0,easy,5,0.9
1213,diversified,3,30,30,A_real,0.0,neutral,9,0.7333333333333333
1214,diversified,3,30,30,A_real,0.0,hard,4,0.9666666666666667
1215,diversified,3,30,30,A_real,0.0,easy,10,0.9
1216,diversified,3,30,30,A_real,0.0,neutral,7,0.8666666666666667
1217,diversified,3,30,30,A_real,0.0,hard,7,0.8333333333333334
1218,diversified,3,30,30,A_real,0.0,easy,6,0.8
1219,diversified,3,30,30,A_real,0.0,neutral,9,0.9
1220,diversified,3,30,30,A_real,0.0,hard,3,0.8
1221,diversified,3,30,30,A_real,0.0,easy,10,0.8333333333333334
1222,diversified,3,30,30,A_real,0.0,neutral,9,0.9
1223,diversified,3,30,30,A_real,0.0,hard,0,0.7666666666666667
1224,diversified,3,30,30,A_real,0.0,easy,2,0.8333333333333334
1225,diversified,3,30,30,A_real,0.0,neutral,1,0.9666666666666667
1226,diversified,3,30,30,A_real,0.0,hard,3,0.8
1227,diversified,3,30,30,A_real,0.0,easy,10,0.8333333333333334
1228,diversified,3,30,30,A_real,0.0,neutral,4,0.8666666666666667
1229,diversified,3,30,30,A_real,0.0,hard,3,0.8333333333333334
1230,diversified,3,30,30,A_real,0.0,easy,5,0.8333333333333334
1231,diversified,3,30,30,A_real,0.0,neutral,2,0.9333333333333333
1232,diversified,3,30,30,A_real,0.0,hard,3,0.8333333333333334
1233,diversified,3,30,30,A_real,0.0,easy,8,0.8666666666666667
1234,diversified,3,30,30,A_real,0.0,neutral,10,0.8666666666666667
1235,diversified,3,30,30,A_real,0.0,hard,0,0.8
1236,diversified,3,30,30,A_real,0.0,easy,5,0.9
1237,diversified,3,30,30,A_real,0.0,neutral,10,0.8666666666666667
1238,diversified,3,30,30,A_real,0.0,hard,4,0.9
1239,diversified,3,30,30,A_real,0.0,easy,6,0.9
1240,diversified,3,100,99,A_real,0.0,easy,10,0.8686868686868687
1241,diversified,3,100,99,A_real,0.0,neutral,5,0.8585858585858586
1242,diversified,3,100,99,A_real,0.0,hard,0,0.9191919191919192
1243,diversified,3,100,99,A_real,0.0,easy,2,0.898989898989899
1244,diversified,3,100,99,A_real,0.0,neutral,0,0.9292929292929293
1245,diversified,3,100,99,A_real,0.0,hard,9,0.797979797979798
1246,diversified,3,100,99,A_real,0.0,easy,6,0.8787878787878788
1247,diversified,3,100,99,A_real,0.0,neutral,1,0.8686868686868687
1248,diversified,3,100,99,A_real,0.0,hard,9,0.8282828282828283
1249,diversified,3,100,99,A_real,0.0,easy,2,0.898989898989899
1250,diversified,3,100,99,A_real,0.0,neutral,0,0.8181818181818182
1251,diversified,3,100,99,A_real,0.0,hard,9,0.898989898989899
1252,diversified,3,100,99,A_real,0.0,easy,6,0.9595959595959596
1253,diversified,3,100,99,A_real,0.0,neutral,5,0.9090909090909091
1254,diversified,3,100,99,A_real,0.0,hard,9,0.8484848484848485
1255,diversified,3,100,99,A_real,0.0,easy,10,0.8585858585858586
1256,diversified,3,100,99,A_real,0.0,neutral,4,0.8686868686868687
1257,diversified,3,100,99,A_real,0.0,hard,7,0.9191919191919192
1258,diversified,3,100,99,A_real,0.0,easy,5,0.9191919191919192
1259,diversified,3,100,99,A_real,0.0,neutral,0,0.9090909090909091
1260,diversified,3,100,99,A_real,0.0,hard,3,0.9191919191919192
1261,diversified,3,100,99,A_real,0.0,easy,8,0.8787878787878788
1262,diversified,3,100,99,A_real,0.0,neutral,8,0.8686868686868687
1263,diversified,3,100,99,A_real,0.0,hard,3,0.8585858585858586
1264,diversified,3,100,99,A_real,0.0,easy,1,0.9090909090909091
1265,diversified,3,100,99,A_real,0.0,neutral,7,0.8282828282828283
1266,diversified,3,100,99,A_real,0.0,hard,3,0.9393939393939394
1267,diversified,3,100,99,A_real,0.0,easy,5,0.8585858585858586
1268,diversified,3,100,99,A_real,0.0,neutral,7,0.8888888888888888
1269,diversified,3,100,99,A_real,0.0,hard,7,0.8585858585858586
1270,diversified,3,100,99,A_real,0.0,easy,5,0.8686868686868687
1271,diversified,3,100,99,A_real,0.0,neutral,0,0.898989898989899
1272,diversified,3,100,99,A_real,0.0,hard,4,0.8787878787878788
1273,diversified,3,100,99,A_real,0.0,easy,2,0.8787878787878788
1274,diversified,3,100,99,A_real,0.0,neutral,1,0.8383838383838383
1275,diversified,3,100,99,A_real,0.0,hard,9,0.8484848484848485
1276,diversified,3,100,99,A_real,0.0,easy,8,0.9090909090909091
1277,diversified,3,100,99,A_real,0.0,neutral,2,0.9393939393939394
1278,diversified,3,100,99,A_real,0.0,hard,4,0.8383838383838383
1279,diversified,3,100,99,A_real,0.0,easy,6,0.8585858585858586
1280,diversified,3,300,300,A_real,0.0,easy,6,0.8766666666666667
1281,diversified,3,300,300,A_real,0.0,neutral,6,0.8933333333333333
1282,diversified,3,300,300,A_real,0.0,hard,4,0.8433333333333334
1283,diversified,3,300,300,A_real,0.0,easy,10,0.89
1284,diversified,3,300,300,A_real,0.0,neutral,9,0.8266666666666667
1285,diversified,3,300,300,A_real,0.0,hard,9,0.9
1286,diversified,3,300,300,A_real,0.0,easy,1,0.9
1287,diversified,3,300,300,A_real,0.0,neutral,9,0.8133333333333334
1288,diversified,3,300,300,A_real,0.0,hard,4,0.87
1289,diversified,3,300,300,A_real,0.0,easy,10,0.89
1290,diversified,3,300,300,A_real,0.0,neutral,5,0.9066666666666666
1291,diversified,3,300,300,A_real,0.0,hard,0,0.8666666666666667
1292,diversified,3,300,300,A_real,0.0,easy,2,0.86
1293,diversified,3,300,300,A_real,0.0,neutral,10,0.9266666666666666
1294,diversified,3,300,300,A_real,0.0,hard,9,0.8933333333333333
1295,diversified,3,300,300,A_real,0.0,easy,10,0.8733333333333333
1296,diversified,3,300,300,A_real,0.0,neutral,4,0.83
1297,diversified,3,300,300,A_real,0.0,hard,7,0.8666666666666667
1298,diversified,3,300,300,A_real,0.0,easy,6,0.87
1299,diversified,3,300,300,A_real,0.0,neutral,8,0.9133333333333333
1300,diversified,3,300,300,A_real,0.0,hard,9,0.8833333333333333
1301,diversified,3,300,300,A_real,0.0,easy,10,0.8966666666666666
1302,diversified,3,300,300,A_real,0.0,neutral,4,0.8766666666666667
1303,diversified,3,300,300,A_real,0.0,hard,3,0.8266666666666667
1304,diversified,3,300,300,A_real,0.0,easy,6,0.8933333333333333
1305,diversified,3,300,300,A_real,0.0,neutral,5,0.8733333333333333
1306,diversified,3,300,300,A_real,0.0,hard,9,0.8866666666666667
1307,diversified,3,300,300,A_real,0.0,easy,10,0.9133333333333333
1308,diversified,3,300,300,A_real,0.0,neutral,6,0.8833333333333333
1309,diversified,3,300,300,A_real,0.0,hard,4,0.83
1310,diversified,3,300,300,A_real,0.0,easy,8,0.9033333333333333
1311,diversified,3,300,300,A_real,0.0,neutral,5,0.88
1312,diversified,3,300,300,A_real,0.0,hard,9,0.9266666666666666
1313,diversified,3,300,300,A_real,0.0,easy,2,0.8733333333333333
1314,diversified,3,300,300,A_real,0.0,neutral,8,0.8666666666666667
1315,diversified,3,300,300,A_real,0.0,hard,7,0.9266666666666666
1316,diversified,3,300,300,A_real,0.0,easy,8,0.7966666666666666
1317,diversified,3,300,300,A_real,0.0,neutral,5,0.8733333333333333
1318,diversified,3,300,300,A_real,0.0,hard,7,0.85
1319,diversified,3,300,300,A_real,0.0,easy,10,0.9066666666666666
1320,diversified,5,30,30,A_real,0.0,easy,8,0.7666666666666667
1321,diversified,5,30,30,A_real,0.0,neutral,8,0.9666666666666667
1322,diversified,5,30,30,A_real,0.0,hard,4,0.8666666666666667
1323,diversified,5,30,30,A_real,0.0,easy,5,0.7666666666666667
1324,diversified,5,30,30,A_real,0.0,neutral,7,0.8
1325,diversified,5,30,30,A_real,0.0,hard,4,0.8666666666666667
1326,diversified,5,30,30,A_real,0.0,easy,6,0.8666666666666667
1327,diversified,5,30,30,A_real,0.0,neutral,3,0.8
1328,diversified,5,30,30,A_real,0.0,hard,7,0.9333333333333333
1329,diversified,5,30,30,A_real,0.0,easy,8,0.8666666666666667
1330,diversified,5,30,30,A_real,0.0,neutral,6,0.9
1331,diversified,5,30,30,A_real,0.0,hard,3,0.8333333333333334
1332,diversified,5,30,30,A_real,0.0,easy,2,0.9
1333,diversified,5,30,30,A_real,0.0,neutral,1,0.9
1334,diversified,5,30,30,A_real,0.0,hard,3,0.9333333333333333
1335,diversified,5,30,30,A_real,0.0,easy,6,0.9
1336,diversified,5,30,30,A_real,0.0,neutral,0,0.8666666666666667
1337,diversified,5,30,30,A_real,0.0,hard,9,0.9
1338,diversified,5,30,30,A_real,0.0,easy,8,0.9333333333333333
1339,diversified,5,30,30,A_real,0.0,neutral,0,0.7666666666666667
1340,diversified,5,30,30,A_real,0.0,hard,9,0.9333333333333333
1341,diversified,5,30,30,A_real,0.0,easy,1,0.9
1342,diversified,5,30,30,A_real,0.0,neutral,1,0.9
1343,diversified,5,30,30,A_real,0.0,hard,7,0.8333333333333334
1344,diversified,5,30,30,A_real,0.0,easy,5,0.8333333333333334
1345,diversified,5,30,30,A_real,0.0,neutral,5,0.8333333333333334
1346,diversified,5,30,30,A_real,0.0,hard,4,0.8666666666666667
1347,diversified,5,30,30,A_real,0.0,easy,5,0.7333333333333333
1348,diversified,5,30,30,A_real,0.0,neutral,0,0.9666666666666667
1349,diversified,5,30,30,A_real,0.0,hard,0,0.8
1350,diversified,5,30,30,A_real,0.0,easy,5,0.7666666666666667
1351,diversified,5,30,30,A_real,0.0,neutral,7,0.8333333333333334
1352,diversified,5,30,30,A_real,0.0,hard,3,0.9666666666666667
1353,diversified,5,30,30,A_real,0.0,easy,5,0.8
1354,diversified,5,30,30,A_real,0.0,neutral,8,0.8333333333333334
1355,diversified,5,30,30,A_real,0.0,hard,9,0.8666666666666667
1356,diversified,5,30,30,A_real,0.0,easy,6,0.8666666666666667
1357,diversified,5,30,30,A_real,0.0,neutral,10,0.9
1358,diversified,5,30,30,A_real,0.0,hard,9,0.8
1359,diversified,5,30,30,A_real,0.0,easy,10,0.8666666666666667
1360,diversified,5,100,100,A_real,0.0,easy,1,0.84
1361,diversified,5,100,100,A_real,0.0,neutral,0,0.91
1362,diversified,5,100,100,A_real,0.0,hard,7,0.82
1363,diversified,5,100,100,A_real,0.0,easy,8,0.86
1364,diversified,5,100,100,A_real,0.0,neutral,4,0.87
1365,diversified,5,100,100,A_real,0.0,hard,7,0.82
1366,diversified,5,100,100,A_real,0.0,easy,1,0.9
1367,diversified,5,100,100,A_real,0.0,neutral,0,0.86
1368,diversified,5,100,100,A_real,0.0,hard,7,0.81
1369,diversified,5,100,100,A_real,0.0,easy,10,0.89
1370,diversified,5,100,100,A_real,0.0,neutral,8,0.84
1371,diversified,5,100,100,A_real,0.0,hard,3,0.91
1372,diversified,5,100,100,A_real,0.0,easy,10,0.86
1373,diversified,5,100,100,A_real,0.0,neutral,3,0.88
1374,diversified,5,100,100,A_real,0.0,hard,9,0.86
1375,diversified,5,100,100,A_real,0.0,easy,6,0.89
1376,diversified,5,100,100,A_real,0.0,neutral,10,0.87
1377,diversified,5,100,100,A_real,0.0,hard,4,0.87
1378,diversified,5,100,100,A_real,0.0,easy,10,0.84
1379,diversified,5,100,100,A_real,0.0,neutral,3,0.95
1380,diversified,5,100,100,A_real,0.0,hard,4,0.84
1381,diversified,5,100,100,A_real,0.0,easy,2,0.85
1382,diversified,5,100,100,A_real,0.0,neutral,4,0.89
1383,diversified,5,100,100,A_real,0.0,hard,4,0.87
1384,diversified,5,100,100,A_real,0.0,easy,2,0.83
1385,diversified,5,100,100,A_real,0.0,neutral,9,0.84
1386,diversified,5,100,100,A_real,0.0,hard,0,0.9
1387,diversified,5,100,100,A_real,0.0,easy,8,0.89
1388,diversified,5,100,100,A_real,0.0,neutral,4,0.9
1389,diversified,5,100,100,A_real,0.0,hard,4,0.87
1390,diversified,5,100,100,A_real,0.0,easy,8,0.88
1391,diversified,5,100,100,A_real,0.0,neutral,2,0.85
1392,diversified,5,100,100,A_real,0.0,hard,7,0.88
1393,diversified,5,100,100,A_real,0.0,easy,6,0.89
1394,diversified,5,100,100,A_real,0.0,neutral,0,0.83
1395,diversified,5,100,100,A_real,0.0,hard,4,0.83
1396,diversified,5,100,100,A_real,0.0,easy,6,0.92
1397,diversified,5,100,100,A_real,0.0,neutral,5,0.93
1398,diversified,5,100,100,A_real,0.0,hard,0,0.8
1399,diversified,5,100,100,A_real,0.0,easy,6,0.84
1400,diversified,5,300,300,A_real,0.0,easy,1,0.9366666666666666
1401,diversified,5,300,300,A_real,0.0,neutral,7,0.9
1402,diversified,5,300,300,A_real,0.0,hard,0,0.8933333333333333
1403,diversified,5,300,300,A_real,0.0,easy,8,0.8566666666666667
1404,diversified,5,300,300,A_real,0.0,neutral,2,0.8633333333333333
1405,diversified,5,300,300,A_real,0.0,hard,3,0.87
1406,diversified,5,300,300,A_real,0.0,easy,1,0.8933333333333333
1407,diversified,5,300,300,A_real,0.0,neutral,8,0.8733333333333333
1408,diversified,5,300,300,A_real,0.0,hard,9,0.85
1409,diversified,5,300,300,A_real,0.0,easy,6,0.8733333333333333
1410,diversified,5,300,300,A_real,0.0,neutral,4,0.8766666666666667
1411,diversified,5,300,300,A_real,0.0,hard,9,0.8466666666666667
1412,diversified,5,300,300,A_real,0.0,easy,8,0.91
1413,diversified,5,300,300,A_real,0.0,neutral,9,0.8533333333333334
1414,diversified,5,300,300,A_real,0.0,hard,9,0.8533333333333334
1415,diversified,5,300,300,A_real,0.0,easy,2,0.9066666666666666
1416,diversified,5,300,300,A_real,0.0,neutral,1,0.9066666666666666
1417,diversified,5,300,300,A_real,0.0,hard,4,0.8633333333333333
1418,diversified,5,300,300,A_real,0.0,easy,2,0.86
1419,diversified,5,300,300,A_real,0.0,neutral,8,0.8966666666666666
1420,diversified,5,300,300,A_real,0.0,hard,0,0.8866666666666667
1421,diversified,5,300,300,A_real,0.0,easy,8,0.88
1422,diversified,5,300,300,A_real,0.0,neutral,7,0.91
1423,diversified,5,300,300,A_real,0.0,hard,0,0.87
1424,diversified,5,300,300,A_real,0.0,easy,1,0.8633333333333333
1425,diversified,5,300,300,A_real,0.0,neutral,10,0.8733333333333333
1426,diversified,5,300,300,A_real,0.0,hard,0,0.8566666666666667
1427,diversified,5,300,300,A_real,0.0,easy,6,0.9233333333333333
1428,diversified,5,300,300,A_real,0.0,neutral,0,0.89
1429,diversified,5,300,300,A_real,0.0,hard,0,0.89
1430,diversified,5,300,300,A_real,0.0,easy,10,0.8966666666666666
1431,diversified,5,300,300,A_real,0.0,neutral,0,0.8666666666666667
1432,diversified,5,300,300,A_real,0.0,hard,3,0.8433333333333334
1433,diversified,5,300,300,A_real,0.0,easy,2,0.9066666666666666
1434,diversified,5,300,300,A_real,0.0,neutral,4,0.83
1435,diversified,5,300,300,A_real,0.0,hard,3,0.8566666666666667
1436,diversified,5,300,300,A_real,0.0,easy,8,0.8733333333333333
1437,diversified,5,300,300,A_real,0.0,neutral,8,0.8666666666666667
1438,diversified,5,300,300,A_real,0.0,hard,0,0.91
1439,diversified,5,300,300,A_real,0.0,easy,6,0.84
1440,focused,1,30,30,B_noise,0.15,easy,1,0.8333333333333334
1441,focused,1,30,30,B_noise,0.15,neutral,4,0.7333333333333333
1442,focused,1,30,30,B_noise,0.15,hard,9,0.8333333333333334
1443,focused,1,30,30,B_noise,0.15,easy,10,0.8333333333333334
1444,focused,1,30,30,B_noise,0.15,neutral,1,0.7
1445,focused,1,30,30,B_noise,0.15,hard,3,0.6333333333333333
1446,focused,1,30,30,B_noise,0.15,easy,5,0.9
1447,focused,1,30,30,B_noise,0.15,neutral,0,0.6333333333333333
1448,focused,1,30,30,B_noise,0.15,hard,7,0.7333333333333333
1449,focused,1,30,30,B_noise,0.15,easy,8,0.8
1450,focused,1,30,30,B_noise,0.15,neutral,5,0.7666666666666667
1451,focused,1,30,30,B_noise,0.15,hard,4,0.6666666666666666
1452,focused,1,30,30,B_noise,0.15,easy,6,0.7333333333333333
1453,focused,1,30,30,B_noise,0.15,neutral,6,0.7333333333333333
1454,focused,1,30,30,B_noise,0.15,hard,7,0.7
1455,focused,1,30,30,B_noise,0.15,easy,6,0.7333333333333333
1456,focused,1,30,30,B_noise,0.15,neutral,8,0.8
1457,focused,1,30,30,B_noise,0.15,hard,4,0.6666666666666666
1458,focused,1,30,30,B_noise,0.15,easy,2,0.9333333333333333
1459,focused,1,30,30,B_noise,0.15,neutral,9,0.7333333333333333
1460,focused,1,30,30,B_noise,0.15,hard,7,0.8666666666666667
1461,focused,1,30,30,B_noise,0.15,easy,1,0.6666666666666666
1462,focused,1,30,30,B_noise,0.15,neutral,8,0.6666666666666666
1463,focused,1,30,30,B_noise,0.15,hard,3,0.6666666666666666
1464,focused,1,30,30,B_noise,0.15,easy,8,0.7333333333333333
1465,focused,1,30,30,B_noise,0.15,neutral,0,0.8
1466,focused,1,30,30,B_noise,0.15,hard,7,0.7
1467,focused,1,30,30,B_noise,0.15,easy,5,0.8333333333333334
1468,focused,1,30,30,B_noise,0.15,neutral,2,1.0
1469,focused,1,30,30,B_noise,0.15,hard,0,0.6666666666666666
1470,focused,1,30,30,B_noise,0.15,easy,10,0.9
1471,focused,1,30,30,B_noise,0.15,neutral,5,0.8333333333333334
1472,focused,1,30,30,B_noise,0.15,hard,0,0.8333333333333334
1473,focused,1,30,30,B_noise,0.15,easy,8,0.8
1474,focused,1,30,30,B_noise,0.15,neutral,3,0.6333333333333333
1475,focused,1,30,30,B_noise,0.15,hard,9,0.7333333333333333
1476,focused,1,30,30,B_noise,0.15,easy,8,0.7333333333333333
1477,focused,1,30,30,B_noise,0.15,neutral,3,0.6666666666666666
1478,focused,1,30,30,B_noise,0.15,hard,7,0.8
1479,focused,1,30,30,B_noise,0.15,easy,6,0.7666666666666667
1480,focused,1,100,100,B_noise,0.15,easy,6,0.72
1481,focused,1,100,100,B_noise,0.15,neutral,8,0.87
1482,focused,1,100,100,B_noise,0.15,hard,3,0.57
1483,focused,1,100,100,B_noise,0.15,easy,8,0.8
1484,focused,1,100,100,B_noise,0.15,neutral,10,0.84
1485,focused,1,100,100,B_noise,0.15,hard,9,0.73
1486,focused,1,100,100,B_noise,0.15,easy,8,0.78
1487,focused,1,100,100,B_noise,0.15,neutral,0,0.67
1488,focused,1,100,100,B_noise,0.15,hard,7,0.71
1489,focused,1,100,100,B_noise,0.15,easy,8,0.78
1490,focused,1,100,100,B_noise,0.15,neutral,4,0.81
1491,focused,1,100,100,B_noise,0.15,hard,3,0.62
1492,focused,1,100,100,B_noise,0.15,easy,2,0.71
1493,focused,1,100,100,B_noise,0.15,neutral,6,0.82
1494,focused,1,100,100,B_noise,0.15,hard,0,0.7
1495,focused,1,100,100,B_noise,0.15,easy,5,0.86
1496,focused,1,100,100,B_noise,0.15,neutral,5,0.81
1497,focused,1,100,100,B_noise,0.15,hard,7,0.7
1498,focused,1,100,100,B_noise,0.15,easy,10,0.86
1499,focused,1,100,100,B_noise,0.15,neutral,9,0.78
1500,focused,1,100,100,B_noise,0.15,hard,4,0.64
1501,focused,1,100,100,B_noise,0.15,easy,2,0.76
1502,focused,1,100,100,B_noise,0.15,neutral,1,0.79
1503,focused,1,100,100,B_noise,0.15,hard,4,0.72
1504,focused,1,100,100,B_noise,0.15,easy,6,0.78
1505,focused,1,100,100,B_noise,0.15,neutral,4,0.67
1506,focused,1,100,100,B_noise,0.15,hard,7,0.72
1507,focused,1,100,100,B_noise,0.15,easy,2,0.8
1508,focused,1,100,100,B_noise,0.15,neutral,6,0.78
1509,focused,1,100,100,B_noise,0.15,hard,0,0.71
1510,focused,1,100,100,B_noise,0.15,easy,2,0.76
1511,focused,1,100,100,B_noise,0.15,neutral,5,0.78
1512,focused,1,100,100,B_noise,0.15,hard,4,0.67
1513,focused,1,100,100,B_noise,0.15,easy,2,0.7
1514,focused,1,100,100,B_noise,0.15,neutral,4,0.69
1515,focused,1,100,100,B_noise,0.15,hard,0,0.67
1516,focused,1,100,100,B_noise,0.15,easy,5,0.84
1517,focused,1,100,100,B_noise,0.15,neutral,0,0.77
1518,focused,1,100,100,B_noise,0.15,hard,0,0.72
1519,focused,1,100,100,B_noise,0.15,easy,10,0.81
1520,focused,1,300,300,B_noise,0.15,easy,5,0.8566666666666667
1521,focused,1,300,300,B_noise,0.15,neutral,5,0.8066666666666666
1522,focused,1,300,300,B_noise,0.15,hard,9,0.7933333333333333
1523,focused,1,300,300,B_noise,0.15,easy,10,0.82
1524,focused,1,300,300,B_noise,0.15,neutral,8,0.7733333333333333
1525,focused,1,300,300,B_noise,0.15,hard,3,0.68
1526,focused,1,300,300,B_noise,0.15,easy,1,0.83
1527,focused,1,300,300,B_noise,0.15,neutral,5,0.82
1528,focused,1,300,300,B_noise,0.15,hard,4,0.7
1529,focused,1,300,300,B_noise,0.15,easy,2,0.7466666666666667
1530,focused,1,300,300,B_noise,0.15,neutral,8,0.7833333333333333
1531,focused,1,300,300,B_noise,0.15,hard,4,0.6566666666666666
1532,focused,1,300,300,B_noise,0.15,easy,6,0.7133333333333334
1533,focused,1,300,300,B_noise,0.15,neutral,9,0.7866666666666666
1534,focused,1,300,300,B_noise,0.15,hard,9,0.8033333333333333
1535,focused,1,300,300,B_noise,0.15,easy,6,0.7833333333333333
1536,focused,1,300,300,B_noise,0.15,neutral,8,0.7966666666666666
1537,focused,1,300,300,B_noise,0.15,hard,0,0.7466666666666667
1538,focused,1,300,300,B_noise,0.15,easy,10,0.79
1539,focused,1,300,300,B_noise,0.15,neutral,7,0.74
1540,focused,1,300,300,B_noise,0.15,hard,4,0.6633333333333333
1541,focused,1,300,300,B_noise,0.15,easy,2,0.74
1542,focused,1,300,300,B_noise,0.15,neutral,3,0.6566666666666666
1543,focused,1,300,300,B_noise,0.15,hard,7,0.7333333333333333
1544,focused,1,300,300,B_noise,0.15,easy,6,0.7233333333333334
1545,focused,1,300,300,B_noise,0.15,neutral,9,0.78
1546,focused,1,300,300,B_noise,0.15,hard,0,0.67
1547,focused,1,300,300,B_noise,0.15,easy,6,0.8066666666666666
1548,focused,1,300,300,B_noise,0.15,neutral,2,0.7566666666666667
1549,focused,1,300,300,B_noise,0.15,hard,9,0.7233333333333334
1550,focused,1,300,300,B_noise,0.15,easy,8,0.8166666666666667
1551,focused,1,300,300,B_noise,0.15,neutral,7,0.6666666666666666
1552,focused,1,300,300,B_noise,0.15,hard,4,0.7066666666666667
1553,focused,1,300,300,B_noise,0.15,easy,1,0.7833333333333333
1554,focused,1,300,300,B_noise,0.15,neutral,2,0.7733333333333333
1555,focused,1,300,300,B_noise,0.15,hard,3,0.58
1556,focused,1,300,300,B_noise,0.15,easy,8,0.8133333333333334
1557,focused,1,300,300,B_noise,0.15,neutral,1,0.7633333333333333
1558,focused,1,300,300,B_noise,0.15,hard,4,0.7033333333333334
1559,focused,1,300,300,B_noise,0.15,easy,10,0.7833333333333333
1560,focused,2,30,30,B_noise,0.15,easy,5,0.9333333333333333
1561,focused,2,30,30,B_noise,0.15,neutral,0,0.7
1562,focused,2,30,30,B_noise,0.15,hard,3,0.6
1563,focused,2,30,30,B_noise,0.15,easy,10,0.9
1564,focused,2,30,30,B_noise,0.15,neutral,8,0.7
1565,focused,2,30,30,B_noise,0.15,hard,7,0.7
1566,focused,2,30,30,B_noise,0.15,easy,5,0.7333333333333333
1567,focused,2,30,30,B_noise,0.15,neutral,5,0.7333333333333333
1568,focused,2,30,30,B_noise,0.15,hard,9,0.7666666666666667
1569,focused,2,30,30,B_noise,0.15,easy,8,0.8
1570,focused,2,30,30,B_noise,0.15,neutral,7,0.7333333333333333
1571,focused,2,30,30,B_noise,0.15,hard,7,0.7
1572,focused,2,30,30,B_noise,0.15,easy,10,0.8666666666666667
1573,focused,2,30,30,B_noise,0.15,neutral,6,0.6666666666666666
1574,focused,2,30,30,B_noise,0.15,hard,0,0.7666666666666667
1575,focused,2,30,30,B_noise,0.15,easy,10,0.8333333333333334
1576,focused,2,30,30,B_noise,0.15,neutral,6,0.8333333333333334
1577,focused,2,30,30,B_noise,0.15,hard,9,0.7
1578,focused,2,30,30,B_noise,0.15,easy,10,0.9
1579,focused,2,30,30,B_noise,0.15,neutral,0,0.6666666666666666
1580,focused,2,30,30,B_noise,0.15,hard,9,0.8
1581,focused,2,30,30,B_noise,0.15,easy,1,0.6
1582,focused,2,30,30,B_noise,0.15,neutral,7,0.7333333333333333
1583,focused,2,30,30,B_noise,0.15,hard,4,0.8
1584,focused,2,30,30,B_noise,0.15,easy,8,0.6
1585,focused,2,30,30,B_noise,0.15,neutral,0,0.7666666666666667
1586,focused,2,30,30,B_noise,0.15,hard,0,0.7
1587,focused,2,30,30,B_noise,0.15,easy,1,0.8666666666666667
1588,focused,2,30,30,B_noise,0.15,neutral,8,0.8333333333333334
1589,focused,2,30,30,B_noise,0.15,hard,3,0.6
1590,focused,2,30,30,B_noise,0.15,easy,2,0.7666666666666667
1591,focused,2,30,30,B_noise,0.15,neutral,5,0.9
1592,focused,2,30,30,B_noise,0.15,hard,7,0.6333333333333333
1593,focused,2,30,30,B_noise,0.15,easy,5,0.9
1594,focused,2,30,30,B_noise,0.15,neutral,6,0.7666666666666667
1595,focused,2,30,30,B_noise,0.15,hard,9,0.8333333333333334
1596,focused,2,30,30,B_noise,0.15,easy,5,0.8
1597,focused,2,30,30,B_noise,0.15,neutral,9,0.8333333333333334
1598,focused,2,30,30,B_noise,0.15,hard,9,0.7666666666666667
1599,focused,2,30,30,B_noise,0.15,easy,8,0.6333333333333333
1600,focused,2,100,100,B_noise,0.15,easy,8,0.84
1601,focused,2,100,100,B_noise,0.15,neutral,7,0.6
1602,focused,2,100,100,B_noise,0.15,hard,0,0.74
1603,focused,2,100,100,B_noise,0.15,easy,2,0.78
1604,focused,2,100,100,B_noise,0.15,neutral,10,0.78
1605,focused,2,100,100,B_noise,0.15,hard,0,0.81
1606,focused,2,100,100,B_noise,0.15,easy,5,0.77
1607,focused,2,100,100,B_noise,0.15,neutral,7,0.7
1608,focused,2,100,100,B_noise,0.15,hard,7,0.78
1609,focused,2,100,100,B_noise,0.15,easy,8,0.83
1610,focused,2,100,100,B_noise,0.15,neutral,2,0.77
1611,focused,2,100,100,B_noise,0.15,hard,0,0.69
1612,focused,2,100,100,B_noise,0.15,easy,10,0.82
1613,focused,2,100,100,B_noise,0.15,neutral,3,0.61
1614,focused,2,100,100,B_noise,0.15,hard,9,0.74
1615,focused,2,100,100,B_noise,0.15,easy,2,0.72
1616,focused,2,100,100,B_noise,0.15,neutral,10,0.7
1617,focused,2,100,100,B_noise,0.15,hard,3,0.65
1618,focused,2,100,100,B_noise,0.15,easy,1,0.88
1619,focused,2,100,100,B_noise,0.15,neutral,8,0.83
1620,focused,2,100,100,B_noise,0.15,hard,0,0.74
1621,focused,2,100,100,B_noise,0.15,easy,6,0.77
1622,focused,2,100,100,B_noise,0.15,neutral,0,0.7
1623,focused,2,100,100,B_noise,0.15,hard,3,0.73
1624,focused,2,100,100,B_noise,0.15,easy,5,0.74
1625,focused,2,100,100,B_noise,0.15,neutral,7,0.75
1626,focused,2,100,100,B_noise,0.15,hard,4,0.76
1627,focused,2,100,100,B_noise,0.15,easy,10,0.78
1628,focused,2,100,100,B_noise,0.15,neutral,3,0.59
1629,focused,2,100,100,B_noise,0.15,hard,7,0.73
1630,focused,2,100,100,B_noise,0.15,easy,1,0.78
1631,focused,2,100,100,B_noise,0.15,neutral,6,0.69
1632,focused,2,100,100,B_noise,0.15,hard,4,0.76
1633,focused,2,100,100,B_noise,0.15,easy,6,0.83
1634,focused,2,100,100,B_noise,0.15,neutral,7,0.74
1635,focused,2,100,100,B_noise,0.15,hard,9,0.79
1636,focused,2,100,100,B_noise,0.15,easy,8,0.85
1637,focused,2,100,100,B_noise,0.15,neutral,10,0.77
1638,focused,2,100,100,B_noise,0.15,hard,9,0.74
1639,focused,2,100,100,B_noise,0.15,easy,2,0.77
1640,focused,2,300,300,B_noise,0.15,easy,1,0.85
1641,focused,2,300,300,B_noise,0.15,neutral,2,0.75
1642,focused,2,300,300,B_noise,0.15,hard,0,0.72
1643,focused,2,300,300,B_noise,0.15,easy,5,0.8366666666666667
1644,focused,2,300,300,B_noise,0.15,neutral,8,0.75
1645,focused,2,300,300,B_noise,0.15,hard,3,0.6433333333333333
1646,focused,2,300,300,B_noise,0.15,easy,6,0.7766666666666666
1647,focused,2,300,300,B_noise,0.15,neutral,0,0.6733333333333333
1648,focused,2,300,300,B_noise,0.15,hard,4,0.7233333333333334
1649,focused,2,300,300,B_noise,0.15,easy,5,0.7733333333333333
1650,focused,2,300,300,B_noise,0.15,neutral,9,0.76
1651,focused,2,300,300,B_noise,0.15,hard,4,0.7166666666666667
1652,focused,2,300,300,B_noise,0.15,easy,2,0.7433333333333333
1653,focused,2,300,300,B_noise,0.15,neutral,4,0.7233333333333334
1654,focused,2,300,300,B_noise,0.15,hard,3,0.6166666666666667
1655,focused,2,300,300,B_noise,0.15,easy,5,0.7866666666666666
1656,focused,2,300,300,B_noise,0.15,neutral,4,0.7233333333333334
1657,focused,2,300,300,B_noise,0.15,hard,7,0.73
1658,focused,2,300,300,B_noise,0.15,easy,5,0.8466666666666667
1659,focused,2,300,300,B_noise,0.15,neutral,9,0.7533333333333333
1660,focused,2,300,300,B_noise,0.15,hard,9,0.7633333333333333
1661,focused,2,300,300,B_noise,0.15,easy,5,0.8533333333333334
1662,focused,2,300,300,B_noise,0.15,neutral,1,0.79
1663,focused,2,300,300,B_noise,0.15,hard,7,0.7166666666666667
1664,focused,2,300,300,B_noise,0.15,easy,8,0.82
1665,focused,2,300,300,B_noise,0.15,neutral,3,0.59
1666,focused,2,300,300,B_noise,0.15,hard,9,0.76
1667,focused,2,300,300,B_noise,0.15,easy,5,0.8233333333333334
1668,focused,2,300,300,B_noise,0.15,neutral,4,0.75
1669,focused,2,300,300,B_noise,0.15,hard,3,0.6566666666666666
1670,focused,2,300,300,B_noise,0.15,easy,2,0.77
1671,focused,2,300,300,B_noise,0.15,neutral,2,0.7333333333333333
1672,focused,2,300,300,B_noise,0.15,hard,7,0.71
1673,focused,2,300,300,B_noise,0.15,easy,6,0.7633333333333333
1674,focused,2,300,300,B_noise,0.15,neutral,8,0.8033333333333333
1675,focused,2,300,300,B_noise,0.15,hard,9,0.7533333333333333
1676,focused,2,300,300,B_noise,0.15,easy,6,0.76
1677,focused,2,300,300,B_noise,0.15,neutral,10,0.7966666666666666
1678,focused,2,300,300,B_noise,0.15,hard,4,0.71
1679,focused,2,300,300,B_noise,0.15,easy,10,0.7533333333333333
1680,focused,3,30,30,B_noise,0.15,easy,5,0.8333333333333334
1681,focused,3,30,30,B_noise,0.15,neutral,4,0.7
1682,focused,3,30,30,B_noise,0.15,hard,0,0.5
1683,focused,3,30,30,B_noise,0.15,easy,10,0.8333333333333334
1684,focused,3,30,30,B_noise,0.15,neutral,4,0.7333333333333333
1685,focused,3,30,30,B_noise,0.15,hard,0,0.7
1686,focused,3,30,30,B_noise,0.15,easy,1,0.7
1687,focused,3,30,30,B_noise,0.15,neutral,7,0.5666666666666667
1688,focused,3,30,30,B_noise,0.15,hard,4,0.7
1689,focused,3,30,30,B_noise,0.15,easy,8,0.8333333333333334
1690,focused,3,30,30,B_noise,0.15,neutral,8,0.9333333333333333
1691,focused,3,30,30,B_noise,0.15,hard,3,0.5
1692,focused,3,30,30,B_noise,0.15,easy,1,0.8333333333333334
1693,focused,3,30,30,B_noise,0.15,neutral,8,0.7666666666666667
1694,focused,3,30,30,B_noise,0.15,hard,4,0.7333333333333333
1695,focused,3,30,30,B_noise,0.15,easy,6,0.8333333333333334
1696,focused,3,30,30,B_noise,0.15,neutral,8,0.8333333333333334
1697,focused,3,30,30,B_noise,0.15,hard,9,0.8333333333333334
1698,focused,3,30,30,B_noise,0.15,easy,1,0.7
1699,focused,3,30,30,B_noise,0.15,neutral,9,0.9333333333333333
1700,focused,3,30,30,B_noise,0.15,hard,9,0.8333333333333334
1701,focused,3,30,30,B_noise,0.15,easy,5,0.8333333333333334
1702,focused,3,30,30,B_noise,0.15,neutral,0,0.8333333333333334
1703,focused,3,30,30,B_noise,0.15,hard,3,0.6
1704,focused,3,30,30,B_noise,0.15,easy,8,0.7333333333333333
1705,focused,3,30,30,B_noise,0.15,neutral,3,0.7666666666666667
1706,focused,3,30,30,B_noise,0.15,hard,0,0.7333333333333333
1707,focused,3,30,30,B_noise,0.15,easy,8,0.8
1708,focused,3,30,30,B_noise,0.15,neutral,2,0.8
1709,focused,3,30,30,B_noise,0.15,hard,7,0.6333333333333333
1710,focused,3,30,30,B_noise,0.15,easy,2,0.7
1711,focused,3,30,30,B_noise,0.15,neutral,0,0.7666666666666667
1712,focused,3,30,30,B_noise,0.15,hard,0,0.7
1713,focused,3,30,30,B_noise,0.15,easy,10,0.9
1714,focused,3,30,30,B_noise,0.15,neutral,8,0.7666666666666667
1715,focused,3,30,30,B_noise,0.15,hard,7,0.7
1716,focused,3,30,30,B_noise,0.15,easy,10,0.8333333333333334
1717,focused,3,30,30,B_noise,0.15,neutral,3,0.7
1718,focused,3,30,30,B_noise,0.15,hard,3,0.6666666666666666
1719,focused,3,30,30,B_noise,0.15,easy,1,0.8
1720,focused,3,100,99,B_noise,0.15,easy,1,0.797979797979798
1721,focused,3,100,99,B_noise,0.15,neutral,9,0.7474747474747475
1722,focused,3,100,99,B_noise,0.15,hard,4,0.7272727272727273
1723,focused,3,100,99,B_noise,0.15,easy,5,0.8383838383838383
1724,focused,3,100,99,B_noise,0.15,neutral,9,0.7474747474747475
1725,focused,3,100,99,B_noise,0.15,hard,7,0.7474747474747475
1726,focused,3,100,99,B_noise,0.15,easy,2,0.8686868686868687
1727,focused,3,100,99,B_noise,0.15,neutral,4,0.6767676767676768
1728,focused,3,100,99,B_noise,0.15,hard,7,0.6363636363636364
1729,focused,3,100,99,B_noise,0.15,easy,1,0.8181818181818182
1730,focused,3,100,99,B_noise,0.15,neutral,2,0.8383838383838383
1731,focused,3,100,99,B_noise,0.15,hard,9,0.797979797979798
1732,focused,3,100,99,B_noise,0.15,easy,2,0.7676767676767676
1733,focused,3,100,99,B_noise,0.15,neutral,3,0.5959595959595959
1734,focused,3,100,99,B_noise,0.15,hard,4,0.6464646464646465
1735,focused,3,100,99,B_noise,0.15,easy,8,0.7777777777777778
1736,focused,3,100,99,B_noise,0.15,neutral,9,0.8282828282828283
1737,focused,3,100,99,B_noise,0.15,hard,0,0.6464646464646465
1738,focused,3,100,99,B_noise,0.15,easy,5,0.8282828282828283
1739,focused,3,100,99,B_noise,0.15,neutral,0,0.7474747474747475
1740,focused,3,100,99,B_noise,0.15,hard,0,0.8181818181818182
1741,focused,3,100,99,B_noise,0.15,easy,5,0.7676767676767676
1742,focused,3,100,99,B_noise,0.15,neutral,7,0.6868686868686869
1743,focused,3,100,99,B_noise,0.15,hard,4,0.7171717171717171
1744,focused,3,100,99,B_noise,0.15,easy,5,0.8686868686868687
1745,focused,3,100,99,B_noise,0.15,neutral,8,0.797979797979798
1746,focused,3,100,99,B_noise,0.15,hard,3,0.6262626262626263
1747,focused,3,100,99,B_noise,0.15,easy,6,0.7171717171717171
1748,focused,3,100,99,B_noise,0.15,neutral,8,0.7878787878787878
1749,focused,3,100,99,B_noise,0.15,hard,0,0.7373737373737373
1750,focused,3,100,99,B_noise,0.15,easy,1,0.8585858585858586
1751,focused,3,100,99,B_noise,0.15,neutral,8,0.7272727272727273
1752,focused,3,100,99,B_noise,0.15,hard,7,0.7070707070707071
1753,focused,3,100,99,B_noise,0.15,easy,10,0.7575757575757576
1754,focused,3,100,99,B_noise,0.15,neutral,7,0.7272727272727273
1755,focused,3,100,99,B_noise,0.15,hard,7,0.6767676767676768
1756,focused,3,100,99,B_noise,0.15,easy,5,0.8686868686868687
1757,focused,3,100,99,B_noise,0.15,neutral,5,0.8484848484848485
1758,focused,3,100,99,B_noise,0.15,hard,3,0.7171717171717171
1759,focused,3,100,99,B_noise,0.15,easy,10,0.7676767676767676
1760,focused,3,300,300,B_noise,0.15,easy,10,0.7866666666666666
1761,focused,3,300,300,B_noise,0.15,neutral,7,0.6666666666666666
1762,focused,3,300,300,B_noise,0.15,hard,0,0.7066666666666667
1763,focused,3,300,300,B_noise,0.15,easy,6,0.7766666666666666
1764,focused,3,300,300,B_noise,0.15,neutral,6,0.7733333333333333
1765,focused,3,300,300,B_noise,0.15,hard,7,0.7
1766,focused,3,300,300,B_noise,0.15,easy,5,0.83
1767,focused,3,300,300,B_noise,0.15,neutral,6,0.76
1768,focused,3,300,300,B_noise,0.15,hard,9,0.77
1769,focused,3,300,300,B_noise,0.15,easy,6,0.79
1770,focused,3,300,300,B_noise,0.15,neutral,8,0.7866666666666666
1771,focused,3,300,300,B_noise,0.15,hard,3,0.66
1772,focused,3,300,300,B_noise,0.15,easy,2,0.7866666666666666
1773,focused,3,300,300,B_noise,0.15,neutral,0,0.71
1774,focused,3,300,300,B_noise,0.15,hard,3,0.6566666666666666
1775,focused,3,300,300,B_noise,0.15,easy,5,0.8233333333333334
1776,focused,3,300,300,B_noise,0.15,neutral,6,0.7933333333333333
1777,focused,3,300,300,B_noise,0.15,hard,3,0.65
1778,focused,3,300,300,B_noise,0.15,easy,10,0.82
1779,focused,3,300,300,B_noise,0.15,neutral,8,0.82
1780,focused,3,300,300,B_noise,0.15,hard,4,0.7233333333333334
1781,focused,3,300,300,B_noise,0.15,easy,8,0.8033333333333333
1782,focused,3,300,300,B_noise,0.15,neutral,10,0.8266666666666667
1783,focused,3,300,300,B_noise,0.15,hard,3,0.59
1784,focused,3,300,300,B_noise,0.15,easy,2,0.7733333333333333
1785,focused,3,300,300,B_noise,0.15,neutral,3,0.62
1786,focused,3,300,300,B_noise,0.15,hard,7,0.7166666666666667
1787,focused,3,300,300,B_noise,0.15,easy,2,0.7833333333333333
1788,focused,3,300,300,B_noise,0.15,neutral,8,0.7833333333333333
1789,focused,3,300,300,B_noise,0.15,hard,9,0.79
1790,focused,3,300,300,B_noise,0.15,easy,8,0.7933333333333333
1791,focused,3,300,300,B_noise,0.15,neutral,4,0.7266666666666667
1792,focused,3,300,300,B_noise,0.15,hard,4,0.73
1793,focused,3,300,300,B_noise,0.15,easy,8,0.7933333333333333
1794,focused,3,300,300,B_noise,0.15,neutral,5,0.7966666666666666
1795,focused,3,300,300,B_noise,0.15,hard,3,0.65
1796,focused,3,300,300,B_noise,0.15,easy,2,0.7433333333333333
1797,focused,3,300,300,B_noise,0.15,neutral,9,0.7866666666666666
1798,focused,3,300,300,B_noise,0.15,hard,4,0.73
1799,focused,3,300,300,B_noise,0.15,easy,6,0.75
1800,focused,5,30,30,B_noise,0.15,easy,1,0.9
1801,focused,5,30,30,B_noise,0.15,neutral,1,0.7333333333333333
1802,focused,5,30,30,B_noise,0.15,hard,7,0.9
1803,focused,5,30,30,B_noise,0.15,easy,8,0.8666666666666667
1804,focused,5,30,30,B_noise,0.15,neutral,6,0.6
1805,focused,5,30,30,B_noise,0.15,hard,3,0.7
1806,focused,5,30,30,B_noise,0.15,easy,10,0.8333333333333334
1807,focused,5,30,30,B_noise,0.15,neutral,3,0.8
1808,focused,5,30,30,B_noise,0.15,hard,0,0.8333333333333334
1809,focused,5,30,30,B_noise,0.15,easy,6,0.7
1810,focused,5,30,30,B_noise,0.15,neutral,2,0.7333333333333333
1811,focused,5,30,30,B_noise,0.15,hard,9,0.7666666666666667
1812,focused,5,30,30,B_noise,0.15,easy,10,0.7666666666666667
1813,focused,5,30,30,B_noise,0.15,neutral,7,0.8
1814,focused,5,30,30,B_noise,0.15,hard,3,0.6333333333333333
1815,focused,5,30,30,B_noise,0.15,easy,8,0.8
1816,focused,5,30,30,B_noise,0.15,neutral,0,0.5666666666666667
1817,focused,5,30,30,B_noise,0.15,hard,7,0.8666666666666667
1818,focused,5,30,30,B_noise,0.15,easy,2,0.8333333333333334
1819,focused,5,30,30,B_noise,0.15,neutral,1,0.8666666666666667
1820,focused,5,30,30,B_noise,0.15,hard,3,0.7
1821,focused,5,30,30,B_noise,0.15,easy,5,0.9333333333333333
1822,focused,5,30,30,B_noise,0.15,neutral,4,0.7
1823,focused,5,30,30,B_noise,0.15,hard,7,0.7666666666666667
1824,focused,5,30,30,B_noise,0.15,easy,6,0.8
1825,focused,5,30,30,B_noise,0.15,neutral,0,0.7666666666666667
1826,focused,5,30,30,B_noise,0.15,hard,3,0.8
1827,focused,5,30,30,B_noise,0.15,easy,5,1.0
1828,focused,5,30,30,B_noise,0.15,neutral,9,0.7
1829,focused,5,30,30,B_noise,0.15,hard,4,0.5666666666666667
1830,focused,5,30,30,B_noise,0.15,easy,10,0.8
1831,focused,5,30,30,B_noise,0.15,neutral,2,0.8333333333333334
1832,focused,5,30,30,B_noise,0.15,hard,9,0.7666666666666667
1833,focused,5,30,30,B_noise,0.15,easy,5,0.8
1834,focused,5,30,30,B_noise,0.15,neutral,1,0.7
1835,focused,5,30,30,B_noise,0.15,hard,9,0.7666666666666667
1836,focused,5,30,30,B_noise,0.15,easy,6,0.8333333333333334
1837,focused,5,30,30,B_noise,0.15,neutral,7,0.7
1838,focused,5,30,30,B_noise,0.15,hard,4,0.6
1839,focused,5,30,30,B_noise,0.15,easy,2,0.8666666666666667
1840,focused,5,100,100,B_noise,0.15,easy,6,0.81
1841,focused,5,100,100,B_noise,0.15,neutral,4,0.79
1842,focused,5,100,100,B_noise,0.15,hard,3,0.61
1843,focused,5,100,100,B_noise,0.15,easy,2,0.78
1844,focused,5,100,100,B_noise,0.15,neutral,4,0.7
1845,focused,5,100,100,B_noise,0.15,hard,0,0.74
1846,focused,5,100,100,B_noise,0.15,easy,6,0.78
1847,focused,5,100,100,B_noise,0.15,neutral,9,0.69
1848,focused,5,100,100,B_noise,0.15,hard,7,0.71
1849,focused,5,100,100,B_noise,0.15,easy,1,0.77
1850,focused,5,100,100,B_noise,0.15,neutral,8,0.76
1851,focused,5,100,100,B_noise,0.15,hard,7,0.8
1852,focused,5,100,100,B_noise,0.15,easy,6,0.78
1853,focused,5,100,100,B_noise,0.15,neutral,7,0.73
1854,focused,5,100,100,B_noise,0.15,hard,3,0.67
1855,focused,5,100,100,B_noise,0.15,easy,10,0.79
1856,focused,5,100,100,B_noise,0.15,neutral,2,0.8
1857,focused,5,100,100,B_noise,0.15,hard,0,0.71
1858,focused,5,100,100,B_noise,0.15,easy,6,0.81
1859,focused,5,100,100,B_noise,0.15,neutral,9,0.78
1860,focused,5,100,100,B_noise,0.15,hard,0,0.71
1861,focused,5,100,100,B_noise,0.15,easy,10,0.83
1862,focused,5,100,100,B_noise,0.15,neutral,3,0.64
1863,focused,5,100,100,B_noise,0.15,hard,7,0.7
1864,focused,5,100,100,B_noise,0.15,easy,6,0.76
1865,focused,5,100,100,B_noise,0.15,neutral,8,0.75
1866,focused,5,100,100,B_noise,0.15,hard,9,0.76
1867,focused,5,100,100,B_noise,0.15,easy,1,0.81
1868,focused,5,100,100,B_noise,0.15,neutral,6,0.82
1869,focused,5,100,100,B_noise,0.15,hard,0,0.71
1870,focused,5,100,100,B_noise,0.15,easy,6,0.76
1871,focused,5,100,100,B_noise,0.15,neutral,8,0.84
1872,focused,5,100,100,B_noise,0.15,hard,7,0.75
1873,focused,5,100,100,B_noise,0.15,easy,8,0.74
1874,focused,5,100,100,B_noise,0.15,neutral,10,0.78
1875,focused,5,100,100,B_noise,0.15,hard,3,0.58
1876,focused,5,100,100,B_noise,0.15,easy,2,0.74
1877,focused,5,100,100,B_noise,0.15,neutral,2,0.78
1878,focused,5,100,100,B_noise,0.15,hard,4,0.76
1879,focused,5,100,100,B_noise,0.15,easy,5,0.83
1880,focused,5,300,300,B_noise,0.15,easy,8,0.83
1881,focused,5,300,300,B_noise,0.15,neutral,2,0.77
1882,focused,5,300,300,B_noise,0.15,hard,3,0.68
1883,focused,5,300,300,B_noise,0.15,easy,5,0.8033333333333333
1884,focused,5,300,300,B_noise,0.15,neutral,2,0.7766666666666666
1885,focused,5,300,300,B_noise,0.15,hard,0,0.7133333333333334
1886,focused,5,300,300,B_noise,0.15,easy,6,0.7866666666666666
1887,focused,5,300,300,B_noise,0.15,neutral,6,0.7733333333333333
1888,focused,5,300,300,B_noise,0.15,hard,9,0.7566666666666667
1889,focused,5,300,300,B_noise,0.15,easy,10,0.8333333333333334
1890,focused,5,300,300,B_noise,0.15,neutral,0,0.71
1891,focused,5,300,300,B_noise,0.15,hard,9,0.8133333333333334
1892,focused,5,300,300,B_noise,0.15,easy,8,0.81
1893,focused,5,300,300,B_noise,0.15,neutral,1,0.8333333333333334
1894,focused,5,300,300,B_noise,0.15,hard,0,0.7633333333333333
1895,focused,5,300,300,B_noise,0.15,easy,1,0.8333333333333334
1896,focused,5,300,300,B_noise,0.15,neutral,10,0.7966666666666666
1897,focused,5,300,300,B_noise,0.15,hard,4,0.7366666666666667
1898,focused,5,300,300,B_noise,0.15,easy,2,0.7666666666666667
1899,focused,5,300,300,B_noise,0.15,neutral,7,0.6733333333333333
1900,focused,5,300,300,B_noise,0.15,hard,3,0.6233333333333333
1901,focused,5,300,300,B_noise,0.15,easy,2,0.7233333333333334
1902,focused,5,300,300,B_noise,0.15,neutral,5,0.85
1903,focused,5,300,300,B_noise,0.15,hard,7,0.7133333333333334
1904,focused,5,300,300,B_noise,0.15,easy,1,0.8466666666666667
1905,focused,5,300,300,B_noise,0.15,neutral,1,0.81
1906,focused,5,300,300,B_noise,0.15,hard,7,0.73
1907,focused,5,300,300,B_noise,0.15,easy,6,0.7733333333333333
1908,focused,5,300,300,B_noise,0.15,neutral,6,0.6933333333333334
1909,focused,5,300,300,B_noise,0.15,hard,0,0.7433333333333333
1910,focused,5,300,300,B_noise,0.15,easy,6,0.7633333333333333
1911,focused,5,300,300,B_noise,0.15,neutral,4,0.6766666666666666
1912,focused,5,300,300,B_noise,0.15,hard,0,0.7133333333333334
1913,focused,5,300,300,B_noise,0.15,easy,2,0.74
1914,focused,5,300,300,B_noise,0.15,neutral,6,0.76
1915,focused,5,300,300,B_noise,0.15,hard,7,0.7233333333333334
1916,focused,5,300,300,B_noise,0.15,easy,1,0.8066666666666666
1917,focused,5,300,300,B_noise,0.15,neutral,6,0.72
1918,focused,5,300,300,B_noise,0.15,hard,4,0.7266666666666667
1919,focused,5,300,300,B_noise,0.15,easy,8,0.8
1920,cross,1,30,30,B_noise,0.15,easy,8,0.7333333333333333
1921,cross,1,30,30,B_noise,0.15,neutral,5,0.8666666666666667
1922,cross,1,30,30,B_noise,0.15,hard,7,0.6333333333333333
1923,cross,1,30,30,B_noise,0.15,easy,2,0.7333333333333333
1924,cross,1,30,30,B_noise,0.15,neutral,5,0.6666666666666666
1925,cross,1,30,30,B_noise,0.15,hard,3,0.8333333333333334
1926,cross,1,30,30,B_noise,0.15,easy,1,0.8
1927,cross,1,30,30,B_noise,0.15,neutral,4,0.8333333333333334
1928,cross,1,30,30,B_noise,0.15,hard,3,0.7
1929,cross,1,30,30,B_noise,0.15,easy,6,0.7
1930,cross,1,30,30,B_noise,0.15,neutral,3,0.7666666666666667
1931,cross,1,30,30,B_noise,0.15,hard,0,0.8
1932,cross,1,30,30,B_noise,0.15,easy,1,0.8333333333333334
1933,cross,1,30,30,B_noise,0.15,neutral,10,0.9
1934,cross,1,30,30,B_noise,0.15,hard,9,0.8333333333333334
1935,cross,1,30,30,B_noise,0.15,easy,8,0.6666666666666666
1936,cross,1,30,30,B_noise,0.15,neutral,8,0.7333333333333333
1937,cross,1,30,30,B_noise,0.15,hard,3,0.7666666666666667
1938,cross,1,30,30,B_noise,0.15,easy,10,0.9333333333333333
1939,cross,1,30,30,B_noise,0.15,neutral,9,0.7333333333333333
1940,cross,1,30,30,B_noise,0.15,hard,9,0.9333333333333333
1941,cross,1,30,30,B_noise,0.15,easy,10,0.8333333333333334
1942,cross,1,30,30,B_noise,0.15,neutral,5,0.8666666666666667
1943,cross,1,30,30,B_noise,0.15,hard,0,0.7
1944,cross,1,30,30,B_noise,0.15,easy,8,0.8333333333333334
1945,cross,1,30,30,B_noise,0.15,neutral,4,0.7666666666666667
1946,cross,1,30,30,B_noise,0.15,hard,4,0.5666666666666667
1947,cross,1,30,30,B_noise,0.15,easy,10,0.7
1948,cross,1,30,30,B_noise,0.15,neutral,4,0.7333333333333333
1949,cross,1,30,30,B_noise,0.15,hard,3,0.6666666666666666
1950,cross,1,30,30,B_noise,0.15,easy,2,0.8333333333333334
1951,cross,1,30,30,B_noise,0.15,neutral,5,0.8
1952,cross,1,30,30,B_noise,0.15,hard,3,0.7666666666666667
1953,cross,1,30,30,B_noise,0.15,easy,5,0.7333333333333333
1954,cross,1,30,30,B_noise,0.15,neutral,6,0.7666666666666667
1955,cross,1,30,30,B_noise,0.15,hard,3,0.7666666666666667
1956,cross,1,30,30,B_noise,0.15,easy,10,0.7666666666666667
1957,cross,1,30,30,B_noise,0.15,neutral,3,0.8
1958,cross,1,30,30,B_noise,0.15,hard,0,0.8
1959,cross,1,30,30,B_noise,0.15,easy,2,0.6666666666666666
1960,cross,1,100,100,B_noise,0.15,easy,8,0.79
1961,cross,1,100,100,B_noise,0.15,neutral,8,0.79
1962,cross,1,100,100,B_noise,0.15,hard,9,0.76
1963,cross,1,100,100,B_noise,0.15,easy,1,0.77
1964,cross,1,100,100,B_noise,0.15,neutral,9,0.78
1965,cross,1,100,100,B_noise,0.15,hard,3,0.71
1966,cross,1,100,100,B_noise,0.15,easy,1,0.86
1967,cross,1,100,100,B_noise,0.15,neutral,8,0.73
1968,cross,1,100,100,B_noise,0.15,hard,0,0.82
1969,cross,1,100,100,B_noise,0.15,easy,2,0.79
1970,cross,1,100,100,B_noise,0.15,neutral,6,0.78
1971,cross,1,100,100,B_noise,0.15,hard,3,0.73
1972,cross,1,100,100,B_noise,0.15,easy,6,0.8
1973,cross,1,100,100,B_noise,0.15,neutral,8,0.72
1974,cross,1,100,100,B_noise,0.15,hard,9,0.74
1975,cross,1,100,100,B_noise,0.15,easy,2,0.73
1976,cross,1,100,100,B_noise,0.15,neutral,5,0.77
1977,cross,1,100,100,B_noise,0.15,hard,7,0.66
1978,cross,1,100,100,B_noise,0.15,easy,1,0.79
1979,cross,1,100,100,B_noise,0.15,neutral,2,0.78
1980,cross,1,100,100,B_noise,0.15,hard,7,0.73
1981,cross,1,100,100,B_noise,0.15,easy,8,0.75
1982,cross,1,100,100,B_noise,0.15,neutral,4,0.83
1983,cross,1,100,100,B_noise,0.15,hard,7,0.66
1984,cross,1,100,100,B_noise,0.15,easy,10,0.78
1985,cross,1,100,100,B_noise,0.15,neutral,3,0.62
1986,cross,1,100,100,B_noise,0.15,hard,4,0.69
1987,cross,1,100,100,B_noise,0.15,easy,6,0.86
1988,cross,1,100,100,B_noise,0.15,neutral,9,0.78
1989,cross,1,100,100,B_noise,0.15,hard,0,0.74
1990,cross,1,100,100,B_noise,0.15,easy,8,0.84
1991,cross,1,100,100,B_noise,0.15,neutral,4,0.72
1992,cross,1,100,100,B_noise,0.15,hard,4,0.76
1993,cross,1,100,100,B_noise,0.15,easy,5,0.84
1994,cross,1,100,100,B_noise,0.15,neutral,5,0.77
1995,cross,1,100,100,B_noise,0.15,hard,0,0.75
1996,cross,1,100,100,B_noise,0.15,easy,10,0.85
1997,cross,1,100,100,B_noise,0.15,neutral,8,0.81
1998,cross,1,100,100,B_noise,0.15,hard,9,0.74
1999,cross,1,100,100,B_noise,0.15,easy,8,0.76
2000,cross,1,300,300,B_noise,0.15,easy,8,0.7666666666666667
2001,cross,1,300,300,B_noise,0.15,neutral,7,0.7666666666666667
2002,cross,1,300,300,B_noise,0.15,hard,9,0.73
2003,cross,1,300,300,B_noise,0.15,easy,10,0.7466666666666667
2004,cross,1,300,300,B_noise,0.15,neutral,6,0.7733333333333333
2005,cross,1,300,300,B_noise,0.15,hard,7,0.7333333333333333
2006,cross,1,300,300,B_noise,0.15,easy,6,0.7233333333333334
2007,cross,1,300,300,B_noise,0.15,neutral,5,0.7866666666666666
2008,cross,1,300,300,B_noise,0.15,hard,4,0.7733333333333333
2009,cross,1,300,300,B_noise,0.15,easy,2,0.8033333333333333
2010,cross,1,300,300,B_noise,0.15,neutral,7,0.7066666666666667
2011,cross,1,300,300,B_noise,0.15,hard,7,0.7033333333333334
2012,cross,1,300,300,B_noise,0.15,easy,8,0.7033333333333334
2013,cross,1,300,300,B_noise,0.15,neutral,0,0.7733333333333333
2014,cross,1,300,300,B_noise,0.15,hard,0,0.69
2015,cross,1,300,300,B_noise,0.15,easy,1,0.7866666666666666
2016,cross,1,300,300,B_noise,0.15,neutral,8,0.81
2017,cross,1,300,300,B_noise,0.15,hard,9,0.7066666666666667
2018,cross,1,300,300,B_noise,0.15,easy,10,0.7333333333333333
2019,cross,1,300,300,B_noise,0.15,neutral,8,0.7533333333333333
2020,cross,1,300,300,B_noise,0.15,hard,9,0.74
2021,cross,1,300,300,B_noise,0.15,easy,8,0.8233333333333334
2022,cross,1,300,300,B_noise,0.15,neutral,8,0.8233333333333334
2023,cross,1,300,300,B_noise,0.15,hard,9,0.7633333333333333
2024,cross,1,300,300,B_noise,0.15,easy,5,0.8033333333333333
2025,cross,1,300,300,B_noise,0.15,neutral,4,0.7266666666666667
2026,cross,1,300,300,B_noise,0.15,hard,4,0.7433333333333333
2027,cross,1,300,300,B_noise,0.15,easy,2,0.77
2028,cross,1,300,300,B_noise,0.15,neutral,8,0.74
2029,cross,1,300,300,B_noise,0.15,hard,4,0.7433333333333333
2030,cross,1,300,300,B_noise,0.15,easy,8,0.79
2031,cross,1,300,300,B_noise,0.15,neutral,7,0.74
2032,cross,1,300,300,B_noise,0.15,hard,4,0.7333333333333333
2033,cross,1,300,300,B_noise,0.15,easy,6,0.7533333333333333
2034,cross,1,300,300,B_noise,0.15,neutral,8,0.81
2035,cross,1,300,300,B_noise,0.15,hard,3,0.72
2036,cross,1,300,300,B_noise,0.15,easy,8,0.7933333333333333
2037,cross,1,300,300,B_noise,0.15,neutral,4,0.73
2038,cross,1,300,300,B_noise,0.15,hard,7,0.77
2039,cross,1,300,300,B_noise,0.15,easy,5,0.79
2040,cross,2,30,30,B_noise,0.15,easy,8,0.7666666666666667
2041,cross,2,30,30,B_noise,0.15,neutral,7,0.8
2042,cross,2,30,30,B_noise,0.15,hard,0,0.8333333333333334
2043,cross,2,30,30,B_noise,0.15,easy,8,0.7666666666666667
2044,cross,2,30,30,B_noise,0.15,neutral,10,0.8333333333333334
2045,cross,2,30,30,B_noise,0.15,hard,9,0.7666666666666667
2046,cross,2,30,30,B_noise,0.15,easy,1,0.8333333333333334
2047,cross,2,30,30,B_noise,0.15,neutral,5,0.8333333333333334
2048,cross,2,30,30,B_noise,0.15,hard,9,0.8666666666666667
2049,cross,2,30,30,B_noise,0.15,easy,10,0.8666666666666667
2050,cross,2,30,30,B_noise,0.15,neutral,6,0.8666666666666667
2051,cross,2,30,30,B_noise,0.15,hard,4,0.6
2052,cross,2,30,30,B_noise,0.15,easy,10,0.7333333333333333
2053,cross,2,30,30,B_noise,0.15,neutral,10,0.8333333333333334
2054,cross,2,30,30,B_noise,0.15,hard,0,0.7666666666666667
2055,cross,2,30,30,B_noise,0.15,easy,10,0.9
2056,cross,2,30,30,B_noise,0.15,neutral,4,0.8
2057,cross,2,30,30,B_noise,0.15,hard,9,0.6666666666666666
2058,cross,2,30,30,B_noise,0.15,easy,10,0.7666666666666667
2059,cross,2,30,30,B_noise,0.15,neutral,2,0.7666666666666667
2060,cross,2,30,30,B_noise,0.15,hard,7,0.6666666666666666
2061,cross,2,30,30,B_noise,0.15,easy,1,0.8333333333333334
2062,cross,2,30,30,B_noise,0.15,neutral,0,0.8
2063,cross,2,30,30,B_noise,0.15,hard,4,0.8333333333333334
2064,cross,2,30,30,B_noise,0.15,easy,1,0.7666666666666667
2065,cross,2,30,30,B_noise,0.15,neutral,4,0.8
2066,cross,2,30,30,B_noise,0.15,hard,7,0.7666666666666667
2067,cross,2,30,30,B_noise,0.15,easy,2,0.7666666666666667
2068,cross,2,30,30,B_noise,0.15,neutral,1,0.8333333333333334
2069,cross,2,30,30,B_noise,0.15,hard,3,0.7666666666666667
2070,cross,2,30,30,B_noise,0.15,easy,1,0.8333333333333334
2071,cross,2,30,30,B_noise,0.15,neutral,1,0.8
2072,cross,2,30,30,B_noise,0.15,hard,9,0.8
2073,cross,2,30,30,B_noise,0.15,easy,1,0.8666666666666667
2074,cross,2,30,30,B_noise,0.15,neutral,1,0.8333333333333334
2075,cross,2,30,30,B_noise,0.15,hard,3,0.7666666666666667
2076,cross,2,30,30,B_noise,0.15,easy,2,0.8333333333333334
2077,cross,2,30,30,B_noise,0.15,neutral,1,0.7333333333333333
2078,cross,2,30,30,B_noise,0.15,hard,7,0.9
2079,cross,2,30,30,B_noise,0.15,easy,5,0.8333333333333334
2080,cross,2,100,100,B_noise,0.15,easy,2,0.79
2081,cross,2,100,100,B_noise,0.15,neutral,8,0.74
2082,cross,2,100,100,B_noise,0.15,hard,7,0.76
2083,cross,2,100,100,B_noise,0.15,easy,1,0.8
2084,cross,2,100,100,B_noise,0.15,neutral,6,0.75
2085,cross,2,100,100,B_noise,0.15,hard,7,0.75
2086,cross,2,100,100,B_noise,0.15,easy,2,0.81
2087,cross,2,100,100,B_noise,0.15,neutral,6,0.71
2088,cross,2,100,100,B_noise,0.15,hard,3,0.71
2089,cross,2,100,100,B_noise,0.15,easy,6,0.82
2090,cross,2,100,100,B_noise,0.15,neutral,4,0.71
2091,cross,2,100,100,B_noise,0.15,hard,0,0.79
2092,cross,2,100,100,B_noise,0.15,easy,8,0.74
2093,cross,2,100,100,B_noise,0.15,neutral,8,0.89
2094,cross,2,100,100,B_noise,0.15,hard,4,0.72
2095,cross,2,100,100,B_noise,0.15,easy,2,0.85
2096,cross,2,100,100,B_noise,0.15,neutral,0,0.8
2097,cross,2,100,100,B_noise,0.15,hard,0,0.82
2098,cross,2,100,100,B_noise,0.15,easy,2,0.79
2099,cross,2,100,100,B_noise,0.15,neutral,6,0.8
2100,cross,2,100,100,B_noise,0.15,hard,4,0.73
2101,cross,2,100,100,B_noise,0.15,easy,6,0.75
2102,cross,2,100,100,B_noise,0.15,neutral,5,0.71
2103,cross,2,100,100,B_noise,0.15,hard,0,0.71
2104,cross,2,100,100,B_noise,0.15,easy,10,0.84
2105,cross,2,100,100,B_noise,0.15,neutral,7,0.71
2106,cross,2,100,100,B_noise,0.15,hard,7,0.71
2107,cross,2,100,100,B_noise,0.15,easy,6,0.86
2108,cross,2,100,100,B_noise,0.15,neutral,10,0.75
2109,cross,2,100,100,B_noise,0.15,hard,4,0.79
2110,cross,2,100,100,B_noise,0.15,easy,5,0.81
2111,cross,2,100,100,B_noise,0.15,neutral,9,0.73
2112,cross,2,100,100,B_noise,0.15,hard,0,0.72
2113,cross,2,100,100,B_noise,0.15,easy,2,0.8
2114,cross,2,100,100,B_noise,0.15,neutral,2,0.8
2115,cross,2,100,100,B_noise,0.15,hard,7,0.74
2116,cross,2,100,100,B_noise,0.15,easy,6,0.8
2117,cross,2,100,100,B_noise,0.15,neutral,5,0.8
2118,cross,2,100,100,B_noise,0.15,hard,3,0.69
2119,cross,2,100,100,B_noise,0.15,easy,8,0.73
2120,cross,2,300,300,B_noise,0.15,easy,10,0.7466666666666667
2121,cross,2,300,300,B_noise,0.15,neutral,9,0.7433333333333333
2122,cross,2,300,300,B_noise,0.15,hard,4,0.7366666666666667
2123,cross,2,300,300,B_noise,0.15,easy,5,0.8166666666666667
2124,cross,2,300,300,B_noise,0.15,neutral,9,0.7633333333333333
2125,cross,2,300,300,B_noise,0.15,hard,9,0.71
2126,cross,2,300,300,B_noise,0.15,easy,1,0.7233333333333334
2127,cross,2,300,300,B_noise,0.15,neutral,3,0.68
2128,cross,2,300,300,B_noise,0.15,hard,3,0.7166666666666667
2129,cross,2,300,300,B_noise,0.15,easy,2,0.7766666666666666
2130,cross,2,300,300,B_noise,0.15,neutral,10,0.8066666666666666
2131,cross,2,300,300,B_noise,0.15,hard,7,0.7633333333333333
2132,cross,2,300,300,B_noise,0.15,easy,2,0.7066666666666667
2133,cross,2,300,300,B_noise,0.15,neutral,2,0.7666666666666667
2134,cross,2,300,300,B_noise,0.15,hard,3,0.7166666666666667
2135,cross,2,300,300,B_noise,0.15,easy,1,0.8033333333333333
2136,cross,2,300,300,B_noise,0.15,neutral,8,0.8166666666666667
2137,cross,2,300,300,B_noise,0.15,hard,3,0.6966666666666667
2138,cross,2,300,300,B_noise,0.15,easy,2,0.7433333333333333
2139,cross,2,300,300,B_noise,0.15,neutral,2,0.68
2140,cross,2,300,300,B_noise,0.15,hard,0,0.69
2141,cross,2,300,300,B_noise,0.15,easy,2,0.79
2142,cross,2,300,300,B_noise,0.15,neutral,0,0.7366666666666667
2143,cross,2,300,300,B_noise,0.15,hard,7,0.7533333333333333
2144,cross,2,300,300,B_noise,0.15,easy,8,0.7566666666666667
2145,cross,2,300,300,B_noise,0.15,neutral,5,0.76
2146,cross,2,300,300,B_noise,0.15,hard,0,0.7566666666666667
2147,cross,2,300,300,B_noise,0.15,easy,6,0.7733333333333333
2148,cross,2,300,300,B_noise,0.15,neutral,3,0.6966666666666667
2149,cross,2,300,300,B_noise,0.15,hard,4,0.7266666666666667
2150,cross,2,300,300,B_noise,0.15,easy,6,0.7333333333333333
2151,cross,2,300,300,B_noise,0.15,neutral,5,0.77
2152,cross,2,300,300,B_noise,0.15,hard,3,0.69
2153,cross,2,300,300,B_noise,0.15,easy,8,0.8366666666666667
2154,cross,2,300,300,B_noise,0.15,neutral,3,0.7066666666666667
2155,cross,2,300,300,B_noise,0.15,hard,3,0.7533333333333333
2156,cross,2,300,300,B_noise,0.15,easy,5,0.78
2157,cross,2,300,300,B_noise,0.15,neutral,9,0.75
2158,cross,2,300,300,B_noise,0.15,hard,3,0.6866666666666666
2159,cross,2,300,300,B_noise,0.15,easy,5,0.7833333333333333
2160,cross,3,30,30,B_noise,0.15,easy,2,0.7
2161,cross,3,30,30,B_noise,0.15,neutral,5,0.7666666666666667
2162,cross,3,30,30,B_noise,0.15,hard,9,0.8666666666666667
2163,cross,3,30,30,B_noise,0.15,easy,8,0.8333333333333334
2164,cross,3,30,30,B_noise,0.15,neutral,10,0.7333333333333333
2165,cross,3,30,30,B_noise,0.15,hard,4,0.7
2166,cross,3,30,30,B_noise,0.15,easy,5,0.8666666666666667
2167,cross,3,30,30,B_noise,0.15,neutral,10,0.8333333333333334
2168,cross,3,30,30,B_noise,0.15,hard,4,0.6
2169,cross,3,30,30,B_noise,0.15,easy,2,0.8666666666666667
2170,cross,3,30,30,B_noise,0.15,neutral,8,0.6
2171,cross,3,30,30,B_noise,0.15,hard,3,0.6333333333333333
2172,cross,3,30,30,B_noise,0.15,easy,2,0.7666666666666667
2173,cross,3,30,30,B_noise,0.15,neutral,3,0.6666666666666666
2174,cross,3,30,30,B_noise,0.15,hard,3,0.7666666666666667
2175,cross,3,30,30,B_noise,0.15,easy,8,0.8333333333333334
2176,cross,3,30,30,B_noise,0.15,neutral,8,0.9333333333333333
2177,cross,3,30,30,B_noise,0.15,hard,9,0.6666666666666666
2178,cross,3,30,30,B_noise,0.15,easy,10,0.8333333333333334
2179,cross,3,30,30,B_noise,0.15,neutral,1,0.7666666666666667
2180,cross,3,30,30,B_noise,0.15,hard,9,0.7333333333333333
2181,cross,3,30,30,B_noise,0.15,easy,10,0.8666666666666667
2182,cross,3,30,30,B_noise,0.15,neutral,8,0.6666666666666666
2183,cross,3,30,30,B_noise,0.15,hard,3,0.6666666666666666
2184,cross,3,30,30,B_noise,0.15,easy,5,0.9333333333333333
2185,cross,3,30,30,B_noise,0.15,neutral,6,0.8333333333333334
2186,cross,3,30,30,B_noise,0.15,hard,3,0.7
2187,cross,3,30,30,B_noise,0.15,easy,8,0.7
2188,cross,3,30,30,B_noise,0.15,neutral,1,0.7666666666666667
2189,cross,3,30,30,B_noise,0.15,hard,4,0.6333333333333333
2190,cross,3,30,30,B_noise,0.15,easy,6,0.6666666666666666
2191,cross,3,30,30,B_noise,0.15,neutral,2,0.7666666666666667
2192,cross,3,30,30,B_noise,0.15,hard,7,0.8333333333333334
2193,cross,3,30,30,B_noise,0.15,easy,1,0.8
2194,cross,3,30,30,B_noise,0.15,neutral,3,0.6666666666666666
2195,cross,3,30,30,B_noise,0.15,hard,3,0.7666666666666667
2196,cross,3,30,30,B_noise,0.15,easy,1,0.7666666666666667
2197,cross,3,30,30,B_noise,0.15,neutral,8,0.8666666666666667
2198,cross,3,30,30,B_noise,0.15,hard,3,0.5333333333333333
2199,cross,3,30,30,B_noise,0.15,easy,5,0.8666666666666667
2200,cross,3,100,99,B_noise,0.15,easy,8,0.8282828282828283
2201,cross,3,100,99,B_noise,0.15,neutral,1,0.7878787878787878
2202,cross,3,100,99,B_noise,0.15,hard,7,0.7474747474747475
2203,cross,3,100,99,B_noise,0.15,easy,2,0.7171717171717171
2204,cross,3,100,99,B_noise,0.15,neutral,0,0.8181818181818182
2205,cross,3,100,99,B_noise,0.15,hard,9,0.7676767676767676
2206,cross,3,100,99,B_noise,0.15,easy,10,0.7474747474747475
2207,cross,3,100,99,B_noise,0.15,neutral,4,0.7171717171717171
2208,cross,3,100,99,B_noise,0.15,hard,4,0.7171717171717171
2209,cross,3,100,99,B_noise,0.15,easy,5,0.8181818181818182
2210,cross,3,100,99,B_noise,0.15,neutral,8,0.7878787878787878
2211,cross,3,100,99,B_noise,0.15,hard,0,0.7575757575757576
2212,cross,3,100,99,B_noise,0.15,easy,10,0.696969696969697
2213,cross,3,100,99,B_noise,0.15,neutral,9,0.6868686868686869
2214,cross,3,100,99,B_noise,0.15,hard,4,0.7171717171717171
2215,cross,3,100,99,B_noise,0.15,easy,5,0.8080808080808081
2216,cross,3,100,99,B_noise,0.15,neutral,4,0.7171717171717171
2217,cross,3,100,99,B_noise,0.15,hard,9,0.8181818181818182
2218,cross,3,100,99,B_noise,0.15,easy,2,0.7373737373737373
2219,cross,3,100,99,B_noise,0.15,neutral,5,0.6868686868686869
2220,cross,3,100,99,B_noise,0.15,hard,7,0.7373737373737373
2221,cross,3,100,99,B_noise,0.15,easy,6,0.7171717171717171
2222,cross,3,100,99,B_noise,0.15,neutral,8,0.8484848484848485
2223,cross,3,100,99,B_noise,0.15,hard,7,0.7676767676767676
2224,cross,3,100,99,B_noise,0.15,easy,10,0.7373737373737373
2225,cross,3,100,99,B_noise,0.15,neutral,8,0.7575757575757576
2226,cross,3,100,99,B_noise,0.15,hard,7,0.7676767676767676
2227,cross,3,100,99,B_noise,0.15,easy,6,0.7171717171717171
2228,cross,3,100,99,B_noise,0.15,neutral,1,0.8888888888888888
2229,cross,3,100,99,B_noise,0.15,hard,7,0.7373737373737373
2230,cross,3,100,99,B_noise,0.15,easy,10,0.797979797979798
2231,cross,3,100,99,B_noise,0.15,neutral,3,0.6868686868686869
2232,cross,3,100,99,B_noise,0.15,hard,4,0.7474747474747475
2233,cross,3,100,99,B_noise,0.15,easy,2,0.7676767676767676
2234,cross,3,100,99,B_noise,0.15,neutral,2,0.8181818181818182
2235,cross,3,100,99,B_noise,0.15,hard,4,0.7575757575757576
2236,cross,3,100,99,B_noise,0.15,easy,10,0.7777777777777778
2237,cross,3,100,99,B_noise,0.15,neutral,4,0.7070707070707071
2238,cross,3,100,99,B_noise,0.15,hard,4,0.7777777777777778
2239,cross,3,100,99,B_noise,0.15,easy,6,0.7373737373737373
2240,cross,3,300,300,B_noise,0.15,easy,8,0.83
2241,cross,3,300,300,B_noise,0.15,neutral,7,0.7566666666666667
2242,cross,3,300,300,B_noise,0.15,hard,4,0.7333333333333333
2243,cross,3,300,300,B_noise,0.15,easy,1,0.8
2244,cross,3,300,300,B_noise,0.15,neutral,8,0.7733333333333333
2245,cross,3,300,300,B_noise,0.15,hard,3,0.6966666666666667
2246,cross,3,300,300,B_noise,0.15,easy,6,0.7833333333333333
2247,cross,3,300,300,B_noise,0.15,neutral,2,0.7666666666666667
2248,cross,3,300,300,B_noise,0.15,hard,7,0.7433333333333333
2249,cross,3,300,300,B_noise,0.15,easy,10,0.8066666666666666
2250,cross,3,300,300,B_noise,0.15,neutral,6,0.7733333333333333
2251,cross,3,300,300,B_noise,0.15,hard,3,0.66
2252,cross,3,300,300,B_noise,0.15,easy,5,0.7666666666666667
2253,cross,3,300,300,B_noise,0.15,neutral,7,0.7033333333333334
2254,cross,3,300,300,B_noise,0.15,hard,7,0.7466666666666667
2255,cross,3,300,300,B_noise,0.15,easy,8,0.7633333333333333
2256,cross,3,300,300,B_noise,0.15,neutral,9,0.7666666666666667
2257,cross,3,300,300,B_noise,0.15,hard,9,0.7766666666666666
2258,cross,3,300,300,B_noise,0.15,easy,8,0.8066666666666666
2259,cross,3,300,300,B_noise,0.15,neutral,10,0.79
2260,cross,3,300,300,B_noise,0.15,hard,3,0.6466666666666666
2261,cross,3,300,300,B_noise,0.15,easy,10,0.7633333333333333
2262,cross,3,300,300,B_noise,0.15,neutral,7,0.7066666666666667
2263,cross,3,300,300,B_noise,0.15,hard,3,0.7366666666666667
2264,cross,3,300,300,B_noise,0.15,easy,6,0.7433333333333333
2265,cross,3,300,300,B_noise,0.15,neutral,1,0.7933333333333333
2266,cross,3,300,300,B_noise,0.15,hard,4,0.7733333333333333
2267,cross,3,300,300,B_noise,0.15,easy,8,0.7433333333333333
2268,cross,3,300,300,B_noise,0.15,neutral,2,0.7133333333333334
2269,cross,3,300,300,B_noise,0.15,hard,4,0.7433333333333333
2270,cross,3,300,300,B_noise,0.15,easy,2,0.78
2271,cross,3,300,300,B_noise,0.15,neutral,6,0.7633333333333333
2272,cross,3,300,300,B_noise,0.15,hard,9,0.7433333333333333
2273,cross,3,300,300,B_noise,0.15,easy,1,0.8033333333333333
2274,cross,3,300,300,B_noise,0.15,neutral,8,0.75
2275,cross,3,300,300,B_noise,0.15,hard,3,0.7066666666666667
2276,cross,3,300,300,B_noise,0.15,easy,6,0.7533333333333333
2277,cross,3,300,300,B_noise,0.15,neutral,2,0.75
2278,cross,3,300,300,B_noise,0.15,hard,7,0.77
2279,cross,3,300,300,B_noise,0.15,easy,2,0.7666666666666667
2280,cross,5,30,30,B_noise,0.15,easy,8,0.8666666666666667
2281,cross,5,30,30,B_noise,0.15,neutral,10,0.9
2282,cross,5,30,30,B_noise,0.15,hard,7,0.7333333333333333
2283,cross,5,30,30,B_noise,0.15,easy,5,0.7666666666666667
2284,cross,5,30,30,B_noise,0.15,neutral,1,0.7666666666666667
2285,cross,5,30,30,B_noise,0.15,hard,9,0.8
2286,cross,5,30,30,B_noise,0.15,easy,6,0.8333333333333334
2287,cross,5,30,30,B_noise,0.15,neutral,3,0.8
2288,cross,5,30,30,B_noise,0.15,hard,3,0.6333333333333333
2289,cross,5,30,30,B_noise,0.15,easy,10,0.8666666666666667
2290,cross,5,30,30,B_noise,0.15,neutral,6,0.7
2291,cross,5,30,30,B_noise,0.15,hard,4,0.7333333333333333
2292,cross,5,30,30,B_noise,0.15,easy,8,0.8
2293,cross,5,30,30,B_noise,0.15,neutral,3,0.8666666666666667
2294,cross,5,30,30,B_noise,0.15,hard,4,0.8666666666666667
2295,cross,5,30,30,B_noise,0.15,easy,1,0.8333333333333334
2296,cross,5,30,30,B_noise,0.15,neutral,9,0.7333333333333333
2297,cross,5,30,30,B_noise,0.15,hard,4,0.6666666666666666
2298,cross,5,30,30,B_noise,0.15,easy,1,0.7666666666666667
2299,cross,5,30,30,B_noise,0.15,neutral,8,0.7333333333333333
2300,cross,5,30,30,B_noise,0.15,hard,9,0.7
2301,cross,5,30,30,B_noise,0.15,easy,8,0.8
2302,cross,5,30,30,B_noise,0.15,neutral,8,0.7333333333333333
2303,cross,5,30,30,B_noise,0.15,hard,4,0.6333333333333333
2304,cross,5,30,30,B_noise,0.15,easy,8,0.9
2305,cross,5,30,30,B_noise,0.15,neutral,4,0.7333333333333333
2306,cross,5,30,30,B_noise,0.15,hard,7,0.6333333333333333
2307,cross,5,30,30,B_noise,0.15,easy,8,0.7333333333333333
2308,cross,5,30,30,B_noise,0.15,neutral,0,0.8
2309,cross,5,30,30,B_noise,0.15,hard,0,0.7
2310,cross,5,30,30,B_noise,0.15,easy,5,0.7666666666666667
2311,cross,5,30,30,B_noise,0.15,neutral,1,0.8
2312,cross,5,30,30,B_noise,0.15,hard,0,0.5666666666666667
2313,cross,5,30,30,B_noise,0.15,easy,2,0.7333333333333333
2314,cross,5,30,30,B_noise,0.15,neutral,3,0.8333333333333334
2315,cross,5,30,30,B_noise,0.15,hard,3,0.6333333333333333
2316,cross,5,30,30,B_noise,0.15,easy,1,0.6666666666666666
2317,cross,5,30,30,B_noise,0.15,neutral,6,0.8
2318,cross,5,30,30,B_noise,0.15,hard,0,0.7666666666666667
2319,cross,5,30,30,B_noise,0.15,easy,8,0.7333333333333333
2320,cross,5,100,100,B_noise,0.15,easy,2,0.72
2321,cross,5,100,100,B_noise,0.15,neutral,5,0.78
2322,cross,5,100,100,B_noise,0.15,hard,9,0.8
2323,cross,5,100,100,B_noise,0.15,easy,5,0.76
2324,cross,5,100,100,B_noise,0.15,neutral,0,0.73
2325,cross,5,100,100,B_noise,0.15,hard,3,0.65
2326,cross,5,100,100,B_noise,0.15,easy,10,0.74
2327,cross,5,100,100,B_noise,0.15,neutral,7,0.73
2328,cross,5,100,100,B_noise,0.15,hard,4,0.75
2329,cross,5,100,100,B_noise,0.15,easy,8,0.72
2330,cross,5,100,100,B_noise,0.15,neutral,6,0.68
2331,cross,5,100,100,B_noise,0.15,hard,0,0.76
2332,cross,5,100,100,B_noise,0.15,easy,2,0.71
2333,cross,5,100,100,B_noise,0.15,neutral,2,0.77
2334,cross,5,100,100,B_noise,0.15,hard,0,0.67
2335,cross,5,100,100,B_noise,0.15,easy,1,0.81
2336,cross,5,100,100,B_noise,0.15,neutral,0,0.79
2337,cross,5,100,100,B_noise,0.15,hard,0,0.76
2338,cross,5,100,100,B_noise,0.15,easy,10,0.73
2339,cross,5,100,100,B_noise,0.15,neutral,10,0.8
2340,cross,5,100,100,B_noise,0.15,hard,0,0.77
2341,cross,5,100,100,B_noise,0.15,easy,6,0.77
2342,cross,5,100,100,B_noise,0.15,neutral,0,0.66
2343,cross,5,100,100,B_noise,0.15,hard,0,0.8
2344,cross,5,100,100,B_noise,0.15,easy,6,0.79
2345,cross,5,100,100,B_noise,0.15,neutral,4,0.75
2346,cross,5,100,100,B_noise,0.15,hard,3,0.75
2347,cross,5,100,100,B_noise,0.15,easy,8,0.74
2348,cross,5,100,100,B_noise,0.15,neutral,5,0.76
2349,cross,5,100,100,B_noise,0.15,hard,7,0.78
2350,cross,5,100,100,B_noise,0.15,easy,6,0.88
2351,cross,5,100,100,B_noise,0.15,neutral,10,0.78
2352,cross,5,100,100,B_noise,0.15,hard,9,0.78
2353,cross,5,100,100,B_noise,0.15,easy,1,0.84
2354,cross,5,100,100,B_noise,0.15,neutral,5,0.78
2355,cross,5,100,100,B_noise,0.15,hard,4,0.71
2356,cross,5,100,100,B_noise,0.15,easy,1,0.8
2357,cross,5,100,100,B_noise,0.15,neutral,1,0.8
2358,cross,5,100,100,B_noise,0.15,hard,3,0.74
2359,cross,5,100,100,B_noise,0.15,easy,8,0.78
2360,cross,5,300,300,B_noise,0.15,easy,6,0.6933333333333334
2361,cross,5,300,300,B_noise,0.15,neutral,6,0.7466666666666667
2362,cross,5,300,300,B_noise,0.15,hard,9,0.8166666666666667
2363,cross,5,300,300,B_noise,0.15,easy,2,0.7966666666666666
2364,cross,5,300,300,B_noise,0.15,neutral,10,0.78
2365,cross,5,300,300,B_noise,0.15,hard,0,0.7333333333333333
2366,cross,5,300,300,B_noise,0.15,easy,2,0.71
2367,cross,5,300,300,B_noise,0.15,neutral,9,0.7533333333333333
2368,cross,5,300,300,B_noise,0.15,hard,0,0.7633333333333333
2369,cross,5,300,300,B_noise,0.15,easy,10,0.7166666666666667
2370,cross,5,300,300,B_noise,0.15,neutral,1,0.8
2371,cross,5,300,300,B_noise,0.15,hard,7,0.7266666666666667
2372,cross,5,300,300,B_noise,0.15,easy,6,0.78
2373,cross,5,300,300,B_noise,0.15,neutral,9,0.71
2374,cross,5,300,300,B_noise,0.15,hard,7,0.7466666666666667
2375,cross,5,300,300,B_noise,0.15,easy,1,0.7366666666666667
2376,cross,5,300,300,B_noise,0.15,neutral,0,0.7566666666666667
2377,cross,5,300,300,B_noise,0.15,hard,7,0.71
2378,cross,5,300,300,B_noise,0.15,easy,10,0.74
2379,cross,5,300,300,B_noise,0.15,neutral,10,0.7766666666666666
2380,cross,5,300,300,B_noise,0.15,hard,4,0.7233333333333334
2381,cross,5,300,300,B_noise,0.15,easy,8,0.7466666666666667
2382,cross,5,300,300,B_noise,0.15,neutral,6,0.7366666666666667
2383,cross,5,300,300,B_noise,0.15,hard,9,0.77
2384,cross,5,300,300,B_noise,0.15,easy,6,0.7833333333333333
2385,cross,5,300,300,B_noise,0.15,neutral,5,0.7933333333333333
2386,cross,5,300,300,B_noise,0.15,hard,4,0.7333333333333333
2387,cross,5,300,300,B_noise,0.15,easy,6,0.7566666666666667
2388,cross,5,300,300,B_noise,0.15,neutral,6,0.7966666666666666
2389,cross,5,300,300,B_noise,0.15,hard,4,0.67
2390,cross,5,300,300,B_noise,0.15,easy,2,0.8
2391,cross,5,300,300,B_noise,0.15,neutral,7,0.71
2392,cross,5,300,300,B_noise,0.15,hard,7,0.76
2393,cross,5,300,300,B_noise,0.15,easy,5,0.8
2394,cross,5,300,300,B_noise,0.15,neutral,1,0.78
2395,cross,5,300,300,B_noise,0.15,hard,3,0.6966666666666667
2396,cross,5,300,300,B_noise,0.15,easy,2,0.8
2397,cross,5,300,300,B_noise,0.15,neutral,6,0.7433333333333333
2398,cross,5,300,300,B_noise,0.15,hard,7,0.6833333333333333
2399,cross,5,300,300,B_noise,0.15,easy,2,0.7166666666666667
2400,diversified,1,30,30,B_noise,0.15,easy,6,0.7333333333333333
2401,diversified,1,30,30,B_noise,0.15,neutral,10,0.8333333333333334
2402,diversified,1,30,30,B_noise,0.15,hard,9,0.7666666666666667
2403,diversified,1,30,30,B_noise,0.15,easy,8,0.8333333333333334
2404,diversified,1,30,30,B_noise,0.15,neutral,3,0.8
2405,diversified,1,30,30,B_noise,0.15,hard,7,0.6
2406,diversified,1,30,30,B_noise,0.15,easy,10,0.8
2407,diversified,1,30,30,B_noise,0.15,neutral,1,0.6333333333333333
2408,diversified,1,30,30,B_noise,0.15,hard,4,0.7
2409,diversified,1,30,30,B_noise,0.15,easy,6,0.8
2410,diversified,1,30,30,B_noise,0.15,neutral,1,0.8333333333333334
2411,diversified,1,30,30,B_noise,0.15,hard,7,0.8333333333333334
2412,diversified,1,30,30,B_noise,0.15,easy,5,0.7
2413,diversified,1,30,30,B_noise,0.15,neutral,8,0.7
2414,diversified,1,30,30,B_noise,0.15,hard,9,0.7666666666666667
2415,diversified,1,30,30,B_noise,0.15,easy,5,0.7
2416,diversified,1,30,30,B_noise,0.15,neutral,6,0.7333333333333333
2417,diversified,1,30,30,B_noise,0.15,hard,0,0.7333333333333333
2418,diversified,1,30,30,B_noise,0.15,easy,6,0.8
2419,diversified,1,30,30,B_noise,0.15,neutral,4,0.7
2420,diversified,1,30,30,B_noise,0.15,hard,7,0.8
2421,diversified,1,30,30,B_noise,0.15,easy,1,0.7
2422,diversified,1,30,30,B_noise,0.15,neutral,4,0.8333333333333334
2423,diversified,1,30,30,B_noise,0.15,hard,4,0.7666666666666667
2424,diversified,1,30,30,B_noise,0.15,easy,2,0.9
2425,diversified,1,30,30,B_noise,0.15,neutral,4,0.6666666666666666
2426,diversified,1,30,30,B_noise,0.15,hard,7,0.7333333333333333
2427,diversified,1,30,30,B_noise,0.15,easy,6,0.6666666666666666
2428,diversified,1,30,30,B_noise,0.15,neutral,0,0.8
2429,diversified,1,30,30,B_noise,0.15,hard,3,0.7
2430,diversified,1,30,30,B_noise,0.15,easy,10,0.8333333333333334
2431,diversified,1,30,30,B_noise,0.15,neutral,4,0.6333333333333333
2432,diversified,1,30,30,B_noise,0.15,hard,0,0.8666666666666667
2433,diversified,1,30,30,B_noise,0.15,easy,2,0.7
2434,diversified,1,30,30,B_noise,0.15,neutral,4,0.7
2435,diversified,1,30,30,B_noise,0.15,hard,7,0.7666666666666667
2436,diversified,1,30,30,B_noise,0.15,easy,5,0.5333333333333333
2437,diversified,1,30,30,B_noise,0.15,neutral,2,0.8666666666666667
2438,diversified,1,30,30,B_noise,0.15,hard,9,0.7333333333333333
2439,diversified,1,30,30,B_noise,0.15,easy,1,0.7666666666666667
2440,diversified,1,100,100,B_noise,0.15,easy,10,0.74
2441,diversified,1,100,100,B_noise,0.15,neutral,3,0.71
2442,diversified,1,100,100,B_noise,0.15,hard,3,0.75
2443,diversified,1,100,100,B_noise,0.15,easy,6,0.86
2444,diversified,1,100,100,B_noise,0.15,neutral,6,0.78
2445,diversified,1,100,100,B_noise,0.15,hard,3,0.66
2446,diversified,1,100,100,B_noise,0.15,easy,2,0.83
2447,diversified,1,100,100,B_noise,0.15,neutral,0,0.74
2448,diversified,1,100,100,B_noise,0.15,hard,4,0.64
2449,diversified,1,100,100,B_noise,0.15,easy,5,0.77
2450,diversified,1,100,100,B_noise,0.15,neutral,10,0.74
2451,diversified,1,100,100,B_noise,0.15,hard,4,0.68
2452,diversified,1,100,100,B_noise,0.15,easy,8,0.76
2453,diversified,1,100,100,B_noise,0.15,neutral,0,0.79
2454,diversified,1,100,100,B_noise,0.15,hard,4,0.73
2455,diversified,1,100,100,B_noise,0.15,easy,5,0.83
2456,diversified,1,100,100,B_noise,0.15,neutral,6,0.77
2457,diversified,1,100,100,B_noise,0.15,hard,0,0.76
2458,diversified,1,100,100,B_noise,0.15,easy,6,0.75
2459,diversified,1,100,100,B_noise,0.15,neutral,3,0.75
2460,diversified,1,100,100,B_noise,0.15,hard,0,0.69
2461,diversified,1,100,100,B_noise,0.15,easy,2,0.79
2462,diversified,1,100,100,B_noise,0.15,neutral,9,0.75
2463,diversified,1,100,100,B_noise,0.15,hard,9,0.67
2464,diversified,1,100,100,B_noise,0.15,easy,6,0.71
2465,diversified,1,100,100,B_noise,0.15,neutral,5,0.79
2466,diversified,1,100,100,B_noise,0.15,hard,9,0.81
2467,diversified,1,100,100,B_noise,0.15,easy,5,0.77
2468,diversified,1,100,100,B_noise,0.15,neutral,4,0.75
2469,diversified,1,100,100,B_noise,0.15,hard,7,0.7
2470,diversified,1,100,100,B_noise,0.15,easy,10,0.83
2471,diversified,1,100,100,B_noise,0.15,neutral,9,0.84
2472,diversified,1,100,100,B_noise,0.15,hard,7,0.65
2473,diversified,1,100,100,B_noise,0.15,easy,8,0.75
2474,diversified,1,100,100,B_noise,0.15,neutral,3,0.78
2475,diversified,1,100,100,B_noise,0.15,hard,9,0.8
2476,diversified,1,100,100,B_noise,0.15,easy,10,0.67
2477,diversified,1,100,100,B_noise,0.15,neutral,10,0.69
2478,diversified,1,100,100,B_noise,0.15,hard,0,0.74
2479,diversified,1,100,100,B_noise,0.15,easy,5,0.84
2480,diversified,1,300,300,B_noise,0.15,easy,2,0.78
2481,diversified,1,300,300,B_noise,0.15,neutral,1,0.8233333333333334
2482,diversified,1,300,300,B_noise,0.15,hard,0,0.7866666666666666
2483,diversified,1,300,300,B_noise,0.15,easy,5,0.8066666666666666
2484,diversified,1,300,300,B_noise,0.15,neutral,6,0.79
2485,diversified,1,300,300,B_noise,0.15,hard,0,0.7733333333333333
2486,diversified,1,300,300,B_noise,0.15,easy,2,0.67
2487,diversified,1,300,300,B_noise,0.15,neutral,9,0.7533333333333333
2488,diversified,1,300,300,B_noise,0.15,hard,0,0.6966666666666667
2489,diversified,1,300,300,B_noise,0.15,easy,6,0.75
2490,diversified,1,300,300,B_noise,0.15,neutral,4,0.71
2491,diversified,1,300,300,B_noise,0.15,hard,7,0.7
2492,diversified,1,300,300,B_noise,0.15,easy,2,0.7833333333333333
2493,diversified,1,300,300,B_noise,0.15,neutral,0,0.84
2494,diversified,1,300,300,B_noise,0.15,hard,0,0.73
2495,diversified,1,300,300,B_noise,0.15,easy,2,0.72
2496,diversified,1,300,300,B_noise,0.15,neutral,4,0.7266666666666667
2497,diversified,1,300,300,B_noise,0.15,hard,4,0.78
2498,diversified,1,300,300,B_noise,0.15,easy,8,0.7366666666666667
2499,diversified,1,300,300,B_noise,0.15,neutral,0,0.7233333333333334
2500,diversified,1,300,300,B_noise,0.15,hard,9,0.6766666666666666
2501,diversified,1,300,300,B_noise,0.15,easy,6,0.7366666666666667
2502,diversified,1,300,300,B_noise,0.15,neutral,5,0.77
2503,diversified,1,300,300,B_noise,0.15,hard,9,0.7866666666666666
2504,diversified,1,300,300,B_noise,0.15,easy,6,0.7233333333333334
2505,diversified,1,300,300,B_noise,0.15,neutral,7,0.7866666666666666
2506,diversified,1,300,300,B_noise,0.15,hard,4,0.7533333333333333
2507,diversified,1,300,300,B_noise,0.15,easy,6,0.7866666666666666
2508,diversified,1,300,300,B_noise,0.15,neutral,1,0.7466666666666667
2509,diversified,1,300,300,B_noise,0.15,hard,4,0.7933333333333333
2510,diversified,1,300,300,B_noise,0.15,easy,8,0.76
2511,diversified,1,300,300,B_noise,0.15,neutral,1,0.7766666666666666
2512,diversified,1,300,300,B_noise,0.15,hard,9,0.62
2513,diversified,1,300,300,B_noise,0.15,easy,5,0.7766666666666666
2514,diversified,1,300,300,B_noise,0.15,neutral,3,0.7066666666666667
2515,diversified,1,300,300,B_noise,0.15,hard,0,0.74
2516,diversified,1,300,300,B_noise,0.15,easy,10,0.7166666666666667
2517,diversified,1,300,300,B_noise,0.15,neutral,4,0.7366666666666667
2518,diversified,1,300,300,B_noise,0.15,hard,3,0.6833333333333333
2519,diversified,1,300,300,B_noise,0.15,easy,5,0.7833333333333333
2520,diversified,2,30,30,B_noise,0.15,easy,6,0.8
2521,diversified,2,30,30,B_noise,0.15,neutral,7,0.6333333333333333
2522,diversified,2,30,30,B_noise,0.15,hard,7,0.8666666666666667
2523,diversified,2,30,30,B_noise,0.15,easy,10,0.8
2524,diversified,2,30,30,B_noise,0.15,neutral,0,0.7
2525,diversified,2,30,30,B_noise,0.15,hard,4,0.7666666666666667
2526,diversified,2,30,30,B_noise,0.15,easy,8,0.7333333333333333
2527,diversified,2,30,30,B_noise,0.15,neutral,10,0.7
2528,diversified,2,30,30,B_noise,0.15,hard,9,0.6666666666666666
2529,diversified,2,30,30,B_noise,0.15,easy,2,0.6
2530,diversified,2,30,30,B_noise,0.15,neutral,8,0.9333333333333333
2531,diversified,2,30,30,B_noise,0.15,hard,9,0.9
2532,diversified,2,30,30,B_noise,0.15,easy,6,0.7333333333333333
2533,diversified,2,30,30,B_noise,0.15,neutral,1,0.7333333333333333
2534,diversified,2,30,30,B_noise,0.15,hard,4,0.6333333333333333
2535,diversified,2,30,30,B_noise,0.15,easy,2,0.9
2536,diversified,2,30,30,B_noise,0.15,neutral,6,0.7333333333333333
2537,diversified,2,30,30,B_noise,0.15,hard,0,0.8666666666666667
2538,diversified,2,30,30,B_noise,0.15,easy,5,0.8333333333333334
2539,diversified,2,30,30,B_noise,0.15,neutral,7,0.7333333333333333
2540,diversified,2,30,30,B_noise,0.15,hard,0,0.8666666666666667
2541,diversified,2,30,30,B_noise,0.15,easy,2,0.7333333333333333
2542,diversified,2,30,30,B_noise,0.15,neutral,2,0.7333333333333333
2543,diversified,2,30,30,B_noise,0.15,hard,3,0.7333333333333333
2544,diversified,2,30,30,B_noise,0.15,easy,6,0.8666666666666667
2545,diversified,2,30,30,B_noise,0.15,neutral,9,0.8
2546,diversified,2,30,30,B_noise,0.15,hard,4,0.7333333333333333
2547,diversified,2,30,30,B_noise,0.15,easy,10,0.9333333333333333
2548,diversified,2,30,30,B_noise,0.15,neutral,1,0.7666666666666667
2549,diversified,2,30,30,B_noise,0.15,hard,0,0.8666666666666667
2550,diversified,2,30,30,B_noise,0.15,easy,8,0.6666666666666666
2551,diversified,2,30,30,B_noise,0.15,neutral,2,0.8333333333333334
2552,diversified,2,30,30,B_noise,0.15,hard,0,0.8666666666666667
2553,diversified,2,30,30,B_noise,0.15,easy,10,0.6333333333333333
2554,diversified,2,30,30,B_noise,0.15,neutral,4,0.8
2555,diversified,2,30,30,B_noise,0.15,hard,4,0.7666666666666667
2556,diversified,2,30,30,B_noise,0.15,easy,6,0.8
2557,diversified,2,30,30,B_noise,0.15,neutral,9,0.6
2558,diversified,2,30,30,B_noise,0.15,hard,3,0.7
2559,diversified,2,30,30,B_noise,0.15,easy,8,0.8333333333333334
2560,diversified,2,100,100,B_noise,0.15,easy,2,0.73
2561,diversified,2,100,100,B_noise,0.15,neutral,10,0.79
2562,diversified,2,100,100,B_noise,0.15,hard,4,0.67
2563,diversified,2,100,100,B_noise,0.15,easy,5,0.81
2564,diversified,2,100,100,B_noise,0.15,neutral,4,0.77
2565,diversified,2,100,100,B_noise,0.15,hard,7,0.68
2566,diversified,2,100,100,B_noise,0.15,easy,8,0.78
2567,diversified,2,100,100,B_noise,0.15,neutral,4,0.74
2568,diversified,2,100,100,B_noise,0.15,hard,4,0.73
2569,diversified,2,100,100,B_noise,0.15,easy,8,0.68
2570,diversified,2,100,100,B_noise,0.15,neutral,8,0.79
2571,diversified,2,100,100,B_noise,0.15,hard,7,0.8
2572,diversified,2,100,100,B_noise,0.15,easy,6,0.69
2573,diversified,2,100,100,B_noise,0.15,neutral,8,0.87
2574,diversified,2,100,100,B_noise,0.15,hard,4,0.76
2575,diversified,2,100,100,B_noise,0.15,easy,8,0.72
2576,diversified,2,100,100,B_noise,0.15,neutral,0,0.79
2577,diversified,2,100,100,B_noise,0.15,hard,4,0.78
2578,diversified,2,100,100,B_noise,0.15,easy,8,0.77
2579,diversified,2,100,100,B_noise,0.15,neutral,3,0.72
2580,diversified,2,100,100,B_noise,0.15,hard,7,0.71
2581,diversified,2,100,100,B_noise,0.15,easy,1,0.8
2582,diversified,2,100,100,B_noise,0.15,neutral,1,0.77
2583,diversified,2,100,100,B_noise,0.15,hard,0,0.89
2584,diversified,2,100,100,B_noise,0.15,easy,1,0.82
2585,diversified,2,100,100,B_noise,0.15,neutral,5,0.7
2586,diversified,2,100,100,B_noise,0.15,hard,9,0.82
2587,diversified,2,100,100,B_noise,0.15,easy,8,0.73
2588,diversified,2,100,100,B_noise,0.15,neutral,5,0.87
2589,diversified,2,100,100,B_noise,0.15,hard,3,0.76
2590,diversified,2,100,100,B_noise,0.15,easy,6,0.78
2591,diversified,2,100,100,B_noise,0.15,neutral,8,0.72
2592,diversified,2,100,100,B_noise,0.15,hard,7,0.72
2593,diversified,2,100,100,B_noise,0.15,easy,10,0.79
2594,diversified,2,100,100,B_noise,0.15,neutral,1,0.87
2595,diversified,2,100,100,B_noise,0.15,hard,9,0.75
2596,diversified,2,100,100,B_noise,0.15,easy,6,0.85
2597,diversified,2,100,100,B_noise,0.15,neutral,6,0.7
2598,diversified,2,100,100,B_noise,0.15,hard,7,0.74
2599,diversified,2,100,100,B_noise,0.15,easy,1,0.83
2600,diversified,2,300,300,B_noise,0.15,easy,1,0.7566666666666667
2601,diversified,2,300,300,B_noise,0.15,neutral,1,0.8033333333333333
2602,diversified,2,300,300,B_noise,0.15,hard,3,0.74
2603,diversified,2,300,300,B_noise,0.15,easy,8,0.72
2604,diversified,2,300,300,B_noise,0.15,neutral,4,0.7733333333333333
2605,diversified,2,300,300,B_noise,0.15,hard,0,0.73
2606,diversified,2,300,300,B_noise,0.15,easy,2,0.7666666666666667
2607,diversified,2,300,300,B_noise,0.15,neutral,2,0.7
2608,diversified,2,300,300,B_noise,0.15,hard,7,0.7566666666666667
2609,diversified,2,300,300,B_noise,0.15,easy,1,0.7766666666666666
2610,diversified,2,300,300,B_noise,0.15,neutral,1,0.7466666666666667
2611,diversified,2,300,300,B_noise,0.15,hard,0,0.75
2612,diversified,2,300,300,B_noise,0.15,easy,10,0.7233333333333334
2613,diversified,2,300,300,B_noise,0.15,neutral,6,0.7033333333333334
2614,diversified,2,300,300,B_noise,0.15,hard,4,0.79
2615,diversified,2,300,300,B_noise,0.15,easy,8,0.7066666666666667
2616,diversified,2,300,300,B_noise,0.15,neutral,2,0.7666666666666667
2617,diversified,2,300,300,B_noise,0.15,hard,3,0.7633333333333333
2618,diversified,2,300,300,B_noise,0.15,easy,1,0.7366666666666667
2619,diversified,2,300,300,B_noise,0.15,neutral,3,0.75
2620,diversified,2,300,300,B_noise,0.15,hard,7,0.77
2621,diversified,2,300,300,B_noise,0.15,easy,5,0.7666666666666667
2622,diversified,2,300,300,B_noise,0.15,neutral,3,0.7233333333333334
2623,diversified,2,300,300,B_noise,0.15,hard,9,0.77
2624,diversified,2,300,300,B_noise,0.15,easy,8,0.7233333333333334
2625,diversified,2,300,300,B_noise,0.15,neutral,5,0.71
2626,diversified,2,300,300,B_noise,0.15,hard,7,0.6966666666666667
2627,diversified,2,300,300,B_noise,0.15,easy,6,0.74
2628,diversified,2,300,300,B_noise,0.15,neutral,0,0.75
2629,diversified,2,300,300,B_noise,0.15,hard,4,0.75
2630,diversified,2,300,300,B_noise,0.15,easy,8,0.76
2631,diversified,2,300,300,B_noise,0.15,neutral,9,0.7
2632,diversified,2,300,300,B_noise,0.15,hard,0,0.72
2633,diversified,2,300,300,B_noise,0.15,easy,8,0.7433333333333333
2634,diversified,2,300,300,B_noise,0.15,neutral,5,0.8166666666666667
2635,diversified,2,300,300,B_noise,0.15,hard,0,0.7233333333333334
2636,diversified,2,300,300,B_noise,0.15,easy,2,0.7566666666666667
2637,diversified,2,300,300,B_noise,0.15,neutral,3,0.7
2638,diversified,2,300,300,B_noise,0.15,hard,7,0.7866666666666666
2639,diversified,2,300,300,B_noise,0.15,easy,8,0.7466666666666667
2640,diversified,3,30,30,B_noise,0.15,easy,1,0.7666666666666667
2641,diversified,3,30,30,B_noise,0.15,neutral,3,0.8333333333333334
2642,diversified,3,30,30,B_noise,0.15,hard,9,0.7666666666666667
2643,diversified,3,30,30,B_noise,0.15,easy,5,0.7666666666666667
2644,diversified,3,30,30,B_noise,0.15,neutral,1,0.7
2645,diversified,3,30,30,B_noise,0.15,hard,0,0.7666666666666667
2646,diversified,3,30,30,B_noise,0.15,easy,1,0.7333333333333333
2647,diversified,3,30,30,B_noise,0.15,neutral,6,0.8666666666666667
2648,diversified,3,30,30,B_noise,0.15,hard,9,0.7666666666666667
2649,diversified,3,30,30,B_noise,0.15,easy,10,0.6666666666666666
2650,diversified,3,30,30,B_noise,0.15,neutral,5,0.9
2651,diversified,3,30,30,B_noise,0.15,hard,7,0.8
2652,diversified,3,30,30,B_noise,0.15,easy,2,0.8666666666666667
2653,diversified,3,30,30,B_noise,0.15,neutral,5,0.8333333333333334
2654,diversified,3,30,30,B_noise,0.15,hard,4,0.7333333333333333
2655,diversified,3,30,30,B_noise,0.15,easy,2,0.8
2656,diversified,3,30,30,B_noise,0.15,neutral,5,0.7333333333333333
2657,diversified,3,30,30,B_noise,0.15,hard,7,0.7333333333333333
2658,diversified,3,30,30,B_noise,0.15,easy,10,0.8666666666666667
2659,diversified,3,30,30,B_noise,0.15,neutral,10,0.8333333333333334
2660,diversified,3,30,30,B_noise,0.15,hard,7,0.9333333333333333
2661,diversified,3,30,30,B_noise,0.15,easy,1,0.8333333333333334
2662,diversified,3,30,30,B_noise,0.15,neutral,6,0.6
2663,diversified,3,30,30,B_noise,0.15,hard,7,0.7
2664,diversified,3,30,30,B_noise,0.15,easy,2,0.8
2665,diversified,3,30,30,B_noise,0.15,neutral,4,0.7
2666,diversified,3,30,30,B_noise,0.15,hard,4,0.8333333333333334
2667,diversified,3,30,30,B_noise,0.15,easy,2,0.8666666666666667
2668,diversified,3,30,30,B_noise,0.15,neutral,3,0.6333333333333333
2669,diversified,3,30,30,B_noise,0.15,hard,3,0.8333333333333334
2670,diversified,3,30,30,B_noise,0.15,easy,2,0.7333333333333333
2671,diversified,3,30,30,B_noise,0.15,neutral,3,0.7666666666666667
2672,diversified,3,30,30,B_noise,0.15,hard,0,0.5666666666666667
2673,diversified,3,30,30,B_noise,0.15,easy,8,0.8
2674,diversified,3,30,30,B_noise,0.15,neutral,2,0.7
2675,diversified,3,30,30,B_noise,0.15,hard,7,0.6666666666666666
2676,diversified,3,30,30,B_noise,0.15,easy,6,0.7333333333333333
2677,diversified,3,30,30,B_noise,0.15,neutral,5,0.7666666666666667
2678,diversified,3,30,30,B_noise,0.15,hard,7,0.7666666666666667
2679,diversified,3,30,30,B_noise,0.15,easy,6,0.7
2680,diversified,3,100,99,B_noise,0.15,easy,5,0.696969696969697
2681,diversified,3,100,99,B_noise,0.15,neutral,5,0.8383838383838383
2682,diversified,3,100,99,B_noise,0.15,hard,9,0.7474747474747475
2683,diversified,3,100,99,B_noise,0.15,easy,8,0.7272727272727273
2684,diversified,3,100,99,B_noise,0.15,neutral,4,0.797979797979798
2685,diversified,3,100,99,B_noise,0.15,hard,4,0.8080808080808081
2686,diversified,3,100,99,B_noise,0.15,easy,6,0.6868686868686869
2687,diversified,3,100,99,B_noise,0.15,neutral,10,0.7676767676767676
2688,diversified,3,100,99,B_noise,0.15,hard,7,0.8585858585858586
2689,diversified,3,100,99,B_noise,0.15,easy,1,0.7777777777777778
2690,diversified,3,100,99,B_noise,0.15,neutral,9,0.6363636363636364
2691,diversified,3,100,99,B_noise,0.15,hard,0,0.7272727272727273
2692,diversified,3,100,99,B_noise,0.15,easy,10,0.7575757575757576
2693,diversified,3,100,99,B_noise,0.15,neutral,9,0.8686868686868687
2694,diversified,3,100,99,B_noise,0.15,hard,3,0.7373737373737373
2695,diversified,3,100,99,B_noise,0.15,easy,1,0.7474747474747475
2696,diversified,3,100,99,B_noise,0.15,neutral,7,0.8181818181818182
2697,diversified,3,100,99,B_noise,0.15,hard,4,0.7070707070707071
2698,diversified,3,100,99,B_noise,0.15,easy,6,0.797979797979798
2699,diversified,3,100,99,B_noise,0.15,neutral,10,0.8585858585858586
2700,diversified,3,100,99,B_noise,0.15,hard,4,0.7070707070707071
2701,diversified,3,100,99,B_noise,0.15,easy,1,0.797979797979798
2702,diversified,3,100,99,B_noise,0.15,neutral,1,0.6262626262626263
2703,diversified,3,100,99,B_noise,0.15,hard,7,0.5959595959595959
2704,diversified,3,100,99,B_noise,0.15,easy,2,0.7070707070707071
2705,diversified,3,100,99,B_noise,0.15,neutral,10,0.7070707070707071
2706,diversified,3,100,99,B_noise,0.15,hard,4,0.8080808080808081
2707,diversified,3,100,99,B_noise,0.15,easy,2,0.8484848484848485
2708,diversified,3,100,99,B_noise,0.15,neutral,1,0.7575757575757576
2709,diversified,3,100,99,B_noise,0.15,hard,4,0.7878787878787878
2710,diversified,3,100,99,B_noise,0.15,easy,5,0.7272727272727273
2711,diversified,3,100,99,B_noise,0.15,neutral,3,0.6464646464646465
2712,diversified,3,100,99,B_noise,0.15,hard,4,0.7676767676767676
2713,diversified,3,100,99,B_noise,0.15,easy,8,0.7171717171717171
2714,diversified,3,100,99,B_noise,0.15,neutral,9,0.7474747474747475
2715,diversified,3,100,99,B_noise,0.15,hard,7,0.7474747474747475
2716,diversified,3,100,99,B_noise,0.15,easy,2,0.8181818181818182
2717,diversified,3,100,99,B_noise,0.15,neutral,2,0.8080808080808081
2718,diversified,3,100,99,B_noise,0.15,hard,0,0.7575757575757576
2719,diversified,3,100,99,B_noise,0.15,easy,2,0.7676767676767676
2720,diversified,3,300,300,B_noise,0.15,easy,8,0.77
2721,diversified,3,300,300,B_noise,0.15,neutral,9,0.6966666666666667
2722,diversified,3,300,300,B_noise,0.15,hard,9,0.7433333333333333
2723,diversified,3,300,300,B_noise,0.15,easy,6,0.7566666666666667
2724,diversified,3,300,300,B_noise,0.15,neutral,2,0.73
2725,diversified,3,300,300,B_noise,0.15,hard,9,0.76
2726,diversified,3,300,300,B_noise,0.15,easy,8,0.7866666666666666
2727,diversified,3,300,300,B_noise,0.15,neutral,9,0.7533333333333333
2728,diversified,3,300,300,B_noise,0.15,hard,0,0.7633333333333333
2729,diversified,3,300,300,B_noise,0.15,easy,8,0.7833333333333333
2730,diversified,3,300,300,B_noise,0.15,neutral,7,0.8
2731,diversified,3,300,300,B_noise,0.15,hard,0,0.7133333333333334
2732,diversified,3,300,300,B_noise,0.15,easy,2,0.6966666666666667
2733,diversified,3,300,300,B_noise,0.15,neutral,7,0.74
2734,diversified,3,300,300,B_noise,0.15,hard,9,0.7533333333333333
2735,diversified,3,300,300,B_noise,0.15,easy,1,0.7766666666666666
2736,diversified,3,300,300,B_noise,0.15,neutral,7,0.7666666666666667
2737,diversified,3,300,300,B_noise,0.15,hard,0,0.7533333333333333
2738,diversified,3,300,300,B_noise,0.15,easy,5,0.7766666666666666
2739,diversified,3,300,300,B_noise,0.15,neutral,6,0.73
2740,diversified,3,300,300,B_noise,0.15,hard,7,0.7
2741,diversified,3,300,300,B_noise,0.15,easy,10,0.75
2742,diversified,3,300,300,B_noise,0.15,neutral,7,0.79
2743,diversified,3,300,300,B_noise,0.15,hard,3,0.7166666666666667
2744,diversified,3,300,300,B_noise,0.15,easy,1,0.8333333333333334
2745,diversified,3,300,300,B_noise,0.15,neutral,4,0.72
2746,diversified,3,300,300,B_noise,0.15,hard,9,0.7766666666666666
2747,diversified,3,300,300,B_noise,0.15,easy,6,0.7366666666666667
2748,diversified,3,300,300,B_noise,0.15,neutral,5,0.7533333333333333
2749,diversified,3,300,300,B_noise,0.15,hard,4,0.77
2750,diversified,3,300,300,B_noise,0.15,easy,1,0.7666666666666667
2751,diversified,3,300,300,B_noise,0.15,neutral,10,0.74
2752,diversified,3,300,300,B_noise,0.15,hard,7,0.7733333333333333
2753,diversified,3,300,300,B_noise,0.15,easy,5,0.74
2754,diversified,3,300,300,B_noise,0.15,neutral,6,0.8033333333333333
2755,diversified,3,300,300,B_noise,0.15,hard,7,0.7366666666666667
2756,diversified,3,300,300,B_noise,0.15,easy,2,0.82
2757,diversified,3,300,300,B_noise,0.15,neutral,2,0.7866666666666666
2758,diversified,3,300,300,B_noise,0.15,hard,9,0.7833333333333333
2759,diversified,3,300,300,B_noise,0.15,easy,10,0.7566666666666667
2760,diversified,5,30,30,B_noise,0.15,easy,5,0.7
2761,diversified,5,30,30,B_noise,0.15,neutral,5,0.7333333333333333
2762,diversified,5,30,30,B_noise,0.15,hard,3,0.8
2763,diversified,5,30,30,B_noise,0.15,easy,6,0.6666666666666666
2764,diversified,5,30,30,B_noise,0.15,neutral,1,0.8
2765,diversified,5,30,30,B_noise,0.15,hard,7,0.7666666666666667
2766,diversified,5,30,30,B_noise,0.15,easy,5,0.8666666666666667
2767,diversified,5,30,30,B_noise,0.15,neutral,9,0.8
2768,diversified,5,30,30,B_noise,0.15,hard,4,0.8666666666666667
2769,diversified,5,30,30,B_noise,0.15,easy,6,0.8
2770,diversified,5,30,30,B_noise,0.15,neutral,9,0.8333333333333334
2771,diversified,5,30,30,B_noise,0.15,hard,4,0.8333333333333334
2772,diversified,5,30,30,B_noise,0.15,easy,6,0.7666666666666667
2773,diversified,5,30,30,B_noise,0.15,neutral,7,0.6333333333333333
2774,diversified,5,30,30,B_noise,0.15,hard,0,0.8
2775,diversified,5,30,30,B_noise,0.15,easy,6,0.8
2776,diversified,5,30,30,B_noise,0.15,neutral,3,0.8
2777,diversified,5,30,30,B_noise,0.15,hard,3,0.8333333333333334
2778,diversified,5,30,30,B_noise,0.15,easy,2,0.8
2779,diversified,5,30,30,B_noise,0.15,neutral,3,0.9
2780,diversified,5,30,30,B_noise,0.15,hard,3,0.8
2781,diversified,5,30,30,B_noise,0.15,easy,5,0.8
2782,diversified,5,30,30,B_noise,0.15,neutral,4,0.8333333333333334
2783,diversified,5,30,30,B_noise,0.15,hard,0,0.7666666666666667
2784,diversified,5,30,30,B_noise,0.15,easy,5,0.8666666666666667
2785,diversified,5,30,30,B_noise,0.15,neutral,5,0.8
2786,diversified,5,30,30,B_noise,0.15,hard,9,0.8
2787,diversified,5,30,30,B_noise,0.15,easy,10,0.5666666666666667
2788,diversified,5,30,30,B_noise,0.15,neutral,7,0.8
2789,diversified,5,30,30,B_noise,0.15,hard,3,0.7333333333333333
2790,diversified,5,30,30,B_noise,0.15,easy,10,0.8
2791,diversified,5,30,30,B_noise,0.15,neutral,2,0.8333333333333334
2792,diversified,5,30,30,B_noise,0.15,hard,4,0.8333333333333334
2793,diversified,5,30,30,B_noise,0.15,easy,2,0.7
2794,diversified,5,30,30,B_noise,0.15,neutral,1,0.7
2795,diversified,5,30,30,B_noise,0.15,hard,0,0.7
2796,diversified,5,30,30,B_noise,0.15,easy,10,0.8333333333333334
2797,diversified,5,30,30,B_noise,0.15,neutral,7,0.7666666666666667
2798,diversified,5,30,30,B_noise,0.15,hard,0,0.7666666666666667
2799,diversified,5,30,30,B_noise,0.15,easy,8,0.8333333333333334
2800,diversified,5,100,100,B_noise,0.15,easy,2,0.75
2801,diversified,5,100,100,B_noise,0.15,neutral,9,0.83
2802,diversified,5,100,100,B_noise,0.15,hard,9,0.77
2803,diversified,5,100,100,B_noise,0.15,easy,10,0.72
2804,diversified,5,100,100,B_noise,0.15,neutral,1,0.81
2805,diversified,5,100,100,B_noise,0.15,hard,4,0.71
2806,diversified,5,100,100,B_noise,0.15,easy,2,0.67
2807,diversified,5,100,100,B_noise,0.15,neutral,10,0.82
2808,diversified,5,100,100,B_noise,0.15,hard,0,0.69
2809,diversified,5,100,100,B_noise,0.15,easy,1,0.78
2810,diversified,5,100,100,B_noise,0.15,neutral,6,0.71
2811,diversified,5,100,100,B_noise,0.15,hard,0,0.74
2812,diversified,5,100,100,B_noise,0.15,easy,6,0.77
2813,diversified,5,100,100,B_noise,0.15,neutral,10,0.75
2814,diversified,5,100,100,B_noise,0.15,hard,7,0.72
2815,diversified,5,100,100,B_noise,0.15,easy,1,0.84
2816,diversified,5,100,100,B_noise,0.15,neutral,4,0.76
2817,diversified,5,100,100,B_noise,0.15,hard,3,0.78
2818,diversified,5,100,100,B_noise,0.15,easy,8,0.7
2819,diversified,5,100,100,B_noise,0.15,neutral,4,0.78
2820,diversified,5,100,100,B_noise,0.15,hard,0,0.72
2821,diversified,5,100,100,B_noise,0.15,easy,10,0.76
2822,diversified,5,100,100,B_noise,0.15,neutral,4,0.8
2823,diversified,5,100,100,B_noise,0.15,hard,3,0.68
2824,diversified,5,100,100,B_noise,0.15,easy,8,0.8
2825,diversified,5,100,100,B_noise,0.15,neutral,1,0.81
2826,diversified,5,100,100,B_noise,0.15,hard,4,0.71
2827,diversified,5,100,100,B_noise,0.15,easy,1,0.8
2828,diversified,5,100,100,B_noise,0.15,neutral,3,0.84
2829,diversified,5,100,100,B_noise,0.15,hard,7,0.73
2830,diversified,5,100,100,B_noise,0.15,easy,8,0.75
2831,diversified,5,100,100,B_noise,0.15,neutral,10,0.77
2832,diversified,5,100,100,B_noise,0.15,hard,7,0.73
2833,diversified,5,100,100,B_noise,0.15,easy,1,0.72
2834,diversified,5,100,100,B_noise,0.15,neutral,10,0.75
2835,diversified,5,100,100,B_noise,0.15,hard,0,0.79
2836,diversified,5,100,100,B_noise,0.15,easy,8,0.79
2837,diversified,5,100,100,B_noise,0.15,neutral,2,0.74
2838,diversified,5,100,100,B_noise,0.15,hard,7,0.72
2839,diversified,5,100,100,B_noise,0.15,easy,10,0.79
2840,diversified,5,300,300,B_noise,0.15,easy,10,0.7466666666666667
2841,diversified,5,300,300,B_noise,0.15,neutral,2,0.8166666666666667
2842,diversified,5,300,300,B_noise,0.15,hard,7,0.74
2843,diversified,5,300,300,B_noise,0.15,easy,5,0.7766666666666666
2844,diversified,5,300,300,B_noise,0.15,neutral,6,0.7066666666666667
2845,diversified,5,300,300,B_noise,0.15,hard,4,0.75
2846,diversified,5,300,300,B_noise,0.15,easy,2,0.6466666666666666
2847,diversified,5,300,300,B_noise,0.15,neutral,2,0.74
2848,diversified,5,300,300,B_noise,0.15,hard,3,0.73
2849,diversified,5,300,300,B_noise,0.15,easy,6,0.71
2850,diversified,5,300,300,B_noise,0.15,neutral,5,0.7533333333333333
2851,diversified,5,300,300,B_noise,0.15,hard,0,0.7966666666666666
2852,diversified,5,300,300,B_noise,0.15,easy,1,0.7866666666666666
2853,diversified,5,300,300,B_noise,0.15,neutral,6,0.7733333333333333
2854,diversified,5,300,300,B_noise,0.15,hard,3,0.72
2855,diversified,5,300,300,B_noise,0.15,easy,10,0.69
2856,diversified,5,300,300,B_noise,0.15,neutral,10,0.77
2857,diversified,5,300,300,B_noise,0.15,hard,9,0.76
2858,diversified,5,300,300,B_noise,0.15,easy,1,0.75
2859,diversified,5,300,300,B_noise,0.15,neutral,5,0.7133333333333334
2860,diversified,5,300,300,B_noise,0.15,hard,3,0.7133333333333334
2861,diversified,5,300,300,B_noise,0.15,easy,6,0.7866666666666666
2862,diversified,5,300,300,B_noise,0.15,neutral,6,0.73
2863,diversified,5,300,300,B_noise,0.15,hard,9,0.72
2864,diversified,5,300,300,B_noise,0.15,easy,2,0.7666666666666667
2865,diversified,5,300,300,B_noise,0.15,neutral,4,0.7466666666666667
2866,diversified,5,300,300,B_noise,0.15,hard,3,0.7333333333333333
2867,diversified,5,300,300,B_noise,0.15,easy,1,0.79
2868,diversified,5,300,300,B_noise,0.15,neutral,1,0.7266666666666667
2869,diversified,5,300,300,B_noise,0.15,hard,7,0.7566666666666667
2870,diversified,5,300,300,B_noise,0.15,easy,6,0.7366666666666667
2871,diversified,5,300,300,B_noise,0.15,neutral,5,0.7466666666666667
2872,diversified,5,300,300,B_noise,0.15,hard,7,0.7566666666666667
2873,diversified,5,300,300,B_noise,0.15,easy,8,0.7933333333333333
2874,diversified,5,300,300,B_noise,0.15,neutral,5,0.77
2875,diversified,5,300,300,B_noise,0.15,hard,7,0.7233333333333334
2876,diversified,5,300,300,B_noise,0.15,easy,2,0.8066666666666666
2877,diversified,5,300,300,B_noise,0.15,neutral,10,0.73
2878,diversified,5,300,300,B_noise,0.15,hard,4,0.7
2879,diversified,5,300,300,B_noise,0.15,easy,5,0.8333333333333334
